t0,t1,x,y,rx_from_center,ry_from_center,r_from_center_px,theta_deg,dx,dy,speed_px,radial_component,radiality,radial_aligned,direction_label,sector,corr
0,15,540,80,-14.799999999999955,-217.75,218.2523825757694,-93.8882909927584,0,1,1.0,-0.9976981576565609,0.9976981576565609,True,inward,left_upper,0.9885079264640808
0,15,550,90,-4.7999999999999545,-207.75,207.80544386516922,-91.32356591909029,0,1,1.0,-0.9997331933940807,0.9997331933940807,True,inward,left_upper,0.9887139797210693
0,15,840,90,285.20000000000005,-207.75,352.84430348242836,-36.07094930502791,5,-8,9.433981132056603,8.75173545250046,0.927682102602699,True,outward,right_upper,0.6499145030975342
0,15,550,110,-4.7999999999999545,-187.75,187.8113481661851,-91.46449984586806,0,1,1.0,-0.9996733521867336,0.9996733521867336,True,inward,left_upper,0.9855437278747559
0,15,600,110,45.200000000000045,-187.75,193.11422138206186,-76.46387654506796,2,-2,2.8284271247461903,2.412561833435624,0.8529694162270898,True,outward,right_upper,0.6851060390472412
0,15,990,170,435.20000000000005,-127.75,453.5626775871225,-16.359242648880986,4,0,4.0,3.8380583015797614,0.9595145753949403,True,outward,right_upper,0.6105413436889648
0,15,980,180,425.20000000000005,-117.75,441.20301732875765,-15.478926978891494,4,-1,4.123105625617661,4.121798647276538,0.9996830111911269,True,outward,right_upper,0.7533867359161377
0,15,770,360,215.20000000000005,62.25,224.0225490882559,16.133348148681524,-8,-8,11.313708498984761,-9.907931183862956,0.8757456659548942,True,inward,right_middle,0.7323934435844421
0,15,1000,360,445.20000000000005,62.25,449.53098057864713,7.9597647827904945,7,-2,7.280109889280518,6.655603571857839,0.9142174600493017,True,outward,right_middle,0.6398832201957703
0,15,1010,400,455.20000000000005,102.25,466.54271240691355,12.660015121253961,-3,1,3.1622776601683795,-2.7078978331529906,0.8563124823798063,True,inward,right_middle,0.7938264608383179
0,15,670,450,115.20000000000005,152.25,190.92171825122466,52.887019895772745,0,3,3.0,2.392341762810791,0.7974472542702636,True,outward,right_lower,0.6029043197631836
0,15,170,470,-384.79999999999995,172.25,421.5935275831449,155.8850335751538,-1,1,1.4142135623730951,1.321296375666348,0.9342976271908826,True,outward,left_lower,0.6515329480171204
0,15,130,540,-424.79999999999995,242.25,489.01953181851536,150.30525576714402,-1,0,1.0,0.8686769594259304,0.8686769594259304,True,outward,left_lower,0.7861250042915344
15,30,310,20,-244.79999999999995,-277.75,370.2324978982801,-131.39192470497517,-2,-1,2.23606797749979,2.0726165432695924,0.9269022964082886,True,outward,left_upper,0.840567946434021
15,30,540,20,-14.799999999999955,-277.75,278.14403193309755,-93.05013983670415,0,8,8.0,-7.988666823289818,0.9985833529112272,True,inward,left_upper,0.9166736006736755
15,30,550,20,-4.7999999999999545,-277.75,277.7914730512799,-90.9900715305399,0,8,8.0,-7.998805635008897,0.9998507043761121,True,inward,left_upper,0.9073260426521301
15,30,560,20,5.2000000000000455,-277.75,277.7986726030202,-88.92744104105485,0,8,8.0,-7.998598334468221,0.9998247918085277,True,inward,right_upper,0.917842447757721
15,30,540,30,-14.799999999999955,-267.75,268.1587263170826,-93.16383001636795,0,8,8.0,-7.987806436204525,0.9984758045255656,True,inward,left_upper,0.921521782875061
15,30,550,30,-4.7999999999999545,-267.75,267.79302175374175,-91.02704121410923,0,8,8.0,-7.99871477595764,0.999839346994705,True,inward,left_upper,0.9055878520011902
15,30,560,30,5.2000000000000455,-267.75,267.80049010410715,-88.88739270489401,-1,-8,8.06225774829855,7.979074269689804,0.9896823593085572,True,outward,right_upper,0.9083544611930847
15,30,540,40,-14.799999999999955,-257.75,258.1745581965814,-93.28631399975535,0,8,8.0,-7.986844305665219,0.9983555382081524,True,inward,left_upper,0.9218793511390686
15,30,550,40,-4.7999999999999545,-257.75,257.79469059699426,-91.06687858604278,0,8,8.0,-7.9986131414300035,0.9998266426787504,True,inward,left_upper,0.8920672535896301
15,30,560,40,5.2000000000000455,-257.75,257.8024485919402,-88.84423805360119,-1,-8,8.06225774829855,7.978201957482504,0.9895741622954458,True,outward,right_upper,0.9052407741546631
15,30,540,50,-14.799999999999955,-247.75,248.19166484795576,-93.41865185721998,0,8,8.0,-7.985763749214501,0.9982204686518126,True,inward,left_upper,0.9259628057479858
15,30,550,50,-4.7999999999999545,-247.75,247.79649412370628,-91.10993073006469,0,8,8.0,-7.998498957820345,0.9998123697275432,True,inward,left_upper,0.8906188011169434
15,30,560,50,5.2000000000000455,-247.75,247.80456513147615,-88.79760115268768,-1,-8,8.06225774829855,7.9772541678204405,0.9894566034562654,True,outward,right_upper,0.8914221525192261
15,30,540,60,-14.799999999999955,-237.75,238.21020654035797,-93.56208094737228,0,8,8.0,-7.984544523190949,0.9980680653988686,True,inward,left_upper,0.9257919788360596
15,30,550,60,-4.7999999999999545,-237.75,237.79844932210975,-91.15660308794732,0,8,8.0,-7.998370071049736,0.999796258881217,True,inward,left_upper,0.8996864557266235
15,30,560,60,5.2000000000000455,-237.75,237.8068596571596,-88.74704286559611,-1,-8,8.06225774829855,7.976220714299708,0.989328419323111,True,outward,right_upper,0.8988219499588013
15,30,140,70,-414.79999999999995,-227.75,473.2114775657919,-151.230581746208,-4,-6,7.211102550927978,6.393970018572359,0.88668410599008,True,outward,left_upper,0.6916288733482361
15,30,540,70,-14.799999999999955,-227.75,228.23037155470786,-93.71805454202563,0,8,8.0,-7.983161871001284,0.9978952338751605,True,inward,left_upper,0.9291332364082336
15,30,550,70,-4.7999999999999545,-227.75,227.80057616257253,-91.20737226107681,0,8,8.0,-7.99822384426152,0.99977798053269,True,inward,left_upper,0.9105227589607239
15,30,560,70,5.2000000000000455,-227.75,227.80935560244228,-88.69204699147441,0,8,8.0,-7.997915604395252,0.9997394505494065,True,inward,right_upper,0.9054943323135376
15,30,540,80,-14.799999999999955,-217.75,218.2523825757694,-93.8882909927584,0,8,8.0,-7.981585261252487,0.9976981576565609,True,inward,left_upper,0.9382756948471069
15,30,550,80,-4.7999999999999545,-217.75,217.80289828190993,-91.26280233589301,0,8,8.0,-7.998057021928461,0.9997571277410576,True,inward,left_upper,0.9219610095024109
15,30,560,80,5.2000000000000455,-217.75,217.81208070260934,-88.63200258777364,0,8,8.0,-7.997719843549207,0.9997149804436509,True,inward,right_upper,0.9106555581092834
15,30,540,90,-14.799999999999955,-207.75,208.27650491594102,-94.07483694952286,0,3,3.0,-2.992416260545276,0.9974720868484254,True,inward,left_upper,0.9349414110183716
15,30,550,90,-4.7999999999999545,-207.75,207.80544386516922,-91.32356591909029,0,8,8.0,-7.997865547152646,0.9997331933940807,True,inward,left_upper,0.9184330701828003
15,30,560,90,5.2000000000000455,-207.75,207.81506802924565,-88.56618119402542,0,8,8.0,-7.997495156444132,0.9996868945555165,True,inward,right_upper,0.9133498668670654
15,30,540,100,-14.799999999999955,-197.75,198.30305721294366,-94.28014954175754,0,5,5.0,-4.986055252482825,0.997211050496565,True,inward,left_upper,0.9422023296356201
15,30,550,100,-4.7999999999999545,-197.75,197.80824679471783,-91.3904715475041,0,8,8.0,-7.99764431278628,0.999705539098285,True,inward,left_upper,0.9254895448684692
15,30,560,100,5.2000000000000455,-197.75,197.818357338241,-88.49370715476223,0,8,8.0,-7.997235551273976,0.999654443909247,True,inward,right_upper,0.9213411808013916
15,30,540,110,-14.799999999999955,-187.75,188.33242551403623,-94.50720449216269,0,5,5.0,-4.984537301199022,0.9969074602398044,True,inward,left_upper,0.9394811391830444
15,30,550,110,-4.7999999999999545,-187.75,187.8113481661851,-91.46449984586806,0,5,5.0,-4.998366760933668,0.9996733521867336,True,inward,left_upper,0.9165633916854858
15,30,560,110,5.2000000000000455,-187.75,187.82199684807955,-88.41351847317469,0,5,5.0,-4.998083375502131,0.9996166751004262,True,inward,right_upper,0.9075289368629456
15,30,720,170,165.20000000000005,-127.75,208.8327141517823,-37.71496351582341,-4,3,5.0,-4.999456163947432,0.9998912327894864,True,inward,right_upper,0.7413637042045593
15,30,1050,200,495.20000000000005,-97.75,504.75548783544696,-11.166345488413036,-7,-2,7.280109889280518,-6.480167286593884,0.8901194329683819,True,inward,right_upper,0.7534924745559692
15,30,700,230,145.20000000000005,-67.75,160.22828245974557,-25.013653072060688,4,-5,6.4031242374328485,5.738999294528544,0.8962811093025791,True,outward,right_middle,0.7473011016845703
15,30,230,350,-324.79999999999995,52.25,328.97583877847313,170.86122564261876,2,0,2.0,-1.974613097460418,0.987306548730209,True,inward,left_middle,0.7318827509880066
15,30,220,480,-334.79999999999995,182.25,381.1903756654934,151.43812351587306,-6,8,10.0,9.09466823223844,0.9094668232238441,True,outward,left_lower,0.669814944267273
30,45,1020,20,465.20000000000005,-277.75,541.8081786942681,-30.83952594740188,-6,3,6.708203932499369,-6.689544644259066,0.9972184375388613,True,inward,right_upper,0.6502565741539001
30,45,1030,20,475.20000000000005,-277.75,550.4181160717733,-30.30589046018609,-8,2,8.246211251235321,-7.915982182955338,0.9599538432597742,True,inward,right_upper,0.6647368669509888
30,45,320,30,-234.79999999999995,-267.75,356.11950592462637,-131.24873618370597,2,1,2.23606797749979,-2.0705128130669204,0.9259614796603897,True,inward,left_upper,0.628285825252533
30,45,540,40,-14.799999999999955,-257.75,258.1745581965814,-93.28631399975535,0,-8,8.0,7.986844305665219,0.9983555382081524,True,outward,left_upper,0.9585920572280884
30,45,550,40,-4.7999999999999545,-257.75,257.79469059699426,-91.06687858604278,0,-8,8.0,7.9986131414300035,0.9998266426787504,True,outward,left_upper,0.9655340909957886
30,45,560,40,5.2000000000000455,-257.75,257.8024485919402,-88.84423805360119,0,-3,3.0,2.9993896653166794,0.9997965551055598,True,outward,right_upper,0.9755522608757019
30,45,700,40,145.20000000000005,-257.75,295.8345863823228,-60.60584842879129,3,-3,4.242640687119285,4.086236213225383,0.9631351119672358,True,outward,right_upper,0.5968316197395325
30,45,540,50,-14.799999999999955,-247.75,248.19166484795576,-93.41865185721998,0,-7,7.0,6.987543280562688,0.9982204686518126,True,outward,left_upper,0.9611806273460388
30,45,550,50,-4.7999999999999545,-247.75,247.79649412370628,-91.10993073006469,0,-8,8.0,7.998498957820345,0.9998123697275432,True,outward,left_upper,0.9657716751098633
30,45,980,50,425.20000000000005,-247.75,492.1128960919436,-30.227942852092482,3,-2,3.605551275463989,3.5989709151395575,0.9981749364184025,True,outward,right_upper,0.7845754027366638
30,45,540,60,-14.799999999999955,-237.75,238.21020654035797,-93.56208094737228,0,-7,7.0,6.98647645779208,0.9980680653988686,True,outward,left_upper,0.9586728811264038
30,45,550,60,-4.7999999999999545,-237.75,237.79844932210975,-91.15660308794732,0,-8,8.0,7.998370071049736,0.999796258881217,True,outward,left_upper,0.9631068706512451
30,45,560,60,5.2000000000000455,-237.75,237.8068596571596,-88.74704286559611,0,-7,7.0,6.998326298910422,0.999760899844346,True,outward,right_upper,0.9732075929641724
30,45,140,70,-414.79999999999995,-227.75,473.2114775657919,-151.230581746208,-4,-6,7.211102550927978,6.393970018572359,0.88668410599008,True,outward,left_upper,0.6402952075004578
30,45,540,70,-14.799999999999955,-227.75,228.23037155470786,-93.71805454202563,0,-8,8.0,7.983161871001284,0.9978952338751605,True,outward,left_upper,0.9534812569618225
30,45,550,70,-4.7999999999999545,-227.75,227.80057616257253,-91.20737226107681,0,-8,8.0,7.99822384426152,0.99977798053269,True,outward,left_upper,0.9639444947242737
30,45,560,70,5.2000000000000455,-227.75,227.80935560244228,-88.69204699147441,0,-8,8.0,7.997915604395252,0.9997394505494065,True,outward,right_upper,0.9772869348526001
30,45,1000,70,445.20000000000005,-227.75,500.0730971568057,-27.09282458642384,6,-7,9.219544457292887,8.52965301323239,0.9251707665973912,True,outward,right_upper,0.6575144529342651
30,45,1010,70,455.20000000000005,-227.75,508.99617140013936,-26.580153521633495,5,-7,8.602325267042627,7.6036917711065914,0.8839112141269505,True,outward,right_upper,0.7674524188041687
30,45,1030,70,475.20000000000005,-227.75,526.9583498721697,-25.607090239900813,6,-7,9.219544457292887,8.436055716886134,0.9150187144239004,True,outward,right_upper,0.6547045707702637
30,45,540,80,-14.799999999999955,-217.75,218.2523825757694,-93.8882909927584,0,-8,8.0,7.981585261252487,0.9976981576565609,True,outward,left_upper,0.9458976984024048
30,45,550,80,-4.7999999999999545,-217.75,217.80289828190993,-91.26280233589301,0,-8,8.0,7.998057021928461,0.9997571277410576,True,outward,left_upper,0.9597782492637634
30,45,560,80,5.2000000000000455,-217.75,217.81208070260934,-88.63200258777364,0,-8,8.0,7.997719843549207,0.9997149804436509,True,outward,right_upper,0.972881019115448
30,45,1040,80,485.20000000000005,-217.75,531.8214949585998,-24.169780258038173,5,-8,9.433981132056603,7.837216132688398,0.8307432485801346,True,outward,right_upper,0.7042922973632812
30,45,540,90,-14.799999999999955,-207.75,208.27650491594102,-94.07483694952286,0,-8,8.0,7.979776694787402,0.9974720868484253,True,outward,left_upper,0.9467841982841492
30,45,550,90,-4.7999999999999545,-207.75,207.80544386516922,-91.32356591909029,0,-8,8.0,7.997865547152646,0.9997331933940807,True,outward,left_upper,0.9580170512199402
30,45,560,90,5.2000000000000455,-207.75,207.81506802924565,-88.56618119402542,0,-8,8.0,7.997495156444132,0.9996868945555165,True,outward,right_upper,0.9699768424034119
30,45,540,100,-14.799999999999955,-197.75,198.30305721294366,-94.28014954175754,0,-8,8.0,7.977688403972521,0.9972110504965651,True,outward,left_upper,0.9425696134567261
30,45,550,100,-4.7999999999999545,-197.75,197.80824679471783,-91.3904715475041,0,-8,8.0,7.99764431278628,0.999705539098285,True,outward,left_upper,0.9520890116691589
30,45,560,100,5.2000000000000455,-197.75,197.818357338241,-88.49370715476223,0,-8,8.0,7.997235551273976,0.999654443909247,True,outward,right_upper,0.9700093269348145
30,45,540,110,-14.799999999999955,-187.75,188.33242551403623,-94.50720449216269,0,-8,8.0,7.975259681918435,0.9969074602398044,True,outward,left_upper,0.9286009669303894
30,45,550,110,-4.7999999999999545,-187.75,187.8113481661851,-91.46449984586806,0,-8,8.0,7.997386817493869,0.9996733521867336,True,outward,left_upper,0.9453755617141724
30,45,560,110,5.2000000000000455,-187.75,187.82199684807955,-88.41351847317469,0,-8,8.0,7.996933400803409,0.9996166751004262,True,outward,right_upper,0.9729384779930115
30,45,890,110,335.20000000000005,-187.75,384.19930049389734,-29.253770787689483,-5,-1,5.0990195135927845,-3.873640576874605,0.7596834188510933,True,inward,right_upper,0.6729955673217773
30,45,110,140,-444.79999999999995,-157.75,471.94502063270033,-160.47275653867337,5,2,5.385164807134504,-5.380923389329308,0.9992123884863139,True,inward,left_upper,0.6435337662696838
30,45,110,150,-444.79999999999995,-147.75,468.69723969744047,-161.6249698262499,4,-1,4.123105625617661,-3.480818451273907,0.8442224787177175,True,inward,left_upper,0.6656541228294373
30,45,130,150,-424.79999999999995,-147.75,449.76116161803026,-160.82177667589178,1,0,1.0,-0.9445012959139653,0.9445012959139653,True,inward,left_upper,0.6094763875007629
30,45,750,150,195.20000000000005,-147.75,244.81238224403606,-37.12266117856182,8,-1,8.06225774829855,6.982285717460447,0.8660459557912275,True,outward,right_upper,0.7912598848342896
30,45,970,190,415.20000000000005,-107.75,428.9534968968082,-14.54810303250895,-6,-3,6.708203932499369,-5.054044356051809,0.753412449428733,True,inward,right_upper,0.679744303226471
30,45,1040,190,485.20000000000005,-107.75,497.02022343160246,-12.520680293566823,4,0,4.0,3.904871287932781,0.9762178219831953,True,outward,right_upper,0.8109910488128662
30,45,170,200,-384.79999999999995,-97.75,397.0215390882464,-165.74674798914978,-4,-1,4.123105625617661,4.123076052143743,0.9999928273790188,True,outward,left_upper,0.5506296753883362
30,45,170,210,-384.79999999999995,-87.75,394.6784799048461,-167.15390915236708,-4,-1,4.123105625617661,4.122216140064806,0.9997842680654776,True,outward,left_middle,0.7161237001419067
30,45,700,220,145.20000000000005,-77.75,164.70610947988544,-28.167638767926164,3,0,3.0,2.6447106386979367,0.8815702128993123,True,outward,right_middle,0.8236970901489258
30,45,720,220,165.20000000000005,-77.75,182.5817693528026,-25.203628999638276,-4,3,5.0,-4.896710132501937,0.9793420265003874,True,inward,right_middle,0.649888277053833
30,45,700,230,145.20000000000005,-67.75,160.22828245974557,-25.013653072060688,3,-3,4.242640687119285,3.987123809808668,0.939774094448684,True,outward,right_middle,0.6762915849685669
30,45,1020,250,465.20000000000005,-47.75,467.644205031988,-5.860545045362017,6,-5,7.810249675906654,6.479177903621717,0.8295737233098864,True,outward,right_middle,0.6598547697067261
30,45,180,270,-374.79999999999995,-27.75,375.8258938657633,-175.76557604376546,-8,-6,10.0,8.421186649609705,0.8421186649609705,True,outward,left_middle,0.6277302503585815
30,45,1030,270,475.20000000000005,-27.75,476.009561353551,-3.3420754216831092,8,-5,9.433981132056603,8.277879941729463,0.8774535189180402,True,outward,right_middle,0.669009268283844
30,45,260,280,-294.79999999999995,-17.75,295.3338830882769,-176.55436301872734,8,6,10.0,-8.346146992091754,0.8346146992091754,True,inward,left_middle,0.5609603524208069
30,45,740,280,185.20000000000005,-17.75,186.0486562703424,-5.474639128558035,1,0,1.0,0.9954385251290974,0.9954385251290974,True,outward,right_middle,0.6734210252761841
30,45,150,290,-404.79999999999995,-7.75,404.8741810735774,-178.90319157623497,-4,-2,4.47213595499958,4.03755061798551,0.9028237644411885,True,outward,left_middle,0.6883050799369812
30,45,860,290,305.20000000000005,-7.75,305.2983827340067,-1.4546097201741923,4,0,4.0,3.998710995674126,0.9996777489185315,True,outward,right_middle,0.7095800042152405
30,45,790,330,235.20000000000005,32.25,237.40072135526466,7.807557811359876,1,1,1.4142135623730951,1.126576189293744,0.7966096629729059,True,outward,right_middle,0.7461506724357605
30,45,170,340,-384.79999999999995,42.25,387.1125191723977,173.73417692298634,-8,-1,8.06225774829855,7.843068486885779,0.9728129181358625,True,outward,left_middle,0.7353248000144958
30,45,1010,340,455.20000000000005,42.25,457.15654047601686,5.302792005089415,-7,2,7.280109889280518,-6.785203153322775,0.9320193316468395,True,inward,right_middle,0.6281004548072815
30,45,800,350,245.20000000000005,52.25,250.70521035670563,12.029313610882477,2,0,2.0,1.956082202289512,0.978041101144756,True,outward,right_middle,0.7633024454116821
30,45,220,360,-334.79999999999995,62.25,340.5379604390676,169.46716349152229,-1,0,1.0,0.983150305969797,0.983150305969797,True,outward,left_middle,0.6238747239112854
30,45,380,370,-174.79999999999995,72.25,189.14307415287502,157.54324763430117,-6,5,7.810249675906654,7.454938576605379,0.9545070754399374,True,outward,left_middle,0.8039193749427795
30,45,970,380,415.20000000000005,82.25,423.268357546368,11.205070629291132,1,0,1.0,0.9809379619276546,0.9809379619276546,True,outward,right_middle,0.7602146863937378
30,45,800,410,245.20000000000005,112.25,269.6722130661593,24.59781224813869,-4,-2,4.47213595499958,-4.4695001620515535,0.9994106187793599,True,inward,right_lower,0.7836191058158875
30,45,750,440,195.20000000000005,142.25,241.53281868102317,36.082311181936525,-5,-1,5.0990195135927845,-4.629805614436194,0.9079795835442918,True,inward,right_lower,0.7961033582687378
30,45,420,450,-134.79999999999995,152.25,203.34970494200377,131.52122463687982,-2,4,4.47213595499958,4.3206357257837205,0.9661235188866539,True,outward,left_lower,0.7255628705024719
30,45,590,450,35.200000000000045,152.25,156.2661271677263,76.98202353717781,3,8,8.54400374531753,8.470165761383019,0.9913579176536553,True,outward,right_lower,0.6369088888168335
30,45,580,470,25.200000000000045,172.25,174.0836077866035,81.67673254237937,1,8,8.06225774829855,8.060494711943708,0.9997813222536561,True,outward,right_lower,0.6507565975189209
30,45,640,470,85.20000000000005,172.25,192.1694629747401,63.681624497090255,-2,-8,8.246211251235321,-8.057471650443915,0.9771119614764742,True,inward,right_lower,0.6855278015136719
30,45,180,480,-374.79999999999995,182.25,416.7614455536884,154.06822939063616,-3,4,5.0,4.44714841013584,0.8894296820271681,True,outward,left_lower,0.6383910179138184
30,45,960,480,405.20000000000005,182.25,444.2995639205603,24.21716139390147,1,0,1.0,0.91199729395289,0.91199729395289,True,outward,right_lower,0.5645831823348999
30,45,970,480,415.20000000000005,182.25,453.4380911436533,23.69883633487515,3,0,3.0,2.747012269874307,0.915670756624769,True,outward,right_lower,0.6045512557029724
30,45,180,490,-374.79999999999995,192.25,421.23046245493686,152.84488733440978,-4,5,6.4031242374328485,5.841101770419129,0.9122268370605523,True,outward,left_lower,0.7605748772621155
30,45,210,490,-344.79999999999995,192.25,394.7747490658438,150.8572909077,-7,7,9.899494936611665,9.52277218564702,0.9619452554522354,True,outward,left_lower,0.8252139687538147
30,45,220,490,-334.79999999999995,192.25,386.07136969736564,150.134548503915,-8,7,10.63014581273465,10.423331839277433,0.9805445779295464,True,outward,left_lower,0.7641165256500244
30,45,230,490,-324.79999999999995,192.25,377.4322488871347,149.378595181658,3,-8,8.54400374531753,-6.656558911984478,0.7790912914372901,True,inward,left_lower,0.6883754134178162
30,45,740,540,185.20000000000005,242.25,304.93294754748956,52.60210621439861,-3,-5,5.830951894845301,-5.794224645812782,0.9937013287547464,True,inward,right_lower,0.6906029582023621
45,60,180,20,-374.79999999999995,-277.75,466.49769827942345,-143.45926482231795,7,8,10.63014581273465,-10.38718951427189,0.9771445939930848,True,inward,left_upper,0.6450679302215576
45,60,560,20,5.2000000000000455,-277.75,277.7986726030202,-88.92744104105485,0,-1,1.0,0.9998247918085277,0.9998247918085277,True,outward,right_upper,0.972136378288269
45,60,840,20,285.20000000000005,-277.75,398.1006185626946,-44.24180008705186,-8,8,11.313708498984761,-11.312717916037988,0.9999124440101261,True,inward,right_upper,0.709476888179779
45,60,1000,20,445.20000000000005,-277.75,524.736221829597,-31.959086871829637,3,-4,5.0,4.6625330941886265,0.9325066188377253,True,outward,right_upper,0.6337867379188538
45,60,1030,20,475.20000000000005,-277.75,550.4181160717733,-30.30589046018609,-7,4,8.06225774829855,-8.061871276455904,0.9999520640675712,True,inward,right_upper,0.6153976917266846
45,60,180,30,-374.79999999999995,-267.75,460.6138322933865,-144.45870719550547,3,0,3.0,-2.4410903910584625,0.8136967970194875,True,inward,left_upper,0.7978695034980774
45,60,540,30,-14.799999999999955,-267.75,268.1587263170826,-93.16383001636795,0,-4,4.0,3.9939032181022625,0.9984758045255656,True,outward,left_upper,0.940670907497406
45,60,550,30,-4.7999999999999545,-267.75,267.79302175374175,-91.02704121410923,0,-8,8.0,7.99871477595764,0.999839346994705,True,outward,left_upper,0.9477458596229553
45,60,560,30,5.2000000000000455,-267.75,267.80049010410715,-88.88739270489401,0,-7,7.0,6.998680246146627,0.9998114637352324,True,outward,right_upper,0.9675472378730774
45,60,100,40,-454.79999999999995,-257.75,522.7600812036052,-150.45835704385402,-4,-7,8.06225774829855,6.931382349733652,0.8597321700855376,True,outward,left_upper,0.6717795729637146
45,60,180,40,-374.79999999999995,-257.75,454.8737214876234,-145.4836923037993,3,0,3.0,-2.4718948290148552,0.8239649430049517,True,inward,left_upper,0.6459364891052246
45,60,540,40,-14.799999999999955,-257.75,258.1745581965814,-93.28631399975535,0,-8,8.0,7.986844305665219,0.9983555382081524,True,outward,left_upper,0.950628399848938
45,60,550,40,-4.7999999999999545,-257.75,257.79469059699426,-91.06687858604278,0,-8,8.0,7.9986131414300035,0.9998266426787504,True,outward,left_upper,0.9559221267700195
45,60,560,40,5.2000000000000455,-257.75,257.8024485919402,-88.84423805360119,0,-8,8.0,7.998372440844478,0.9997965551055598,True,outward,right_upper,0.9653143882751465
45,60,640,40,85.20000000000005,-257.75,271.4665771324345,-71.70854895608568,4,-5,6.4031242374328485,6.002764749949409,0.937474352731917,True,outward,right_upper,0.7341837286949158
45,60,800,40,245.20000000000005,-257.75,355.75005621925067,-46.42939228434586,-1,8,8.06225774829855,-6.485452242846759,0.8044213476324845,True,inward,right_upper,0.8753587603569031
45,60,890,40,335.20000000000005,-257.75,422.8405166253585,-37.558264892432085,-1,0,1.0,-0.792733872040439,0.792733872040439,True,inward,right_upper,0.7268711924552917
45,60,280,50,-274.79999999999995,-247.75,369.9933816975649,-137.96329289504806,-5,-5,7.0710678118654755,7.061612799700508,0.99866285935639,True,outward,left_upper,0.7529454231262207
45,60,540,50,-14.799999999999955,-247.75,248.19166484795576,-93.41865185721998,0,-8,8.0,7.985763749214501,0.9982204686518126,True,outward,left_upper,0.9558442831039429
45,60,550,50,-4.7999999999999545,-247.75,247.79649412370628,-91.10993073006469,0,-8,8.0,7.998498957820345,0.9998123697275432,True,outward,left_upper,0.9607760906219482
45,60,720,50,165.20000000000005,-247.75,297.77693413023115,-56.30459593237746,3,-6,6.708203932499369,6.656324828480971,0.9922663197868719,True,outward,right_upper,0.677178680896759
45,60,1020,50,465.20000000000005,-247.75,527.0589174845636,-28.038275732285317,-2,3,3.605551275463989,-3.1754514428626806,0.880711769229808,True,inward,right_upper,0.604741096496582
45,60,150,60,-404.79999999999995,-237.75,469.45511233769724,-149.57313039105287,-8,-2,8.246211251235321,7.91108649665412,0.9593601540912503,True,outward,left_upper,0.6712028980255127
45,60,280,60,-274.79999999999995,-237.75,363.3732275498568,-139.13447040149399,3,7,7.615773105863909,-6.848743416735465,0.8992840676230421,True,inward,left_upper,0.6679588556289673
45,60,540,60,-14.799999999999955,-237.75,238.21020654035797,-93.56208094737228,0,-7,7.0,6.98647645779208,0.9980680653988686,True,outward,left_upper,0.9535834789276123
45,60,550,60,-4.7999999999999545,-237.75,237.79844932210975,-91.15660308794732,0,-8,8.0,7.998370071049736,0.999796258881217,True,outward,left_upper,0.9602685570716858
45,60,560,60,5.2000000000000455,-237.75,237.8068596571596,-88.74704286559611,0,-8,8.0,7.998087198754768,0.999760899844346,True,outward,right_upper,0.9735507965087891
45,60,810,60,255.20000000000005,-237.75,348.7866145654102,-42.972625934479616,3,-2,3.605551275463989,3.558336094825246,0.9869048650174398,True,outward,right_upper,0.6908550262451172
45,60,950,60,395.20000000000005,-237.75,461.20288648272793,-31.030868783788716,-2,6,6.324555320336759,-4.806778242232496,0.7600183726397626,True,inward,right_upper,0.6505176424980164
45,60,1030,60,475.20000000000005,-237.75,531.3568504310451,-26.57951798134399,7,-2,7.280109889280518,7.155078544514555,0.9828256239716843,True,outward,right_upper,0.7750492691993713
45,60,1040,60,485.20000000000005,-237.75,540.3185194864229,-26.105044456224345,4,-2,4.47213595499958,4.471991821225585,0.9999677707083495,True,outward,right_upper,0.8246421217918396
45,60,540,70,-14.799999999999955,-227.75,228.23037155470786,-93.71805454202563,0,-8,8.0,7.983161871001284,0.9978952338751605,True,outward,left_upper,0.9564787149429321
45,60,550,70,-4.7999999999999545,-227.75,227.80057616257253,-91.20737226107681,0,-8,8.0,7.99822384426152,0.99977798053269,True,outward,left_upper,0.9649576544761658
45,60,560,70,5.2000000000000455,-227.75,227.80935560244228,-88.69204699147441,0,-5,5.0,4.998697252747032,0.9997394505494064,True,outward,right_upper,0.9775843024253845
45,60,950,70,395.20000000000005,-227.75,456.1283837912305,-29.95443826605486,-2,4,4.47213595499958,-3.730090168602025,0.8340735179197779,True,inward,right_upper,0.752143144607544
45,60,960,70,405.20000000000005,-227.75,464.819429994057,-29.338952521236177,-4,4,5.656854249492381,-5.446846316283231,0.9628754915812097,True,inward,right_upper,0.7032502293586731
45,60,990,70,435.20000000000005,-227.75,491.19151305778894,-27.6240794213437,6,-5,7.810249675906654,7.634394936214659,0.9774841078084253,True,outward,right_upper,0.6171417236328125
45,60,540,80,-14.799999999999955,-217.75,218.2523825757694,-93.8882909927584,0,-8,8.0,7.981585261252487,0.9976981576565609,True,outward,left_upper,0.9572717547416687
45,60,550,80,-4.7999999999999545,-217.75,217.80289828190993,-91.26280233589301,0,-8,8.0,7.998057021928461,0.9997571277410576,True,outward,left_upper,0.9634315967559814
45,60,970,80,415.20000000000005,-217.75,468.83483498989284,-27.674586005728802,-4,8,8.94427190999916,-7.257993105553596,0.8114682982121323,True,inward,right_upper,0.6086546182632446
45,60,1050,80,495.20000000000005,-217.75,540.9603520591875,-23.736116009543114,-8,6,10.0,-9.738421642079247,0.9738421642079247,True,inward,right_upper,0.7589681148529053
45,60,140,90,-414.79999999999995,-207.75,463.91712891420593,-153.3962858455551,-1,-1,1.4142135623730951,1.3419422590777643,0.9488964713546819,True,outward,left_upper,0.7698460817337036
45,60,290,90,-264.79999999999995,-207.75,336.56961018487686,-141.88388711564394,6,8,10.0,-9.658626036421836,0.9658626036421836,True,inward,left_upper,0.8055640459060669
45,60,300,90,-254.79999999999995,-207.75,328.75994661758904,-140.8080775962199,6,8,10.0,-9.705561863080337,0.9705561863080338,True,inward,left_upper,0.7081121802330017
45,60,540,90,-14.799999999999955,-207.75,208.27650491594102,-94.07483694952286,0,-7,7.0,6.9823046079389774,0.9974720868484254,True,outward,left_upper,0.9593406915664673
45,60,550,90,-4.7999999999999545,-207.75,207.80544386516922,-91.32356591909029,0,-8,8.0,7.997865547152646,0.9997331933940807,True,outward,left_upper,0.9655296206474304
45,60,830,90,275.20000000000005,-207.75,344.8116913621115,-37.0493565928606,-2,0,2.0,-1.5962335784664143,0.7981167892332072,True,inward,right_upper,0.7036369442939758
45,60,1040,90,485.20000000000005,-207.75,527.8059326115992,-23.179347719018192,8,-4,8.94427190999916,8.928660533772172,0.9982545950767067,True,outward,right_upper,0.6532816886901855
45,60,1050,90,495.20000000000005,-207.75,537.0131306588322,-22.759387279812113,-3,2,3.605551275463989,-3.54013690068927,0.9818573167382563,True,inward,right_upper,0.7084161043167114
45,60,280,100,-274.79999999999995,-197.75,338.55590749534997,-144.26067085596569,-1,-2,2.23606797749979,1.97987979284989,0.8854291608181112,True,outward,left_upper,0.7978153228759766
45,60,540,100,-14.799999999999955,-197.75,198.30305721294366,-94.28014954175754,0,-6,6.0,5.98326630297939,0.9972110504965651,True,outward,left_upper,0.9612436890602112
45,60,550,100,-4.7999999999999545,-197.75,197.80824679471783,-91.3904715475041,0,-8,8.0,7.99764431278628,0.999705539098285,True,outward,left_upper,0.9656654000282288
45,60,560,100,5.2000000000000455,-197.75,197.818357338241,-88.49370715476223,0,-8,8.0,7.997235551273976,0.999654443909247,True,outward,right_upper,0.9769251346588135
45,60,130,110,-424.79999999999995,-187.75,464.4406339888877,-156.1558802148077,8,7,10.63014581273465,-10.146937315809355,0.9545435683162103,True,inward,left_upper,0.5864831805229187
45,60,290,110,-264.79999999999995,-187.75,324.6060728020965,-144.662380073268,-1,-3,3.1622776601683795,2.550938104306014,0.8066774579719183,True,outward,left_upper,0.7785542011260986
45,60,540,110,-14.799999999999955,-187.75,188.33242551403623,-94.50720449216269,0,-8,8.0,7.975259681918435,0.9969074602398044,True,outward,left_upper,0.9606871604919434
45,60,550,110,-4.7999999999999545,-187.75,187.8113481661851,-91.46449984586806,0,-8,8.0,7.997386817493869,0.9996733521867336,True,outward,left_upper,0.9668905138969421
45,60,560,110,5.2000000000000455,-187.75,187.82199684807955,-88.41351847317469,0,-7,7.0,6.997316725702983,0.9996166751004261,True,outward,right_upper,0.9759165644645691
45,60,130,120,-424.79999999999995,-177.75,460.4889819528801,-157.2939954799155,8,7,10.63014581273465,-10.082000182308514,0.948434796654485,True,inward,left_upper,0.6145376563072205
45,60,960,120,405.20000000000005,-177.75,442.4727138479841,-23.68572850405537,4,-5,6.4031242374328485,5.671649169449534,0.8857627869053218,True,outward,right_upper,0.6971562504768372
45,60,1010,120,455.20000000000005,-177.75,488.6738201500056,-21.330033601942695,7,2,7.280109889280518,5.793025701951896,0.7957332773893625,True,outward,right_upper,0.6099567413330078
45,60,880,130,325.20000000000005,-167.75,365.91679723674895,-27.28633132622684,-2,1,2.23606797749979,-2.235890798614132,0.9999207631934983,True,inward,right_upper,0.6382724046707153
45,60,1050,130,495.20000000000005,-167.75,522.8413741279472,-18.713914184431687,4,-5,6.4031242374328485,5.392744605766439,0.8422052119870327,True,outward,right_upper,0.7849668264389038
45,60,800,140,245.20000000000005,-157.75,291.56149008399586,-32.75529877443883,1,-3,3.1622776601683795,2.464145727177557,0.7792312984452955,True,outward,right_upper,0.6907899975776672
45,60,970,160,415.20000000000005,-137.75,437.45411473662017,-18.354183509697584,-5,-1,5.0990195135927845,-4.430750414056501,0.8689416469666696,True,inward,right_upper,0.6793829202651978
45,60,310,170,-244.79999999999995,-127.75,276.12877883335517,-152.4419894595804,-4,-6,7.211102550927978,6.322050194751837,0.876710620893648,True,outward,left_upper,0.7590226531028748
45,60,940,170,385.20000000000005,-127.75,405.83137200073634,-18.347890199734916,1,-1,1.4142135623730951,1.2639486136105549,0.8937466357553586,True,outward,right_upper,0.7530809640884399
45,60,1000,170,445.20000000000005,-127.75,463.1663874894205,-16.010815591680633,4,0,4.0,3.844838589546131,0.9612096473865327,True,outward,right_upper,0.7443327903747559
45,60,150,180,-404.79999999999995,-117.75,421.57810960722327,-163.7811112852953,4,2,4.47213595499958,-4.399421975984452,0.9837406600007681,True,inward,left_upper,0.6514031291007996
45,60,300,180,-254.79999999999995,-117.75,280.69218460797936,-155.19705909742436,6,-1,6.082762530298219,-5.02703700842509,0.8264397933316376,True,inward,left_upper,0.6666593551635742
45,60,790,180,235.20000000000005,-117.75,263.02871041009956,-26.59427625973246,-4,2,4.47213595499958,-4.472135373229711,0.9999998699123026,True,inward,right_upper,0.694012463092804
45,60,980,180,425.20000000000005,-117.75,441.20301732875765,-15.478926978891494,7,3,7.615773105863909,5.945448913476919,0.7806756885783674,True,outward,right_upper,0.720544695854187
45,60,140,190,-414.79999999999995,-107.75,428.5663338387652,-165.43846400995017,-2,-1,2.23606797749979,2.187176000513024,0.9781348431806473,True,outward,left_upper,0.870246171951294
45,60,700,190,145.20000000000005,-107.75,180.8123405633587,-36.57836696582145,3,-1,3.1622776601683795,3.0050493141512327,0.9502800313844753,True,outward,right_upper,0.7414655089378357
45,60,970,190,415.20000000000005,-107.75,428.9534968968082,-14.54810303250895,-6,0,6.0,-5.807622546551472,0.967937091091912,True,inward,right_upper,0.7665806412696838
45,60,1050,190,495.20000000000005,-107.75,506.7870386069478,-12.275581216134741,-1,0,1.0,-0.9771362767311529,0.9771362767311529,True,inward,right_upper,0.7904735803604126
45,60,150,200,-404.79999999999995,-97.75,416.4349919255105,-166.42426192333158,-3,-2,3.605551275463989,3.3856424828300566,0.9390082747871522,True,outward,left_upper,0.8244622349739075
45,60,160,200,-394.79999999999995,-97.75,406.72116062481916,-166.09358961564286,-2,1,2.23606797749979,1.7010425494880963,0.7607293546549867,True,outward,left_upper,0.8311079740524292
45,60,770,200,215.20000000000005,-97.75,236.36011190554134,-24.42890835675821,4,-4,5.656854249492381,5.296155894951801,0.9362369368853817,True,outward,right_upper,0.6787586212158203
45,60,950,200,395.20000000000005,-97.75,407.1094478147124,-13.89288058225001,-1,0,1.0,-0.970746324167518,0.970746324167518,True,inward,right_upper,0.8922203183174133
45,60,960,200,405.20000000000005,-97.75,416.8238266942043,-13.562831839482797,-8,4,8.94427190999916,-8.714952858644992,0.9743613506318158,True,inward,right_upper,0.7722235321998596
45,60,170,210,-384.79999999999995,-87.75,394.6784799048461,-167.15390915236708,-4,-1,4.123105625617661,4.122216140064806,0.9997842680654776,True,outward,left_middle,0.6911543607711792
45,60,820,210,265.20000000000005,-87.75,279.34047773281986,-18.3084682788947,-4,5,6.4031242374328485,-5.368180122589578,0.838368884240453,True,inward,right_middle,0.7233529686927795
45,60,960,210,405.20000000000005,-87.75,414.59269470167953,-12.219269908305282,-8,-4,8.94427190999916,-6.972144075234933,0.7795094050573859,True,inward,right_middle,0.6005768179893494
45,60,1040,210,485.20000000000005,-87.75,493.0710927442411,-10.251320396487202,-7,7,9.899494936611665,-8.134019736744836,0.82166007345107,True,inward,right_middle,0.7472533583641052
45,60,200,220,-354.79999999999995,-77.75,363.2190833367652,-167.63972390030148,7,7,9.899494936611665,-8.336153409628736,0.8420786578514055,True,inward,left_middle,0.5980588793754578
45,60,700,220,145.20000000000005,-77.75,164.70610947988544,-28.167638767926164,3,0,3.0,2.6447106386979367,0.8815702128993123,True,outward,right_middle,0.8257767558097839
45,60,900,220,345.20000000000005,-77.75,353.84756958328825,-12.693021322735602,3,-3,4.242640687119285,3.585866087745841,0.84519674235732,True,outward,right_middle,0.756216287612915
45,60,240,230,-314.79999999999995,-67.75,322.0079230391699,-167.85429070919562,-7,-5,8.602325267042627,7.895302624869704,0.9178102873089814,True,outward,left_middle,0.5606033205986023
45,60,900,230,345.20000000000005,-67.75,351.78559166060234,-11.10390811996394,3,0,3.0,2.943838589612084,0.9812795298706947,True,outward,right_middle,0.7291903495788574
45,60,140,240,-414.79999999999995,-57.75,418.80079094958734,-172.07401668499733,-1,0,1.0,0.990447031056183,0.990447031056183,True,outward,left_middle,0.6992031931877136
45,60,210,240,-344.79999999999995,-57.75,349.60277816401856,-170.49187458752434,-8,-8,11.313708498984761,9.211597278809743,0.8141978626757396,True,outward,left_middle,0.662390410900116
45,60,1020,250,465.20000000000005,-47.75,467.644205031988,-5.860545045362017,-1,0,1.0,-0.9947733661495479,0.9947733661495479,True,inward,right_middle,0.5736613273620605
45,60,190,270,-364.79999999999995,-27.75,365.8539360181874,-175.64994046353652,-1,0,1.0,0.9971192437351963,0.9971192437351963,True,outward,left_middle,0.5575850009918213
45,60,200,270,-354.79999999999995,-27.75,355.88355188179173,-175.52782510172352,-2,0,2.0,1.9939106380384126,0.9969553190192063,True,outward,left_middle,0.5906568169593811
45,60,700,270,145.20000000000005,-27.75,147.8279489812397,-10.819652198260185,3,1,3.1622776601683795,2.758950542239877,0.8724567665234599,True,outward,right_middle,0.5948681235313416
45,60,770,280,215.20000000000005,-17.75,215.93078173340646,-4.715163454913183,-2,0,2.0,-1.993231333415829,0.9966156667079145,True,inward,right_middle,0.7658447027206421
45,60,800,280,245.20000000000005,-17.75,245.84162076426364,-4.140412686351411,-7,-2,7.280109889280518,-6.837328824852678,0.9391793432843911,True,inward,right_middle,0.7612268328666687
45,60,990,280,435.20000000000005,-17.75,435.56182396991596,-2.335562332269234,5,2,5.385164807134504,4.914342539230075,0.9125704997402007,True,outward,right_middle,0.7041257619857788
45,60,1010,280,455.20000000000005,-17.75,455.5459389567643,-2.233051624991495,4,-2,4.47213595499958,4.074890897394612,0.9111733047469472,True,outward,right_middle,0.5996066331863403
45,60,250,290,-304.79999999999995,-7.75,304.898511803518,-178.54348216494702,-8,-5,9.433981132056603,8.12450669354634,0.8611959871256603,True,outward,left_middle,0.6721353530883789
45,60,260,290,-294.79999999999995,-7.75,294.9018523170039,-178.4940975600343,-7,-6,9.219544457292887,7.15526194027345,0.7760971242579627,True,outward,left_middle,0.6506363749504089
45,60,150,300,-404.79999999999995,2.25,404.80625303964854,179.6815361256745,-7,4,8.06225774829855,7.022124729188861,0.8709873770372577,True,outward,left_middle,0.6904634237289429
45,60,960,300,405.20000000000005,2.25,405.2062468669505,0.31814950381713303,-7,1,7.0710678118654755,-6.994339356595837,0.989148957793774,True,inward,right_middle,0.5971198081970215
45,60,130,310,-424.79999999999995,12.25,424.9765905317609,178.34821364914717,6,-3,6.708203932499369,-6.083982171264482,0.9069465139229433,True,inward,left_middle,0.6315210461616516
45,60,190,310,-364.79999999999995,12.25,365.00561981975017,178.07672790000498,-1,0,1.0,0.9994366667015928,0.9994366667015928,True,outward,left_middle,0.5653689503669739
45,60,950,310,395.20000000000005,12.25,395.3898108196518,1.7754267185314183,6,3,6.708203932499369,6.090065889680533,0.9078534211185604,True,outward,right_middle,0.6985238790512085
45,60,980,310,425.20000000000005,12.25,425.3764244760163,1.6502333192688168,-6,4,7.211102550927978,-5.8823194141100785,0.8157309333165839,True,inward,right_middle,0.6394849419593811
45,60,1020,310,465.20000000000005,12.25,465.36126020544515,1.5084074308836786,1,0,1.0,0.999653473077295,0.999653473077295,True,outward,right_middle,0.7648900151252747
45,60,980,320,425.20000000000005,22.25,425.7817545409855,2.995459546014051,-5,-4,6.4031242374328485,-5.202195670380201,0.8124464679238949,True,inward,right_middle,0.5516728758811951
45,60,130,330,-424.79999999999995,32.25,426.0224201846658,175.65854244108127,1,0,1.0,-0.9971306200642305,0.9971306200642305,True,inward,left_middle,0.663864016532898
45,60,850,330,295.20000000000005,32.25,296.9563983146348,6.234721863146675,-3,2,3.605551275463989,-2.7650523937524945,0.7668875526937741,True,inward,right_middle,0.7454893589019775
45,60,1020,330,465.20000000000005,32.25,466.31652608501884,3.9656862931291386,3,-1,3.1622776601683795,2.923657909888088,0.9245418094413677,True,outward,right_middle,0.7043843269348145
45,60,130,340,-424.79999999999995,42.25,426.8958918752908,174.32012308655618,4,0,4.0,-3.9803615643515906,0.9950903910878977,True,inward,left_middle,0.6640263199806213
45,60,770,340,215.20000000000005,42.25,219.30823627944307,11.107547150691484,-6,0,6.0,-5.887603775878031,0.9812672959796718,True,inward,right_middle,0.7509855031967163
45,60,910,340,355.20000000000005,42.25,357.70393134546345,6.783294094785393,-3,0,3.0,-2.9789999679116317,0.9929999893038772,True,inward,right_middle,0.5959635972976685
45,60,770,350,215.20000000000005,52.25,221.45225783450488,13.647186600067084,-8,-5,9.433981132056603,-8.953848650673134,0.949106058761133,True,inward,right_middle,0.7318547368049622
45,60,1010,350,455.20000000000005,52.25,458.18893755742295,6.548021899745431,-7,3,7.615773105863909,-6.612228606283859,0.8682281515441483,True,inward,right_middle,0.6390886306762695
45,60,170,360,-384.79999999999995,62.25,389.80264557850296,170.81073715671494,-3,-1,3.1622776601683795,2.801802431020315,0.8860077235820998,True,outward,left_middle,0.6425795555114746
45,60,770,360,215.20000000000005,62.25,224.0225490882559,16.133348148681524,-7,-1,7.0710678118654755,-7.002196905553535,0.9902601830240727,True,inward,right_middle,0.754633903503418
45,60,870,360,315.20000000000005,62.25,321.2881922822562,11.171786348267196,8,-3,8.54400374531753,7.2671515981166275,0.8505557598917637,True,outward,right_middle,0.6351631283760071
45,60,890,360,335.20000000000005,62.25,340.9312284024449,10.52054826892977,2,1,2.23606797749979,2.1489671199470153,0.961047312322694,True,outward,right_middle,0.6315035223960876
45,60,1010,360,455.20000000000005,62.25,459.43672306423224,7.787070757519876,-5,2,5.385164807134504,-4.68290820474794,0.8695942227327595,True,inward,right_middle,0.6780189871788025
45,60,1030,360,475.20000000000005,62.25,479.259952948293,7.46310623616553,-4,1,4.123105625617661,-3.8362270594270997,0.9304217276394453,True,inward,right_middle,0.7154037952423096
45,60,770,370,215.20000000000005,72.25,227.00463101003032,18.558663136817362,-7,-8,10.63014581273465,-9.182191529422587,0.8637879189222927,True,inward,right_middle,0.7297402620315552
45,60,920,370,365.20000000000005,72.25,372.2782595049032,11.19070792381601,-1,0,1.0,-0.9809866428560277,0.9809866428560277,True,inward,right_middle,0.5896134972572327
45,60,870,380,315.20000000000005,82.25,325.75466612160756,14.62494376413232,1,0,1.0,0.9675993401805414,0.9675993401805414,True,outward,right_middle,0.6744221448898315
45,60,920,380,365.20000000000005,82.25,374.3475691119151,12.69232925057311,-1,0,1.0,-0.9755639681763759,0.9755639681763759,True,inward,right_middle,0.6316277384757996
45,60,990,390,435.20000000000005,92.25,444.86975903066286,11.96792407129872,3,1,3.1622776601683795,3.142155589640007,0.9936368425891795,True,outward,right_middle,0.6209937334060669
45,60,340,400,-214.79999999999995,102.25,237.89515022379078,154.5444209790753,-6,8,10.0,8.856002310337592,0.8856002310337592,True,outward,left_middle,0.6519100666046143
45,60,990,400,435.20000000000005,102.25,447.05044737702707,13.221806357208482,8,5,9.433981132056603,8.931542342541416,0.946741594828094,True,outward,right_middle,0.5715845227241516
45,60,1010,400,455.20000000000005,102.25,466.54271240691355,12.660015121253961,1,1,1.4142135623730951,1.1948530867068783,0.8448887201321115,True,outward,right_middle,0.7651786208152771
45,60,800,410,245.20000000000005,112.25,269.6722130661593,24.59781224813869,1,2,2.23606797749979,1.741744151759408,0.7789316645493493,True,outward,right_lower,0.7706233859062195
45,60,160,430,-394.79999999999995,132.25,416.36174476049064,161.4801943902619,2,-3,3.605551275463989,-2.8493251719906207,0.790260616006341,True,inward,left_lower,0.6513823866844177
45,60,900,430,345.20000000000005,132.25,369.66620416262026,20.96239788556474,3,4,5.0,4.232466972587289,0.8464933945174579,True,outward,right_lower,0.6342393755912781
45,60,160,440,-394.79999999999995,142.25,419.64521026695866,160.18545116071854,2,-3,3.605551275463989,-2.898519916922714,0.8039047833398821,True,inward,left_lower,0.5928478240966797
45,60,170,440,-384.79999999999995,142.25,410.2512675178469,159.7120300203728,2,-1,2.23606797749979,-2.222662237016324,0.9940047705980499,True,inward,left_lower,0.581700325012207
45,60,740,440,185.20000000000005,142.25,233.52537870646952,37.52745384272652,6,0,6.0,4.758369330798631,0.7930615551331052,True,outward,right_lower,0.7322021126747131
45,60,920,440,365.20000000000005,142.25,391.92614419045844,21.28154022914103,4,3,5.0,4.816085958998275,0.9632171917996549,True,outward,right_lower,0.5593656301498413
45,60,170,450,-384.79999999999995,152.25,413.824966018243,158.41327192268963,4,-2,4.47213595499958,-4.455265272513119,0.996227600713346,True,inward,left_lower,0.5556110739707947
45,60,610,450,55.200000000000045,152.25,161.94783882472777,70.0713011023381,0,-1,1.0,-0.9401175162626066,0.9401175162626066,True,inward,right_lower,0.785990297794342
45,60,640,450,85.20000000000005,152.25,174.4680558153842,60.76836566327105,0,1,1.0,0.8726525855317919,0.8726525855317919,True,outward,right_lower,0.7743977904319763
45,60,920,450,365.20000000000005,152.25,395.6653920928643,22.63100407663417,4,1,4.123105625617661,4.076803360202428,0.9887700511169183,True,outward,right_lower,0.606736958026886
45,60,980,450,425.20000000000005,152.25,451.63602878866965,19.700759472122783,-1,0,1.0,-0.9414660764342173,0.9414660764342173,True,inward,right_lower,0.6307551860809326
45,60,400,460,-154.79999999999995,162.25,224.2500891861584,133.65391887399392,-4,8,8.94427190999916,8.549383444875513,0.9558501274226486,True,outward,left_lower,0.7322492599487305
45,60,410,460,-144.79999999999995,162.25,217.46747457953336,131.74731462607298,-4,8,8.94427190999916,8.63209545992801,0.9650976118333171,True,outward,left_lower,0.7801588177680969
45,60,610,460,55.200000000000045,162.25,171.3829119253142,71.21088858501024,0,-1,1.0,-0.9467104869282758,0.9467104869282758,True,inward,right_lower,0.8747885227203369
45,60,710,460,155.20000000000005,162.25,224.52639599833248,46.27222824876014,-3,-4,5.0,-4.964227012347707,0.9928454024695414,True,inward,right_lower,0.6588938236236572
45,60,1020,460,465.20000000000005,162.25,492.6825575357829,19.227480388892914,2,3,3.605551275463989,2.876395720376349,0.797768635257085,True,outward,right_lower,0.6381679177284241
45,60,170,470,-384.79999999999995,172.25,421.5935275831449,155.8850335751538,-3,0,3.0,2.7381824541230273,0.9127274847076757,True,outward,left_lower,0.6252284646034241
45,60,150,480,-404.79999999999995,182.25,443.9347953247188,155.76166206148363,-2,0,2.0,1.8236912459358205,0.9118456229679103,True,outward,left_lower,0.6048406958580017
45,60,170,480,-384.79999999999995,182.25,425.77705727293477,154.65670438478912,-1,0,1.0,0.9037593581594336,0.9037593581594336,True,outward,left_lower,0.7603853344917297
45,60,180,480,-374.79999999999995,182.25,416.7614455536884,154.06822939063616,-8,1,8.06225774829855,7.631823994118139,0.9466112635419962,True,outward,left_lower,0.6205667853355408
45,60,390,480,-164.79999999999995,182.25,245.71142118346876,132.12153850171185,4,-3,5.0,-4.90799326377074,0.9815986527541479,True,inward,left_lower,0.7667927145957947
45,60,960,480,405.20000000000005,182.25,444.2995639205603,24.21716139390147,-1,-2,2.23606797749979,-1.7323897264450627,0.7747482383706851,True,inward,right_lower,0.6220768094062805
45,60,970,480,415.20000000000005,182.25,453.4380911436533,23.69883633487515,-1,-2,2.23606797749979,-1.719529115944924,0.7689967985085935,True,inward,right_lower,0.5863529443740845
45,60,30,490,-524.8,192.25,558.9052714906168,159.88070042826502,-3,4,5.0,4.1928393227533585,0.8385678645506717,True,outward,left_lower,0.6265339255332947
45,60,170,490,-384.79999999999995,192.25,430.1524177544513,153.45281931551082,-1,0,1.0,0.8945666329362808,0.8945666329362808,True,outward,left_lower,0.8812965750694275
45,60,180,490,-374.79999999999995,192.25,421.23046245493686,152.84488733440978,-6,-1,6.082762530298219,4.882244242295295,0.802636009210758,True,outward,left_lower,0.6859186291694641
45,60,1000,490,445.20000000000005,192.25,484.93618394588793,23.356057905399634,5,6,7.810249675906654,6.9689582091013955,0.8922836654760852,True,outward,right_lower,0.7117992639541626
45,60,40,500,-514.8,202.25,553.1040611855964,158.5515749865193,-7,4,8.06225774829855,7.9778839275586755,0.9895347155382523,True,outward,left_lower,0.7901428937911987
45,60,180,500,-374.79999999999995,202.25,425.88742937541605,151.6477631040695,-2,0,2.0,1.7600895173152296,0.8800447586576148,True,outward,left_lower,0.8451208472251892
45,60,40,510,-514.8,212.25,556.8384887020652,157.59384011188524,-6,8,10.0,8.59638853477523,0.859638853477523,True,outward,left_lower,0.7610838413238525
45,60,250,510,-304.79999999999995,212.25,371.4203851433036,145.14825702931324,-4,5,6.4031242374328485,6.139808398292796,0.9588769748366429,True,outward,left_lower,0.6612606644630432
45,60,970,510,415.20000000000005,212.25,466.3058036310507,27.07609190900014,-7,-8,10.63014581273465,-9.874206934904636,0.9288872522402828,True,inward,right_lower,0.6196722984313965
45,60,1000,510,445.20000000000005,212.25,493.2069570677202,25.489566356138678,-4,-1,4.123105625617661,-4.041001391889009,0.9800867983544923,True,inward,right_lower,0.7698006629943848
45,60,1010,510,455.20000000000005,212.25,502.25203085701907,24.998630502840058,1,0,1.0,0.9063178882985666,0.9063178882985666,True,outward,right_lower,0.6528765559196472
45,60,120,520,-434.79999999999995,222.25,488.3094331466472,152.92594626715592,-5,4,6.4031242374328485,6.2726619476960455,0.9796252134272022,True,outward,left_lower,0.7067696452140808
45,60,150,520,-404.79999999999995,222.25,461.7987684045941,151.23160428360285,2,0,2.0,-1.7531445629380455,0.8765722814690228,True,inward,left_lower,0.7282102108001709
45,60,160,520,-394.79999999999995,222.25,453.05860823959625,150.6229573851729,4,-3,5.0,-4.957305653515467,0.9914611307030935,True,inward,left_lower,0.8230567574501038
45,60,500,520,-54.799999999999955,222.25,228.90631817405128,103.85108610494034,0,-1,1.0,-0.9709212125416736,0.9709212125416736,True,inward,left_lower,0.7444211840629578
45,60,900,520,345.20000000000005,222.25,410.5582814899732,32.774636216604286,1,2,2.23606797749979,1.9234784331570873,0.8602057059588065,True,outward,right_lower,0.5806667804718018
45,60,130,530,-424.79999999999995,232.25,484.14367960348295,151.3333430179143,-5,2,5.385164807134504,5.346553325079033,0.9928300277821922,True,outward,left_lower,0.6657921075820923
45,60,900,530,345.20000000000005,232.25,416.0566097299742,33.9326020415583,-1,0,1.0,-0.8296947865436847,0.8296947865436847,True,inward,right_lower,0.7247866988182068
45,60,200,540,-354.79999999999995,242.25,429.6138993328777,145.6755581012897,4,-4,5.656854249492381,-5.558944912416698,0.9826919109530764,True,inward,left_lower,0.6095643639564514
45,60,220,550,-334.79999999999995,252.25,419.19100956485215,143.00435500207544,4,-1,4.123105625617661,-3.7964793225218014,0.9207814854253391,True,inward,left_lower,0.7419663667678833
45,60,250,550,-304.79999999999995,252.25,395.64264494616856,140.38911940447053,-7,0,7.0,5.392745264581625,0.7703921806545179,True,outward,left_lower,0.7026255130767822
45,60,260,550,-294.79999999999995,252.25,387.991111367258,139.44755836026974,-2,8,8.246211251235321,6.720772521852292,0.8150133821572287,True,outward,left_lower,0.5763343572616577
45,60,60,560,-494.79999999999995,262.25,560.0018772289964,152.07586787598635,-1,2,2.23606797749979,1.8201724698561805,0.8140058746744213,True,outward,left_lower,0.6654634475708008
45,60,160,560,-394.79999999999995,262.25,473.96424179467374,146.40548681904957,-7,6,9.219544457292887,9.150690321230766,0.992531720370668,True,outward,left_lower,0.5588992834091187
45,60,220,560,-334.79999999999995,262.25,425.2835554074481,141.92827870886995,3,-1,3.1622776601683795,-2.978365807693811,0.941841965747949,True,inward,left_lower,0.6371476650238037
45,60,940,560,385.20000000000005,262.25,465.9979640513465,34.24762744769161,8,3,8.54400374531753,8.301216525430489,0.9715839052598614,True,outward,right_lower,0.6184617280960083
45,60,90,570,-464.79999999999995,272.25,538.6641834204312,149.6409667231135,-2,1,2.23606797749979,2.2311674638704306,0.9978084236800178,True,outward,left_lower,0.7210736274719238
45,60,120,570,-434.79999999999995,272.25,513.0020492161799,147.94726149435027,2,-1,2.23606797749979,-2.2258195688392317,0.9954167723147589,True,inward,left_lower,0.7374946475028992
45,60,160,570,-394.79999999999995,272.25,479.5697055694823,145.4102548975433,-8,3,8.54400374531753,8.288993140798093,0.9701532662998663,True,outward,left_lower,0.6869910359382629
45,60,880,570,325.20000000000005,272.25,424.11685005432173,39.93529912197989,2,1,2.23606797749979,2.175461785783388,0.9728960870929482,True,outward,right_lower,0.6326290369033813
45,60,180,580,-374.79999999999995,282.25,469.1909019791411,143.01775543799056,-1,1,1.4142135623730951,1.400389473087461,0.9902248927223999,True,outward,left_lower,0.681877076625824
45,60,920,580,365.20000000000005,282.25,461.55834138275526,37.69915179500484,-4,0,4.0,-3.1649303436347314,0.7912325859086828,True,inward,right_lower,0.6183685064315796
45,60,930,580,375.20000000000005,282.25,469.5104924280181,36.952880122951996,-4,0,4.0,-3.196520683145525,0.7991301707863813,True,inward,right_lower,0.5713891983032227
60,75,110,20,-444.79999999999995,-277.75,524.3968940602145,-148.01777993691582,4,0,4.0,-3.392849996162832,0.848212499040708,True,inward,left_upper,0.7448045015335083
60,75,360,20,-194.79999999999995,-277.75,339.2522697050087,-125.0439047496305,1,2,2.23606797749979,-2.211628534283385,0.9890703487271745,True,inward,left_upper,0.7600232362747192
60,75,550,20,-4.7999999999999545,-277.75,277.7914730512799,-90.9900715305399,-1,-2,2.23606797749979,2.016980556838652,0.9020211268773207,True,outward,left_upper,0.892153263092041
60,75,560,20,5.2000000000000455,-277.75,277.7986726030202,-88.92744104105485,-1,-2,2.23606797749979,1.9809309916552034,0.8858992712154207,True,outward,right_upper,0.9391642212867737
60,75,170,30,-384.79999999999995,-267.75,468.7868412189062,-145.16918555372993,2,0,2.0,-1.6416843058114445,0.8208421529057223,True,inward,left_upper,0.7029273509979248
60,75,540,30,-14.799999999999955,-267.75,268.1587263170826,-93.16383001636795,0,8,8.0,-7.987806436204525,0.9984758045255656,True,inward,left_upper,0.9245812892913818
60,75,550,30,-4.7999999999999545,-267.75,267.79302175374175,-91.02704121410923,-1,-8,8.06225774829855,8.016639066772113,0.9943416989445588,True,outward,left_upper,0.8927528262138367
60,75,560,30,5.2000000000000455,-267.75,267.80049010410715,-88.88739270489401,-1,-8,8.06225774829855,7.979074269689804,0.9896823593085572,True,outward,right_upper,0.94020015001297
60,75,190,40,-364.79999999999995,-257.75,446.6700152237667,-144.7568247077505,-1,-1,1.4142135623730951,1.3937582080322164,0.985535880233991,True,outward,left_upper,0.7813804745674133
60,75,540,40,-14.799999999999955,-257.75,258.1745581965814,-93.28631399975535,0,7,7.0,-6.988488767457067,0.9983555382081525,True,inward,left_upper,0.9242845177650452
60,75,550,40,-4.7999999999999545,-257.75,257.79469059699426,-91.06687858604278,-1,-8,8.06225774829855,8.01723260946049,0.9944153188543792,True,outward,left_upper,0.8959283828735352
60,75,560,40,5.2000000000000455,-257.75,257.8024485919402,-88.84423805360119,-1,-8,8.06225774829855,7.978201957482504,0.9895741622954458,True,outward,right_upper,0.9359633326530457
60,75,780,40,225.20000000000005,-257.75,342.27197153725575,-48.85580575691054,5,-6,7.810249675906654,7.8081181698779645,0.9997270886185284,True,outward,right_upper,0.8579647541046143
60,75,280,50,-274.79999999999995,-247.75,369.9933816975649,-137.96329289504806,-8,-8,11.313708498984761,11.298580479520812,0.9986628593563899,True,outward,left_upper,0.7471495270729065
60,75,330,50,-224.79999999999995,-247.75,334.5371466668537,-132.2195412991534,6,1,6.082762530298219,-4.772414710614819,0.7845801454262661,True,inward,left_upper,0.6049580574035645
60,75,340,50,-214.79999999999995,-247.75,327.9010559604833,-130.92538699554092,0,1,1.0,-0.755563288060461,0.755563288060461,True,inward,left_upper,0.6393789052963257
60,75,540,50,-14.799999999999955,-247.75,248.19166484795576,-93.41865185721998,0,8,8.0,-7.985763749214501,0.9982204686518126,True,inward,left_upper,0.9204423427581787
60,75,550,50,-4.7999999999999545,-247.75,247.79649412370628,-91.10993073006469,-1,-8,8.06225774829855,8.017869691926066,0.9944943392089082,True,outward,left_upper,0.8938459157943726
60,75,560,50,5.2000000000000455,-247.75,247.80456513147615,-88.79760115268768,-1,-3,3.1622776601683795,2.9783551388910743,0.9418385919762934,True,outward,right_upper,0.9311240315437317
60,75,910,50,355.20000000000005,-247.75,433.0670877589291,-34.8955563620286,1,-4,4.123105625617661,3.1085253025493707,0.7539281271950676,True,outward,right_upper,0.7718367576599121
60,75,200,60,-354.79999999999995,-237.75,427.09261583408346,-146.17412547124277,2,1,2.23606797749979,-2.218137155450202,0.9919810926009339,True,inward,left_upper,0.6966485977172852
60,75,280,60,-274.79999999999995,-237.75,363.3732275498568,-139.13447040149399,7,6,9.219544457292887,-9.219446414885773,0.9999893658078696,True,inward,left_upper,0.6670046448707581
60,75,540,60,-14.799999999999955,-237.75,238.21020654035797,-93.56208094737228,0,8,8.0,-7.984544523190949,0.9980680653988686,True,inward,left_upper,0.9182331562042236
60,75,550,60,-4.7999999999999545,-237.75,237.79844932210975,-91.15660308794732,-1,-8,8.06225774829855,8.018555232112321,0.9945793700039607,True,outward,left_upper,0.9067431092262268
60,75,560,60,5.2000000000000455,-237.75,237.8068596571596,-88.74704286559611,-1,-6,6.082762530298219,5.976698914611016,0.9825632489910792,True,outward,right_upper,0.9385237097740173
60,75,810,60,255.20000000000005,-237.75,348.7866145654102,-42.972625934479616,5,-5,7.0710678118654755,7.066641599968193,0.9993740391104926,True,outward,right_upper,0.6860276460647583
60,75,840,60,285.20000000000005,-237.75,371.3005554803279,-39.8154498451653,-4,0,4.0,-3.0724435586265684,0.7681108896566421,True,inward,right_upper,0.6295671463012695
60,75,200,70,-354.79999999999995,-227.75,421.60775906048025,-147.30315081814385,2,1,2.23606797749979,-2.223275022473046,0.9942788165854207,True,inward,left_upper,0.5911703109741211
60,75,250,70,-304.79999999999995,-227.75,380.4906076370348,-143.23249949623252,3,6,6.708203932499369,-5.994628919134428,0.8936265175380447,True,inward,left_upper,0.6248408555984497
60,75,540,70,-14.799999999999955,-227.75,228.23037155470786,-93.71805454202563,0,8,8.0,-7.983161871001284,0.9978952338751605,True,inward,left_upper,0.9068375825881958
60,75,550,70,-4.7999999999999545,-227.75,227.80057616257253,-91.20737226107681,-1,-8,8.06225774829855,8.01929490598076,0.9946711152559149,True,outward,left_upper,0.9097423553466797
60,75,560,70,5.2000000000000455,-227.75,227.80935560244228,-88.69204699147441,-1,-8,8.06225774829855,7.975089500584684,0.9891881095302043,True,outward,right_upper,0.9372825622558594
60,75,680,70,125.20000000000005,-227.75,259.8944064423088,-61.20127930300168,1,-8,8.06225774829855,7.492273599325187,0.9293021673620332,True,outward,right_upper,0.7557756304740906
60,75,840,70,285.20000000000005,-227.75,364.9782219530366,-38.60954881126786,-1,3,3.1622776601683795,-2.6534459914285375,0.83909329811578,True,inward,right_upper,0.8387172818183899
60,75,90,80,-464.79999999999995,-217.75,513.2778024617858,-154.89779934811526,1,2,2.23606797749979,-1.7540209135909954,0.78442199934915,True,inward,left_upper,0.717495858669281
60,75,540,80,-14.799999999999955,-217.75,218.2523825757694,-93.8882909927584,0,8,8.0,-7.981585261252487,0.9976981576565609,True,inward,left_upper,0.9140836596488953
60,75,550,80,-4.7999999999999545,-217.75,217.80289828190993,-91.26280233589301,0,8,8.0,-7.998057021928461,0.9997571277410576,True,inward,left_upper,0.8989772796630859
60,75,560,80,5.2000000000000455,-217.75,217.81208070260934,-88.63200258777364,-1,-8,8.06225774829855,7.973846052971448,0.989033878835521,True,outward,right_upper,0.9229655265808105
60,75,840,80,285.20000000000005,-217.75,358.82321900902684,-37.36170853945676,1,0,1.0,0.7948203596959129,0.7948203596959129,True,outward,right_upper,0.7856254577636719
60,75,1000,80,445.20000000000005,-217.75,495.5987313341309,-26.06353525644478,-4,7,8.06225774829855,-6.668802381924879,0.8271631334699335,True,inward,right_upper,0.7020331621170044
60,75,1010,80,455.20000000000005,-217.75,504.6009339071818,-25.56464152392703,-6,7,9.219544457292887,-8.433297907416803,0.914719587988521,True,inward,right_upper,0.6541985273361206
60,75,70,90,-484.79999999999995,-207.75,527.4382452003267,-156.80354906510706,2,3,3.605551275463989,-3.0199744036290324,0.8375901971440968,True,inward,left_upper,0.7217679023742676
60,75,90,90,-464.79999999999995,-207.75,509.11600102530656,-155.9169594754468,2,0,2.0,-1.8259100050438062,0.9129550025219031,True,inward,left_upper,0.7373224496841431
60,75,230,90,-324.79999999999995,-207.75,385.5581700599794,-147.39602712483804,1,1,1.4142135623730951,-1.3812442359013006,0.976687165680641,True,inward,left_upper,0.7686039209365845
60,75,540,90,-14.799999999999955,-207.75,208.27650491594102,-94.07483694952286,0,8,8.0,-7.979776694787402,0.9974720868484253,True,inward,left_upper,0.9241092801094055
60,75,550,90,-4.7999999999999545,-207.75,207.80544386516922,-91.32356591909029,0,8,8.0,-7.997865547152646,0.9997331933940807,True,inward,left_upper,0.8967468738555908
60,75,560,90,5.2000000000000455,-207.75,207.81506802924565,-88.56618119402542,-1,-8,8.06225774829855,7.972472909263922,0.9888635613202051,True,outward,right_upper,0.9247549176216125
60,75,750,90,195.20000000000005,-207.75,285.0668386536744,-46.783917767020164,4,-6,7.211102550927978,7.111665494220996,0.9862105612831444,True,outward,right_upper,0.6304629445075989
60,75,1000,90,445.20000000000005,-207.75,491.2871894320063,-25.01583665287625,2,-3,3.605551275463989,3.0809881319111576,0.8545123606693606,True,outward,right_upper,0.6454757452011108
60,75,280,100,-274.79999999999995,-197.75,338.55590749534997,-144.26067085596569,8,0,8.0,-6.493462235717137,0.8116827794646422,True,inward,left_upper,0.7905843257904053
60,75,390,100,-164.79999999999995,-197.75,257.41814718469243,-129.80699600595585,-5,-5,7.0710678118654755,7.042044315156178,0.9958954577326221,True,outward,left_upper,0.6838850975036621
60,75,540,100,-14.799999999999955,-197.75,198.30305721294366,-94.28014954175754,0,8,8.0,-7.977688403972521,0.9972110504965651,True,inward,left_upper,0.9204604625701904
60,75,550,100,-4.7999999999999545,-197.75,197.80824679471783,-91.3904715475041,-1,-8,8.06225774829855,8.021910237376277,0.9949955071914208,True,outward,left_upper,0.8960473537445068
60,75,560,100,5.2000000000000455,-197.75,197.818357338241,-88.49370715476223,-1,-8,8.06225774829855,7.970948809891786,0.9886745200590947,True,outward,right_upper,0.9342988729476929
60,75,980,100,425.20000000000005,-197.75,468.93507279793016,-24.94197295497807,3,0,3.0,2.7202060029100696,0.9067353343033565,True,outward,right_upper,0.5846337676048279
60,75,390,110,-164.79999999999995,-187.75,249.81813885304643,-131.2754632329703,-5,-4,6.4031242374328485,6.304586237136612,0.9846109498047562,True,outward,left_upper,0.6758062839508057
60,75,550,110,-4.7999999999999545,-187.75,187.8113481661851,-91.46449984586806,-1,-8,8.06225774829855,8.022944378561759,0.9951237766188897,True,outward,left_upper,0.9060611724853516
60,75,560,110,5.2000000000000455,-187.75,187.82199684807955,-88.41351847317469,-1,-8,8.06225774829855,7.969247612731387,0.9884635125208208,True,outward,right_upper,0.9438536763191223
60,75,950,110,395.20000000000005,-187.75,437.5306874951745,-25.411266704983504,5,-5,7.0710678118654755,6.6618184353803676,0.9421233981382028,True,outward,right_upper,0.8430931568145752
60,75,960,110,405.20000000000005,-187.75,446.5838135221652,-24.860715440586084,2,-4,4.47213595499958,3.496320181614696,0.781800959719487,True,outward,right_upper,0.8396232724189758
60,75,340,120,-214.79999999999995,-177.75,278.8083616034497,-140.39176841642256,4,7,8.06225774829855,-7.544429399114454,0.9357712981461829,True,inward,left_upper,0.7690387964248657
60,75,1020,120,465.20000000000005,-177.75,498.0021109393012,-20.911542867852948,1,0,1.0,0.9341325865518284,0.9341325865518284,True,outward,right_upper,0.7717889547348022
60,75,90,130,-464.79999999999995,-167.75,494.14481935966904,-160.15508542359177,-6,-2,6.324555320336759,6.322640403371186,0.9996972250429346,True,outward,left_upper,0.6268153190612793
60,75,290,130,-264.79999999999995,-167.75,313.46307996317523,-147.64586502268904,3,7,7.615773105863909,-6.280324943630591,0.824647065548071,True,inward,left_upper,0.6465590000152588
60,75,920,130,365.20000000000005,-167.75,401.88443923595753,-24.6710860272605,5,-7,8.602325267042627,7.465454511510633,0.867841459112504,True,outward,right_upper,0.8476722836494446
60,75,910,140,355.20000000000005,-157.75,388.65421971207263,-23.946772226843244,4,-4,5.656854249492381,5.279242822887755,0.9332470998985858,True,outward,right_upper,0.6359644532203674
60,75,1050,140,495.20000000000005,-157.75,519.7192535398318,-17.669702479722734,7,0,7.0,6.669754827034385,0.9528221181477693,True,outward,right_upper,0.7577234506607056
60,75,380,150,-174.79999999999995,-147.75,228.87792051659326,-139.79377685862764,-1,-6,6.082762530298219,4.636969776746366,0.7623131354626512,True,outward,left_upper,0.7730434536933899
60,75,820,150,265.20000000000005,-147.75,303.580471209859,-29.123346902768667,-3,2,3.605551275463989,-3.5941047052586756,0.9968252926305033,True,inward,right_upper,0.6790661215782166
60,75,380,160,-174.79999999999995,-137.75,222.5535946687898,-141.76035326399628,-1,-3,3.1622776601683795,2.6422848881643617,0.8355638473642665,True,outward,left_upper,0.6972376704216003
60,75,130,170,-424.79999999999995,-127.75,443.5933977191274,-163.26240394091306,-3,0,3.0,2.872901189586503,0.9576337298621677,True,outward,left_upper,0.5932340025901794
60,75,210,170,-344.79999999999995,-127.75,367.7051842169212,-159.6700983599491,-1,0,1.0,0.9377077474017642,0.9377077474017642,True,outward,left_upper,0.706447184085846
60,75,220,170,-334.79999999999995,-127.75,358.34494903653933,-159.11459165535516,-1,0,1.0,0.9342952953576065,0.9342952953576065,True,outward,left_upper,0.6949227452278137
60,75,910,170,355.20000000000005,-127.75,377.47463822090094,-19.781452976860656,-1,1,1.4142135623730951,-1.2794237045334265,0.9046891774863995,True,inward,right_upper,0.7095401883125305
60,75,1000,170,445.20000000000005,-127.75,463.1663874894205,-16.010815591680633,3,1,3.1622776601683795,2.607810136109217,0.8246619735378837,True,outward,right_upper,0.786410927772522
60,75,1010,170,455.20000000000005,-127.75,472.78652952468946,-15.676556001912948,1,0,1.0,0.9628023887601667,0.9628023887601667,True,outward,right_upper,0.855678915977478
60,75,110,180,-444.79999999999995,-117.75,460.12183440910513,-165.17245787880955,8,4,8.94427190999916,-8.75724579594144,0.9790898447699655,True,inward,left_upper,0.6498523354530334
60,75,120,180,-434.79999999999995,-117.75,450.4620988496146,-164.84695503608265,-4,1,4.123105625617661,3.599525918253371,0.8730132684180617,True,outward,left_upper,0.759387195110321
60,75,290,180,-264.79999999999995,-117.75,289.8001078329682,-156.02647021596835,-1,0,1.0,0.9137332693907156,0.9137332693907156,True,outward,left_upper,0.6747090220451355
60,75,300,180,-254.79999999999995,-117.75,280.69218460797936,-155.19705909742436,6,0,6.0,-5.446535685114119,0.9077559475190199,True,inward,left_upper,0.706270694732666
60,75,970,180,415.20000000000005,-117.75,431.5739826495569,-15.833244465811639,-6,7,9.219544457292887,-7.68222861731724,0.8332546855111055,True,inward,right_upper,0.7583869099617004
60,75,100,190,-454.79999999999995,-107.75,467.3896687989583,-166.67138787567706,5,6,7.810249675906654,-6.248533493486814,0.8000427326622503,True,inward,left_upper,0.6879756450653076
60,75,110,190,-444.79999999999995,-107.75,457.6648364250851,-166.38277540433833,6,1,6.082762530298219,-6.0667759002159904,0.9973718142040562,True,inward,left_upper,0.8513290882110596
60,75,120,190,-434.79999999999995,-107.75,447.9521207673873,-166.08163934153555,-1,0,1.0,0.9706394497142765,0.9706394497142765,True,outward,left_upper,0.9020944833755493
60,75,930,190,375.20000000000005,-107.75,390.3653449014142,-16.023016019919883,5,2,5.385164807134504,4.253707511919009,0.7898936549320663,True,outward,right_upper,0.7160059809684753
60,75,950,190,395.20000000000005,-107.75,409.62556377745767,-15.250825000568284,-6,6,8.48528137423857,-7.366971856374334,0.8682059594087901,True,inward,right_upper,0.8137987852096558
60,75,1050,190,495.20000000000005,-107.75,506.7870386069478,-12.275581216134741,-6,-2,6.324555320336759,-5.437589737051773,0.8597584275319837,True,inward,right_upper,0.7461806535720825
60,75,150,200,-404.79999999999995,-97.75,416.4349919255105,-166.42426192333158,2,-1,2.23606797749979,-1.709390454218438,0.7644626511443339,True,inward,left_upper,0.8139739632606506
60,75,210,200,-344.79999999999995,-97.75,358.38820083814136,-164.17208981858934,6,3,6.708203932499369,-6.590758274061514,0.9824922349380489,True,inward,left_upper,0.6848524212837219
60,75,770,200,215.20000000000005,-97.75,236.36011190554134,-24.42890835675821,2,0,2.0,1.8209502294194402,0.9104751147097201,True,outward,right_upper,0.6380215287208557
60,75,950,200,395.20000000000005,-97.75,407.1094478147124,-13.89288058225001,-6,6,8.48528137423857,-7.2651224772020955,0.8562028949634017,True,inward,right_upper,0.8875478506088257
60,75,1050,200,495.20000000000005,-97.75,504.75548783544696,-11.166345488413036,-7,-4,8.06225774829855,-6.092851041973411,0.7557251618827543,True,inward,right_upper,0.7651496529579163
60,75,150,210,-404.79999999999995,-87.75,414.2017654477102,-167.76901903291235,2,-1,2.23606797749979,-1.7427496940283513,0.7793813567228706,True,inward,left_middle,0.6740991473197937
60,75,170,210,-384.79999999999995,-87.75,394.6784799048461,-167.15390915236708,-5,2,5.385164807134504,4.43018834070089,0.8226653221144841,True,outward,left_middle,0.6889386177062988
60,75,20,220,-534.8,-77.75,540.4221521181381,-171.72820844891837,-6,-2,6.324555320336759,6.22531846041824,0.9843092747407204,True,outward,left_middle,0.6945890188217163
60,75,330,230,-224.79999999999995,-67.75,234.78735592020277,-163.22829607327856,2,0,2.0,-1.914924243845591,0.9574621219227955,True,inward,left_middle,0.5714238286018372
60,75,700,230,145.20000000000005,-67.75,160.22828245974557,-25.013653072060688,3,-2,3.605551275463989,3.564289595025014,0.9885560688819589,True,outward,right_middle,0.7379427552223206
60,75,800,230,245.20000000000005,-67.75,254.3877011571118,-15.445745065246278,7,0,7.0,6.7471815350850575,0.9638830764407225,True,outward,right_middle,0.8501139879226685
60,75,1000,230,445.20000000000005,-67.75,450.32555168455633,-8.6528152342924,-3,-1,3.1622776601683795,-2.81540764288699,0.8903100693368842,True,inward,right_middle,0.7553281784057617
60,75,1020,230,465.20000000000005,-67.75,470.1075435472186,-8.286089756496624,4,-1,4.123105625617661,4.1023591866831906,0.9949682494657502,True,outward,right_middle,0.6396219730377197
60,75,1010,240,455.20000000000005,-57.75,458.84867058759147,-7.230335083782001,1,0,1.0,0.9920482049497517,0.9920482049497517,True,outward,right_middle,0.8007425665855408
60,75,1020,240,465.20000000000005,-57.75,468.7708422033094,-7.076503654754005,-6,1,6.082762530298219,-6.07748977434136,0.999133164260384,True,inward,right_middle,0.7739909887313843
60,75,120,250,-434.79999999999995,-47.75,437.41410871164175,-173.7328572776239,4,2,4.47213595499958,-4.194423461565791,0.9379015986481085,True,inward,left_middle,0.5608797669410706
60,75,170,250,-384.79999999999995,-47.75,387.7513410679581,-172.92630177074594,-1,0,1.0,0.9923885728935729,0.9923885728935729,True,outward,left_middle,0.8002697229385376
60,75,1000,250,445.20000000000005,-47.75,447.75339473866643,-6.121865295625408,-2,1,2.23606797749979,-2.0952381623986485,0.9370189920350243,True,inward,right_middle,0.7897035479545593
60,75,1020,250,465.20000000000005,-47.75,467.644205031988,-5.860545045362017,-8,-2,8.246211251235321,-7.753971846506611,0.9403072041533049,True,inward,right_middle,0.6964793801307678
60,75,1040,250,485.20000000000005,-47.75,487.54394930098357,-5.6205523927538685,-3,-1,3.1622776601683795,-2.887637108446338,0.913151031871307,True,inward,right_middle,0.5705224871635437
60,75,160,260,-394.79999999999995,-37.75,396.60068393788725,-174.53809550602546,7,1,7.0710678118654755,-7.063401838305268,0.998915867622236,True,inward,left_middle,0.672443151473999
60,75,990,260,435.20000000000005,-37.75,436.8341819271931,-4.957526082337139,8,-4,8.94427190999916,8.315741190339,0.9297281292446511,True,outward,right_middle,0.69134521484375
60,75,1020,260,465.20000000000005,-37.75,466.7291532570041,-4.639266467270147,-8,-2,8.246211251235321,-7.812025399648172,0.9473472315516891,True,inward,right_middle,0.5990269780158997
60,75,120,270,-434.79999999999995,-27.75,435.68463652049974,-176.34819607196496,4,0,4.0,-3.99187819402984,0.99796954850746,True,inward,left_middle,0.7124518752098083
60,75,930,270,375.20000000000005,-27.75,376.2248031430145,-4.229926038697941,-4,1,4.123105625617661,-4.062863445552662,0.9853891252043844,True,inward,right_middle,0.7789920568466187
60,75,990,270,435.20000000000005,-27.75,436.0838250841231,-3.648456560596132,7,-4,8.06225774829855,7.240351093946032,0.8980550262702812,True,outward,right_middle,0.6386263370513916
60,75,940,280,385.20000000000005,-17.75,385.6087427691442,-2.6383208256979773,-7,2,7.280109889280518,-7.0846422733613466,0.9731504580436369,True,inward,right_middle,0.5535786747932434
60,75,990,280,435.20000000000005,-17.75,435.56182396991596,-2.335562332269234,6,-2,6.324555320336759,6.076519690997544,0.9607821235207398,True,outward,right_middle,0.6607231497764587
60,75,1010,280,455.20000000000005,-17.75,455.5459389567643,-2.233051624991495,1,0,1.0,0.999240605771711,0.999240605771711,True,outward,right_middle,0.732354462146759
60,75,1020,280,465.20000000000005,-17.75,465.53850807425164,-2.185096696176907,1,0,1.0,0.9992728677254823,0.9992728677254823,True,outward,right_middle,0.75310879945755
60,75,130,300,-424.79999999999995,2.25,424.8059586446498,179.6965294294033,6,0,6.0,-5.999915839532917,0.9999859732554861,True,inward,left_middle,0.6854956150054932
60,75,140,300,-414.79999999999995,2.25,414.8061022935896,179.68921350153147,-3,1,3.1622776601683795,3.0053800874839864,0.9503846310965499,True,outward,left_middle,0.7999727725982666
60,75,170,300,-384.79999999999995,2.25,384.80657803629083,179.66498431719927,-1,0,1.0,0.9999829056033178,0.9999829056033178,True,outward,left_middle,0.6282603740692139
60,75,260,300,-294.79999999999995,2.25,294.80858620467615,179.56271030935886,3,1,3.1622776601683795,-2.992280555178781,0.9462421952598095,True,inward,left_middle,0.7592256665229797
60,75,130,310,-424.79999999999995,12.25,424.9765905317609,178.34821364914717,3,2,3.605551275463989,-2.9411031756738324,0.8157152543324597,True,inward,left_middle,0.7064440250396729
60,75,170,310,-384.79999999999995,12.25,384.9949382784142,178.17662074126952,-1,0,1.0,0.9994936601522971,0.9994936601522971,True,outward,left_middle,0.7177553772926331
60,75,260,310,-294.79999999999995,12.25,295.0544059999782,177.62052326368956,3,1,3.1622776601683795,-2.955895530670585,0.9347362402431147,True,inward,left_middle,0.6261685490608215
60,75,390,310,-164.79999999999995,12.25,165.25465954096418,175.74887818433695,8,-2,8.246211251235321,-8.126245902719099,0.9854520646074582,True,inward,left_middle,0.8419975638389587
60,75,930,310,375.20000000000005,12.25,375.3999234150162,1.8700001747857602,-4,1,4.123105625617661,-3.9652378893917946,0.9617114499213887,True,inward,right_middle,0.6067329049110413
60,75,1050,310,495.20000000000005,12.25,495.3514938909542,1.4170641817109857,-7,1,7.0710678118654755,-6.973129268002957,0.9861493982990553,True,inward,right_middle,0.652850329875946
60,75,140,320,-414.79999999999995,22.25,415.3963197959269,176.9295792731732,8,5,9.433981132056603,-7.720699118315701,0.8183924697581616,True,inward,left_middle,0.8213347792625427
60,75,390,320,-164.79999999999995,22.25,166.29522693090138,172.31086933976232,8,-8,11.313708498984761,-8.998454300926992,0.7953585070478413,True,inward,left_middle,0.6564369201660156
60,75,1010,320,455.20000000000005,22.25,455.7434612805762,2.798368331692729,3,1,3.1622776601683795,3.0452439100285353,0.9629906786447043,True,outward,right_middle,0.6409730315208435
60,75,140,330,-414.79999999999995,32.25,416.0518026640432,175.5542932418465,7,-4,8.06225774829855,-7.288996179278154,0.9040887065185204,True,inward,left_middle,0.7906128168106079
60,75,840,330,285.20000000000005,32.25,287.01759963458693,6.4515183161646,1,0,1.0,0.993667288567318,0.993667288567318,True,outward,right_middle,0.8398522138595581
60,75,850,330,295.20000000000005,32.25,296.9563983146348,6.234721863146675,-5,2,5.385164807134504,-4.753223059044752,0.8826513633802763,True,inward,right_middle,0.7562787532806396
60,75,1000,330,445.20000000000005,32.25,446.3665562068915,4.143232168401972,6,-3,6.708203932499369,5.767569196664319,0.8597784525783514,True,outward,right_middle,0.6831299066543579
60,75,1020,330,465.20000000000005,32.25,466.31652608501884,3.9656862931291386,-5,0,5.0,-4.988028238089773,0.9976056476179546,True,inward,right_middle,0.7483635544776917
60,75,1030,330,475.20000000000005,32.25,476.2930846653141,3.882491255784672,-8,-6,10.0,-8.387902593226423,0.8387902593226423,True,inward,right_middle,0.7005678415298462
60,75,140,340,-414.79999999999995,42.25,416.9461625917667,174.18412030306678,6,-1,6.082762530298219,-6.070448002847213,0.9979755041579105,True,inward,left_middle,0.7045289874076843
60,75,850,340,295.20000000000005,42.25,298.20815297372405,8.145046834281919,-3,-1,3.1622776601683795,-3.11141727933158,0.9839165353892133,True,inward,right_middle,0.6604487299919128
60,75,1020,340,465.20000000000005,42.25,467.1146566957625,5.189431650136513,-8,-3,8.54400374531753,-8.238555448510532,0.9642499809326047,True,inward,right_middle,0.626038134098053
60,75,1020,350,465.20000000000005,52.25,468.125092790378,6.408448442495624,8,-3,8.54400374531753,7.615165379729615,0.8912876921318115,True,outward,right_middle,0.6132262349128723
60,75,380,360,-174.79999999999995,62.25,185.5535030658273,160.39810344092774,-5,7,8.602325267042627,7.058611011700224,0.8205468629212723,True,outward,left_middle,0.6255158185958862
60,75,390,360,-164.79999999999995,62.25,176.16498658927654,159.30691567273593,-5,7,8.602325267042627,7.150966967897371,0.8312830247531183,True,outward,left_middle,0.5994375944137573
60,75,770,360,215.20000000000005,62.25,224.0225490882559,16.133348148681524,-8,-8,11.313708498984761,-9.907931183862956,0.8757456659548942,True,inward,right_middle,0.6514686346054077
60,75,1000,360,445.20000000000005,62.25,449.53098057864713,7.9597647827904945,7,0,7.0,6.932558899474504,0.9903655570677863,True,outward,right_middle,0.7253414988517761
60,75,1030,360,475.20000000000005,62.25,479.259952948293,7.46310623616553,-4,-3,5.0,-4.355778084853304,0.8711556169706608,True,inward,right_middle,0.6955226063728333
60,75,70,370,-484.79999999999995,72.25,490.154161973557,171.52356645390788,-4,1,4.123105625617661,4.103708906400175,0.9952956045809328,True,outward,left_middle,0.7586105465888977
60,75,110,370,-444.79999999999995,72.25,450.6296733460858,170.77387875173775,2,0,2.0,-1.9741265447399483,0.9870632723699742,True,inward,left_middle,0.7004095911979675
60,75,230,370,-324.79999999999995,72.25,332.73879019435043,167.45905216758803,-5,-1,5.0990195135927845,4.663568077210455,0.9146009472563267,True,outward,left_middle,0.687530517578125
60,75,820,370,265.20000000000005,72.25,274.8656080705624,15.23957875781553,2,2,2.8284271247461903,2.4553817581526696,0.86810854579575,True,outward,right_middle,0.7574270963668823
60,75,1010,370,455.20000000000005,72.25,460.8981476421879,9.018835224029397,8,-1,8.06225774829855,7.744335745890256,0.9605666288112177,True,outward,right_middle,0.6813828945159912
60,75,110,380,-444.79999999999995,82.25,452.34069295167325,169.52351481827324,2,-2,2.8284271247461903,-2.3303231754844944,0.8238936598706275,True,inward,left_middle,0.6585145592689514
60,75,980,380,425.20000000000005,82.25,433.0820967207026,10.94798727209347,-1,0,1.0,-0.9817999940879898,0.9817999940879898,True,inward,right_middle,0.7312361001968384
60,75,1010,380,455.20000000000005,82.25,462.57118641350763,10.242251765774824,8,-2,8.246211251235321,7.516897079040514,0.9115576656994383,True,outward,right_middle,0.7110404372215271
60,75,160,390,-394.79999999999995,92.25,405.43446141145915,166.848086740395,1,-1,1.4142135623730951,-1.2013039007695807,0.8494501345000218,True,inward,left_middle,0.6484140157699585
60,75,1000,390,445.20000000000005,92.25,454.6571263050872,11.7066034839461,2,2,2.8284271247461903,2.3641991685811896,0.8358706320896784,True,outward,right_middle,0.6200518012046814
60,75,1010,390,455.20000000000005,92.25,464.4535525754971,11.456301612407547,5,2,5.385164807134504,5.297623382049693,0.983743965464375,True,outward,right_middle,0.6760849356651306
60,75,730,400,175.20000000000005,102.25,202.85488039482811,30.268635757354435,1,0,1.0,0.8636716043459157,0.8636716043459157,True,outward,right_middle,0.6514068245887756
60,75,1000,400,445.20000000000005,102.25,456.79109284223136,12.934917551104286,3,1,3.1622776601683795,3.147718995686747,0.9953961460547847,True,outward,right_middle,0.7567302584648132
60,75,1010,400,455.20000000000005,102.25,466.54271240691355,12.660015121253961,-2,1,2.23606797749979,-1.7322101031880235,0.7746679084080691,True,inward,right_middle,0.7872909307479858
60,75,1020,400,465.20000000000005,102.25,476.304632037103,12.396375143303029,6,-3,6.708203932499369,5.216094559849814,0.7775694675260685,True,outward,right_middle,0.6990311741828918
60,75,290,410,-264.79999999999995,112.25,287.60928792373863,157.02767739620944,5,-8,9.433981132056603,-7.725758844718453,0.8189287996841946,True,inward,left_lower,0.7203801870346069
60,75,790,410,235.20000000000005,112.25,260.6129361716337,25.51296856142308,3,3,4.242640687119285,3.9996095946424255,0.9427170221568126,True,outward,right_lower,0.6638771891593933
60,75,1000,410,445.20000000000005,112.25,459.13298999309563,14.151255575222287,5,-2,5.385164807134504,4.3593033905712115,0.80950231732849,True,outward,right_lower,0.6783445477485657
60,75,200,420,-354.79999999999995,122.25,375.2707056246197,160.9880812015588,4,-5,6.4031242374328485,-5.4106275005410165,0.8449980509374365,True,inward,left_lower,0.5809329748153687
60,75,160,430,-394.79999999999995,132.25,416.36174476049064,161.4801943902619,1,0,1.0,-0.9482139148665208,0.9482139148665208,True,inward,left_lower,0.6670441031455994
60,75,900,430,345.20000000000005,132.25,369.66620416262026,20.96239788556474,2,1,2.23606797749979,2.2253860123986535,0.9952228799801158,True,outward,right_lower,0.6593638062477112
60,75,980,430,425.20000000000005,132.25,445.2921540966111,17.277266475598598,5,6,7.810249675906654,6.556369729718125,0.8394571238795933,True,outward,right_lower,0.6525073647499084
60,75,1010,430,455.20000000000005,132.25,474.0222594984333,16.20025243549169,7,-2,7.280109889280518,6.1640565215053105,0.8466982800055638,True,outward,right_lower,0.7081604599952698
60,75,1020,430,465.20000000000005,132.25,483.63323138510657,15.869726265365047,7,0,7.0,6.733201502042775,0.9618859288632535,True,outward,right_lower,0.7176673412322998
60,75,140,440,-414.79999999999995,142.25,438.51351461500013,161.07129455798085,-2,1,2.23606797749979,2.216237282568705,0.9911314436186067,True,outward,left_lower,0.6622774600982666
60,75,900,440,345.20000000000005,142.25,373.36055295116546,22.395577195492667,2,1,2.23606797749979,2.2301499004607175,0.9973533554889107,True,outward,right_lower,0.6331838369369507
60,75,980,440,425.20000000000005,142.25,448.36380596564663,18.49758480195159,3,-1,3.1622776601683795,2.5277464079846728,0.7993435996540796,True,outward,right_lower,0.7171153426170349
60,75,140,450,-414.79999999999995,152.25,441.8586906466817,159.84462334262292,-3,-1,3.1622776601683795,2.4717178209204964,0.7816258047336953,True,outward,left_lower,0.7208335399627686
60,75,610,450,55.200000000000045,152.25,161.94783882472777,70.0713011023381,-2,6,6.324555320336759,4.959004120266005,0.7840873973100068,True,outward,right_lower,0.7721881866455078
60,75,460,470,-94.79999999999995,172.25,196.61409537467043,118.82675250284187,0,-1,1.0,-0.8760816444607297,0.8760816444607297,True,inward,left_lower,0.8110772371292114
60,75,980,470,425.20000000000005,172.25,458.76475725582935,22.053040820448288,3,6,6.708203932499369,5.033298577275706,0.7503198513227637,True,outward,right_lower,0.5546964406967163
60,75,1010,470,455.20000000000005,172.25,486.7002183069163,20.72689797611872,1,0,1.0,0.9352779860742696,0.9352779860742696,True,outward,right_lower,0.6707730889320374
60,75,1020,470,465.20000000000005,172.25,496.06562317903064,20.318122461137744,1,0,1.0,0.9377791531264984,0.9377791531264984,True,outward,right_lower,0.7725594639778137
60,75,20,480,-534.8,182.25,565.0009756628743,161.18183434364875,-1,0,1.0,0.9465470380339754,0.9465470380339754,True,outward,left_lower,0.7576078772544861
60,75,140,480,-414.79999999999995,182.25,453.0718513657629,156.2808323679396,2,0,2.0,-1.831056150363814,0.915528075181907,True,inward,left_lower,0.7472947239875793
60,75,230,480,-324.79999999999995,182.25,372.4380518958824,150.70258380445605,1,0,1.0,-0.8720913406850276,0.8720913406850276,True,inward,left_lower,0.7386425733566284
60,75,780,480,225.20000000000005,182.25,289.706925184746,38.98257621218193,-1,-1,1.4142135623730951,-1.4064213333532476,0.9944900620195072,True,inward,right_lower,0.8381131887435913
60,75,980,480,425.20000000000005,182.25,462.6122593490147,23.201029912175574,-1,0,1.0,-0.919128257859701,0.919128257859701,True,inward,right_lower,0.7029438018798828
60,75,1040,480,485.20000000000005,182.25,518.2992403042861,20.587097385145828,8,-2,8.246211251235321,6.785848263900911,0.8229049750434612,True,outward,right_lower,0.6920970678329468
60,75,180,490,-374.79999999999995,192.25,421.23046245493686,152.84488733440978,-5,2,5.385164807134504,5.361673006357212,0.9956376821102729,True,outward,left_lower,0.7492179274559021
60,75,290,490,-264.79999999999995,192.25,327.2294340367321,144.01961357192457,-4,7,8.06225774829855,7.349430551929017,0.9115846678903355,True,outward,left_lower,0.7394675016403198
60,75,980,490,425.20000000000005,192.25,466.6423710937532,24.32963672063364,-1,0,1.0,-0.9111902954791327,0.9111902954791327,True,inward,right_lower,0.7602516412734985
60,75,40,500,-514.8,202.25,553.1040611855964,158.5515749865193,-8,5,9.433981132056603,9.274294585732077,0.9830732599430465,True,outward,left_lower,0.7730814814567566
60,75,180,500,-374.79999999999995,202.25,425.88742937541605,151.6477631040695,-1,0,1.0,0.8800447586576148,0.8800447586576148,True,outward,left_lower,0.8290931582450867
60,75,190,500,-364.79999999999995,202.25,417.1140161874209,150.99542771374246,-1,0,1.0,0.8745810158440833,0.8745810158440833,True,outward,left_lower,0.7302561402320862
60,75,760,500,205.20000000000005,202.25,288.11820924752396,44.585177086071404,7,3,7.615773105863909,7.091360193220966,0.9311412110952779,True,outward,right_lower,0.6799865365028381
60,75,1000,500,445.20000000000005,202.25,488.9868121943577,24.431833204821782,6,3,6.708203932499369,6.703555020819484,0.9993069811641588,True,outward,right_lower,0.7613740563392639
60,75,70,510,-484.79999999999995,212.25,529.2268913235607,156.35574435494286,-1,1,1.4142135623730951,1.3171099417429923,0.9313373713746884,True,outward,left_lower,0.678646445274353
60,75,160,510,-394.79999999999995,212.25,448.23777451259053,151.7369037921768,-1,1,1.4142135623730951,1.3543035293268184,0.9576372093718676,True,outward,left_lower,0.7967990040779114
60,75,210,510,-344.79999999999995,212.25,404.8914700262281,148.3846177763582,-1,1,1.4142135623730951,1.3758007793148008,0.9728380606152324,True,outward,left_lower,0.8854766488075256
60,75,220,510,-334.79999999999995,212.25,396.4102704269908,147.6269139774733,-2,0,2.0,1.68915906058323,0.844579530291615,True,outward,left_lower,0.8235794901847839
60,75,970,510,415.20000000000005,212.25,466.3058036310507,27.07609190900014,-6,-1,6.082762530298219,-5.797590291496816,0.9531179727334477,True,inward,right_lower,0.6036834120750427
60,75,980,510,425.20000000000005,212.25,475.2316303656566,26.527308703207947,-2,-1,2.23606797749979,-2.236067492356027,0.9999997830371135,True,inward,right_lower,0.5971818566322327
60,75,990,510,435.20000000000005,212.25,484.19944496044195,25.998806424643,-1,0,1.0,-0.8988031781729013,0.8988031781729013,True,inward,right_lower,0.7563143372535706
60,75,1010,510,455.20000000000005,212.25,502.25203085701907,24.998630502840058,-2,-3,3.605551275463989,-3.080425573113197,0.8543563349315522,True,inward,right_lower,0.7237060070037842
60,75,40,520,-514.8,222.25,560.726406101942,156.64912558311818,-8,7,10.63014581273465,10.11928444648355,0.9519422051916634,True,outward,left_lower,0.7912914156913757
60,75,60,520,-494.79999999999995,222.25,542.422439156051,155.8117482466228,-3,2,3.605551275463989,3.556084447762068,0.9862803704835524,True,outward,left_lower,0.8208092451095581
60,75,120,520,-434.79999999999995,222.25,488.3094331466472,152.92594626715592,-3,3,4.242640687119285,4.036682206399301,0.9514551205466736,True,outward,left_lower,0.6784261465072632
60,75,130,520,-424.79999999999995,222.25,479.4268479132139,152.38200318116432,5,-3,5.830951894845301,-5.821013178855563,0.9982955242696268,True,inward,left_lower,0.6318883895874023
60,75,140,520,-414.79999999999995,222.25,470.58910155251147,151.81757692211988,4,-3,5.0,-4.9426346516026465,0.9885269303205293,True,inward,left_lower,0.6704975962638855
60,75,210,520,-344.79999999999995,222.25,410.2220161083508,147.19512038210624,-1,0,1.0,0.8405204656517726,0.8405204656517726,True,outward,left_lower,0.8618267178535461
60,75,990,520,435.20000000000005,222.25,488.6656346623937,27.052707684387265,-1,-1,1.4142135623730951,-1.3453984756964035,0.9513403855629713,True,inward,right_lower,0.7814602851867676
60,75,30,530,-524.8,232.25,573.8946789263688,156.1282361940392,-1,1,1.4142135623730951,1.3191444838210988,0.9327760098747269,True,outward,left_lower,0.8101192712783813
60,75,200,530,-354.79999999999995,232.25,424.0555417631044,146.79147700363634,2,-5,5.385164807134504,-4.411804152403076,0.8192514640514109,True,inward,left_lower,0.6746537685394287
60,75,230,550,-324.79999999999995,252.25,411.24822492018126,142.1659510632219,3,-7,7.615773105863909,-6.663007482966845,0.8748957447060149,True,inward,left_lower,0.7414630651473999
60,75,760,550,205.20000000000005,252.25,325.17241964840747,50.872380402677315,0,-2,2.0,-1.5514845956046655,0.7757422978023327,True,inward,right_lower,0.732635498046875
60,75,780,550,225.20000000000005,252.25,338.1495268368714,48.24263437446429,-4,-2,4.47213595499958,-4.155853811612573,0.9292771627317318,True,inward,right_lower,0.7968243360519409
60,75,980,550,425.20000000000005,252.25,494.39367158166584,30.678547046350896,-2,0,2.0,-1.7200867423715147,0.8600433711857574,True,inward,right_lower,0.7440282702445984
60,75,110,560,-444.79999999999995,262.25,516.3546286226162,149.4767885668858,3,-1,3.1622776601683795,-3.0921578145994117,0.9778261578822797,True,inward,left_lower,0.636738121509552
60,75,160,560,-394.79999999999995,262.25,473.96424179467374,146.40548681904957,-1,0,1.0,0.8329742313577981,0.8329742313577981,True,outward,left_lower,0.5705012083053589
60,75,240,560,-314.79999999999995,262.25,409.7244226306262,140.2033812333308,4,-7,8.06225774829855,-7.553735703937161,0.9369256031948735,True,inward,left_lower,0.6617247462272644
60,75,750,560,195.20000000000005,262.25,326.92216581321003,53.338660033372044,8,6,10.0,9.589744372950436,0.9589744372950436,True,outward,right_lower,0.6550325751304626
60,75,950,560,395.20000000000005,262.25,474.2974831263603,33.56777685429073,3,1,3.1622776601683795,3.0526200359664784,0.9653232144719188,True,outward,right_lower,0.6550542712211609
60,75,960,560,405.20000000000005,262.25,482.66147816041837,32.91139862184213,4,8,8.94427190999916,7.704778956409718,0.8614204749071008,True,outward,right_lower,0.7206847667694092
60,75,160,570,-394.79999999999995,272.25,479.5697055694823,145.4102548975433,-3,6,6.708203932499369,5.87589242455126,0.8759263259848448,True,outward,left_lower,0.6855531334877014
60,75,950,570,395.20000000000005,272.25,479.89905448958746,34.562633892944,8,5,9.433981132056603,9.42458618679803,0.9990041377943136,True,outward,right_lower,0.6101894974708557
60,75,960,570,405.20000000000005,272.25,488.1670846134549,33.89677545246605,1,2,2.23606797749979,1.9454404648195414,0.8700274251030565,True,outward,right_lower,0.7803282141685486
60,75,630,580,75.20000000000005,282.25,292.0960501273511,75.08121820543617,6,5,7.810249675906654,6.376156059583791,0.816383127834337,True,outward,right_lower,0.6960867047309875
75,90,920,20,365.20000000000005,-277.75,458.82033793196223,-37.25451949389866,-3,6,6.708203932499369,-6.02000341233694,0.8974091236510728,True,inward,right_upper,0.705012321472168
75,90,90,30,-464.79999999999995,-267.75,536.4038613768547,-150.05572500177277,-2,-2,2.8284271247461903,2.7313375340724524,0.9656736460259869,True,outward,left_upper,0.7583857178688049
75,90,920,30,365.20000000000005,-267.75,452.8367283028178,-36.24737574352241,-3,4,5.0,-4.784505903750738,0.9569011807501475,True,inward,right_upper,0.7417744398117065
75,90,110,40,-444.79999999999995,-257.75,514.0837504726247,-149.9088267085372,3,1,3.1622776601683795,-3.0970634620064357,0.9793774598026691,True,inward,left_upper,0.6896182298660278
75,90,190,40,-364.79999999999995,-257.75,446.6700152237667,-144.7568247077505,-5,-6,7.810249675906654,7.5458389529717875,0.9661456760146183,True,outward,left_upper,0.7991471290588379
75,90,200,40,-354.79999999999995,-257.75,438.54087893832656,-144.00288440873496,-8,-5,9.433981132056603,9.411095289432332,0.9975741055336114,True,outward,left_upper,0.6281396150588989
75,90,310,40,-244.79999999999995,-257.75,355.4744751736754,-133.52389577110262,3,2,3.605551275463989,-3.5161455668211676,0.9752033179360856,True,inward,left_upper,0.6822414398193359
75,90,840,40,285.20000000000005,-257.75,384.4139728209681,-42.105753408671085,-5,2,5.385164807134504,-5.050544822168076,0.9378626287308592,True,inward,right_upper,0.7009942531585693
75,90,200,50,-354.79999999999995,-247.75,432.73906976375497,-145.07414556407375,-8,-8,11.313708498984761,11.139276152328003,0.9845822131025905,True,outward,left_upper,0.6057133078575134
75,90,150,60,-404.79999999999995,-237.75,469.45511233769724,-149.57313039105287,-3,-1,3.1622776601683795,3.0932669851413017,0.9781769084048731,True,outward,left_upper,0.6330717206001282
75,90,560,60,5.2000000000000455,-237.75,237.8068596571596,-88.74704286559611,0,1,1.0,-0.999760899844346,0.999760899844346,True,inward,right_upper,0.990654706954956
75,90,680,60,125.20000000000005,-237.75,268.70076758357055,-62.228548793210216,0,1,1.0,-0.8848132520725147,0.8848132520725147,True,inward,right_upper,0.7982837557792664
75,90,690,60,135.20000000000005,-237.75,273.50338663351135,-60.374644429654225,0,1,1.0,-0.8692762562336381,0.8692762562336381,True,inward,right_upper,0.7960593104362488
75,90,810,60,255.20000000000005,-237.75,348.7866145654102,-42.972625934479616,6,-5,7.810249675906654,7.798321054806163,0.9984726965723913,True,outward,right_upper,0.7461698055267334
75,90,990,60,435.20000000000005,-237.75,495.9073527383921,-28.647804223019484,-5,5,7.0710678118654755,-6.78503753053853,0.9595492096898043,True,inward,right_upper,0.5883023738861084
75,90,1050,60,495.20000000000005,-237.75,549.3160315337611,-25.646083570129488,-1,0,1.0,-0.9014847038367656,0.9014847038367656,True,inward,right_upper,0.817964494228363
75,90,110,70,-444.79999999999995,-227.75,499.7170224236913,-152.88628806163854,7,5,8.602325267042627,-8.509516004428987,0.9892111423676093,True,inward,left_upper,0.6772839426994324
75,90,140,70,-414.79999999999995,-227.75,473.2114775657919,-151.230581746208,-2,-2,2.8284271247461903,2.7156991343713317,0.9601446367882028,True,outward,left_upper,0.6405397653579712
75,90,210,70,-344.79999999999995,-227.75,413.227664248172,-146.55412738439236,-7,-6,9.219544457292887,9.147741855273722,0.9922119143357059,True,outward,left_upper,0.5964992046356201
75,90,640,70,85.20000000000005,-227.75,243.16476410039348,-69.48945825380918,1,-3,3.1622776601683795,3.1602029300706422,0.9993439127361047,True,outward,right_upper,0.6959714293479919
75,90,960,70,405.20000000000005,-227.75,464.819429994057,-29.338952521236177,-1,0,1.0,-0.8717363643881685,0.8717363643881685,True,inward,right_upper,0.7537925839424133
75,90,990,70,435.20000000000005,-227.75,491.19151305778894,-27.6240794213437,1,0,1.0,0.8860087937814156,0.8860087937814156,True,outward,right_upper,0.7215893268585205
75,90,1050,70,495.20000000000005,-227.75,545.06247577686,-24.698419289240533,-1,0,1.0,-0.9085197055515654,0.9085197055515654,True,inward,right_upper,0.7833883166313171
75,90,1050,80,495.20000000000005,-217.75,540.9603520591875,-23.736116009543114,-1,0,1.0,-0.9154090463654152,0.9154090463654152,True,inward,right_upper,0.7908422946929932
75,90,630,90,75.20000000000005,-207.75,220.9414006020601,-70.10108512383252,0,1,1.0,-0.9402945732845277,0.9402945732845277,True,inward,right_upper,0.6772969961166382
75,90,790,100,235.20000000000005,-197.75,307.28505088923544,-40.056243750613035,-7,8,10.63014581273465,-10.506205852375539,0.9883407092863549,True,inward,right_upper,0.7594261169433594
75,90,980,100,425.20000000000005,-197.75,468.93507279793016,-24.94197295497807,-5,0,5.0,-4.533676671516782,0.9067353343033565,True,inward,right_upper,0.656622052192688
75,90,110,110,-444.79999999999995,-187.75,482.8013074754458,-157.1154006471578,1,0,1.0,-0.9212899656917799,0.9212899656917799,True,inward,left_upper,0.5746440887451172
75,90,380,110,-174.79999999999995,-187.75,256.5250523828033,-132.9543096643665,-1,-7,7.0710678118654755,5.804696212586453,0.82090801092955,True,outward,left_upper,0.7223694920539856
75,90,140,120,-414.79999999999995,-177.75,451.28051420374885,-156.80391013867052,5,8,9.433981132056603,-7.746844567770522,0.8211638818575541,True,inward,left_upper,0.7222920656204224
75,90,940,120,385.20000000000005,-177.75,424.2335471176225,-24.77089580817047,-7,2,7.280109889280518,-7.193914815873423,0.9881601961072028,True,inward,right_upper,0.8275456428527832
75,90,950,120,395.20000000000005,-177.75,433.3337080126586,-24.216893559238883,5,-8,9.433981132056603,7.841531681400463,0.8312006958287199,True,outward,right_upper,0.7541411519050598
75,90,140,130,-414.79999999999995,-167.75,447.43614348865464,-157.9810126499806,-8,-6,10.0,9.665960300566697,0.9665960300566697,True,outward,left_upper,0.6058588027954102
75,90,150,130,-404.79999999999995,-167.75,438.18158621740366,-157.49077656648046,-8,-5,9.433981132056603,9.304704095842865,0.9862966615679932,True,outward,left_upper,0.6635539531707764
75,90,80,140,-474.79999999999995,-157.75,500.320000099936,-161.6211826626093,-8,3,8.54400374531753,6.646046528893149,0.7778609100605157,True,outward,left_upper,0.6292672157287598
75,90,110,140,-444.79999999999995,-157.75,471.94502063270033,-160.47275653867337,1,0,1.0,-0.942482663348563,0.942482663348563,True,inward,left_upper,0.588935375213623
75,90,70,150,-484.79999999999995,-147.75,506.81466286996863,-163.05062128014666,3,3,4.242640687119285,-3.744268149729662,0.8825324664182171,True,inward,left_upper,0.7104456424713135
75,90,250,150,-304.79999999999995,-147.75,338.7227516716289,-154.13848611615998,-1,0,1.0,0.8998509798818741,0.8998509798818741,True,outward,left_upper,0.7761775851249695
75,90,750,150,195.20000000000005,-147.75,244.81238224403606,-37.12266117856182,6,-2,6.324555320336759,5.991118531488131,0.9472790145772851,True,outward,right_upper,0.7857816815376282
75,90,1030,150,475.20000000000005,-147.75,497.63953068461115,-17.271603993617248,-7,4,8.06225774829855,-7.871963054483969,0.9763968481589739,True,inward,right_upper,0.6074918508529663
75,90,300,170,-254.79999999999995,-127.75,285.03175700261886,-153.37202102887997,3,2,3.605551275463989,-3.5781977795219113,0.9924135052167418,True,inward,left_upper,0.7263174653053284
75,90,750,170,195.20000000000005,-127.75,233.2875961126095,-33.203020853696124,-1,0,1.0,-0.8367354426584073,0.8367354426584073,True,inward,right_upper,0.7993098497390747
75,90,300,180,-254.79999999999995,-117.75,280.69218460797936,-155.19705909742436,6,0,6.0,-5.446535685114119,0.9077559475190199,True,inward,left_upper,0.7501489520072937
75,90,970,180,415.20000000000005,-117.75,431.5739826495569,-15.833244465811639,-8,8,11.313708498984761,-9.879186817111941,0.8732049988735747,True,inward,right_upper,0.7169756889343262
75,90,320,190,-234.79999999999995,-107.75,258.3429939053892,-155.3495533393283,3,6,6.708203932499369,-5.229094776592736,0.7795074254166955,True,inward,left_upper,0.6347042918205261
75,90,190,200,-364.79999999999995,-97.75,377.6693030946518,-164.99968719660507,2,0,2.0,-1.9318488265305134,0.9659244132652567,True,inward,left_upper,0.7649268507957458
75,90,1040,200,485.20000000000005,-97.75,494.94858571370827,-11.390526781348848,1,0,1.0,0.9803038416613498,0.9803038416613498,True,outward,right_upper,0.7636519074440002
75,90,340,210,-214.79999999999995,-87.75,232.03254620850063,-157.77902507810404,-5,-3,5.830951894845301,5.763200127961225,0.9883806678384759,True,outward,left_middle,0.7073215246200562
75,90,950,210,395.20000000000005,-87.75,404.82477999747005,-12.51882934291434,-3,0,3.0,-2.928674474935575,0.9762248249785249,True,inward,right_middle,0.8460178971290588
75,90,160,220,-394.79999999999995,-77.75,402.3830295874814,-168.85901523471648,5,4,6.4031242374328485,-5.678668909925342,0.8868590861829105,True,inward,left_middle,0.7349810004234314
75,90,720,220,165.20000000000005,-77.75,182.5817693528026,-25.203628999638276,-7,2,7.280109889280518,-7.185273779798995,0.9869732585189184,True,inward,right_middle,0.6398882269859314
75,90,800,220,245.20000000000005,-77.75,257.2316125595764,-17.593201352290592,4,-2,4.47213595499958,4.417419728054717,0.9877650797078981,True,outward,right_middle,0.8390216827392578
75,90,160,230,-394.79999999999995,-67.75,400.57097061569493,-170.2625529359323,1,0,1.0,-0.9855931381976464,0.9855931381976464,True,inward,left_middle,0.6361970901489258
75,90,880,260,325.20000000000005,-37.75,327.38372363329245,-6.62139695351682,2,0,2.0,1.986659546729706,0.993329773364853,True,outward,right_middle,0.7796797156333923
75,90,890,270,335.20000000000005,-27.75,336.34669985002085,-4.732519213155845,-1,1,1.4142135623730951,-1.0790948749068796,0.7630353035903037,True,inward,right_middle,0.7681265473365784
75,90,930,270,375.20000000000005,-27.75,376.2248031430145,-4.229926038697941,-7,2,7.280109889280518,-7.128450802805068,0.9791680223537892,True,inward,right_middle,0.7294665575027466
75,90,290,280,-264.79999999999995,-17.75,265.3942397641667,-176.16510208741246,-7,5,8.602325267042627,6.649918255830541,0.7730372950797175,True,outward,left_middle,0.7339163422584534
75,90,800,280,245.20000000000005,-17.75,245.84162076426364,-4.140412686351411,-4,-1,4.123105625617661,-3.917359465033239,0.9500992263438315,True,inward,right_middle,0.7712041735649109
75,90,860,280,305.20000000000005,-17.75,305.7157217089105,-3.3284920281839816,6,-3,6.708203932499369,6.164059831356313,0.918883786685907,True,outward,right_middle,0.7882373929023743
75,90,1010,280,455.20000000000005,-17.75,455.5459389567643,-2.233051624991495,-8,3,8.54400374531753,-8.11081755763534,0.9492993916441581,True,inward,right_middle,0.6520292162895203
75,90,370,290,-184.79999999999995,-7.75,184.9624353754026,-177.5985809060287,4,1,4.123105625617661,-4.0383875703408565,0.9794528535115777,True,inward,left_middle,0.731306254863739
75,90,1010,290,455.20000000000005,-7.75,455.26596896759156,-0.9753940998954628,-6,5,7.810249675906654,-6.084245669144625,0.7790078322225127,True,inward,right_middle,0.7184792160987854
75,90,170,300,-384.79999999999995,2.25,384.80657803629083,179.66498431719927,-5,4,6.4031242374328485,5.0233029015883925,0.7845081112470096,True,outward,left_middle,0.5706998109817505
75,90,850,300,295.20000000000005,2.25,295.2085745705907,0.4366971801478778,1,0,1.0,0.9999709541953409,0.9999709541953409,True,outward,right_middle,0.6410598754882812
75,90,1020,310,465.20000000000005,12.25,465.36126020544515,1.5084074308836786,1,0,1.0,0.999653473077295,0.999653473077295,True,outward,right_middle,0.75987708568573
75,90,960,320,405.20000000000005,22.25,405.8104268004952,3.1430209826261217,-7,3,7.615773105863909,-6.824984813319293,0.8961644101587358,True,inward,right_middle,0.6508030295372009
75,90,1030,320,475.20000000000005,22.25,475.7206139111485,2.6807674625988955,-4,-2,4.47213595499958,-4.08916482303903,0.9143650515516168,True,inward,right_middle,0.7102442979812622
75,90,1020,330,465.20000000000005,32.25,466.31652608501884,3.9656862931291386,-4,-1,4.123105625617661,-4.0595816234375945,0.9845931664264483,True,inward,right_middle,0.7414979338645935
75,90,170,340,-384.79999999999995,42.25,387.1125191723977,173.73417692298634,-3,3,4.242640687119285,3.309502887529838,0.7800573113762694,True,outward,left_middle,0.7528896927833557
75,90,800,350,245.20000000000005,52.25,250.70521035670563,12.029313610882477,1,0,1.0,0.978041101144756,0.978041101144756,True,outward,right_middle,0.7636209726333618
75,90,870,350,315.20000000000005,52.25,319.5013341130206,9.412203707251528,1,0,1.0,0.986537351635912,0.986537351635912,True,outward,right_middle,0.7458482980728149
75,90,1000,350,445.20000000000005,52.25,448.2556218275461,6.693782131854848,6,3,6.708203932499369,6.308788696213999,0.9404586920277848,True,outward,right_middle,0.5923768281936646
75,90,810,360,255.20000000000005,62.25,262.6825127411416,13.708253114174418,4,1,4.123105625617661,4.12303806864861,0.9999836150282857,True,outward,right_middle,0.749751091003418
75,90,1010,370,455.20000000000005,72.25,460.8981476421879,9.018835224029397,-1,-1,1.4142135623730951,-1.1443960074438806,0.8092101772263787,True,inward,right_middle,0.6669543981552124
75,90,1030,370,475.20000000000005,72.25,480.6611098268717,8.645112408994187,-7,-1,7.0710678118654755,-7.070782159230966,0.9999596026170149,True,inward,right_middle,0.711189329624176
75,90,1030,380,475.20000000000005,82.25,482.2655933196977,9.819750888786968,-6,-7,9.219544457292887,-7.105939232385271,0.7707473254564435,True,inward,right_middle,0.7183080315589905
75,90,890,390,335.20000000000005,92.25,347.6623397781244,15.387374521476765,-5,-5,7.0710678118654755,-6.14748782213218,0.869386065258277,True,inward,right_middle,0.691817045211792
75,90,1020,390,465.20000000000005,92.25,474.25847646615665,11.216344909541025,-4,-2,4.47213595499958,-4.31262718853261,0.9643327555172717,True,inward,right_middle,0.7577674388885498
75,90,1030,390,475.20000000000005,92.25,484.0713816163893,10.986112920063299,-7,-2,7.280109889280518,-7.252855949212617,0.9962563834224494,True,inward,right_middle,0.7163639068603516
75,90,900,400,345.20000000000005,102.25,360.02514148320256,16.499557723143006,1,1,1.4142135623730951,1.2428298705935692,0.8788134293579121,True,outward,right_middle,0.6729924082756042
75,90,1000,400,445.20000000000005,102.25,456.79109284223136,12.934917551104286,6,0,6.0,5.847749752254018,0.9746249587090029,True,outward,right_middle,0.7497757077217102
75,90,350,410,-204.79999999999995,112.25,233.5446477656895,151.27304188264486,-1,0,1.0,0.8769201176704831,0.8769201176704831,True,outward,left_lower,0.7121482491493225
75,90,900,410,345.20000000000005,112.25,362.991876630869,18.01316845847024,1,1,1.4142135623730951,1.2602210392305464,0.8911108426338774,True,outward,right_lower,0.818452775478363
75,90,960,410,405.20000000000005,112.25,420.4605837649946,15.483992250270084,-2,-3,3.605551275463989,-2.7283175743321744,0.7566991469233991,True,inward,right_lower,0.5744176506996155
75,90,1010,420,455.20000000000005,122.25,471.33014172658216,15.032822066749853,8,1,8.06225774829855,7.985591556296868,0.9904907292231061,True,outward,right_lower,0.6662033796310425
75,90,320,430,-234.79999999999995,132.25,269.483028222558,150.60981740039597,1,0,1.0,-0.8712979127059743,0.8712979127059743,True,inward,left_lower,0.7673088908195496
75,90,1030,430,475.20000000000005,132.25,493.2596704576607,15.552090940791674,-5,0,5.0,-4.816935464834329,0.9633870929668659,True,inward,right_lower,0.7362115979194641
75,90,990,440,435.20000000000005,142.25,457.8581685413072,18.100560702595132,-5,-7,8.602325267042627,-6.927363576595991,0.8052896584992226,True,inward,right_lower,0.6164006590843201
75,90,150,450,-404.79999999999995,152.25,432.48480031094726,159.38813438314241,1,0,1.0,-0.9359866513434865,0.9359866513434865,True,inward,left_lower,0.5616174936294556
75,90,380,450,-174.79999999999995,152.25,231.80833138608278,138.9442843641094,-1,0,1.0,0.7540712577274283,0.7540712577274283,True,outward,left_lower,0.6730831265449524
75,90,400,460,-154.79999999999995,162.25,224.2500891861584,133.65391887399392,-3,5,5.830951894845301,5.68851501745016,0.9755722770546164,True,outward,left_lower,0.752455472946167
75,90,610,470,55.200000000000045,172.25,180.87869553930338,72.23119291315545,2,-6,6.324555320336759,-5.1034202632195464,0.80692159444149,True,inward,right_lower,0.756024181842804
75,90,1010,470,455.20000000000005,172.25,486.7002183069163,20.72689797611872,5,-1,5.0990195135927845,4.3224759736461875,0.8477072821791494,True,outward,right_lower,0.6336873769760132
75,90,20,480,-534.8,182.25,565.0009756628743,161.18183434364875,-8,0,8.0,7.5723763042718035,0.9465470380339754,True,outward,left_lower,0.7479861378669739
75,90,180,490,-374.79999999999995,192.25,421.23046245493686,152.84488733440978,-2,0,2.0,1.7795484106997412,0.8897742053498706,True,outward,left_lower,0.7331827282905579
75,90,220,490,-334.79999999999995,192.25,386.07136969736564,150.134548503915,-5,4,6.4031242374328485,6.3278455533105795,0.9882434447106012,True,outward,left_lower,0.7616302967071533
75,90,230,490,-324.79999999999995,192.25,377.4322488871347,149.378595181658,-8,5,9.433981132056603,9.431229076200266,0.9997082826626623,True,outward,left_lower,0.7300835251808167
75,90,290,490,-264.79999999999995,192.25,327.2294340367321,144.01961357192457,-1,4,4.123105625617661,3.1592512545309543,0.7662309776644841,True,outward,left_lower,0.7962207794189453
75,90,460,490,-94.79999999999995,192.25,214.35275248990854,116.2482719811307,1,5,5.0990195135927845,4.042168761237584,0.7927345150302161,True,outward,left_lower,0.7259234189987183
75,90,470,490,-84.79999999999995,192.25,210.1216373912977,113.8019078293138,0,4,4.0,3.6597849205217003,0.9149462301304251,True,outward,left_lower,0.7233940958976746
75,90,980,490,425.20000000000005,192.25,466.6423710937532,24.32963672063364,-1,0,1.0,-0.9111902954791327,0.9111902954791327,True,inward,right_lower,0.7438318729400635
75,90,170,500,-384.79999999999995,202.25,434.7138167806494,152.2736870054327,-1,1,1.4142135623730951,1.350428666720334,0.9548972677466563,True,outward,left_lower,0.8997215628623962
75,90,180,500,-374.79999999999995,202.25,425.88742937541605,151.6477631040695,-1,1,1.4142135623730951,1.3549355068926803,0.9580840849942462,True,outward,left_lower,0.8278560042381287
75,90,300,500,-254.79999999999995,202.25,325.3123153217535,141.55886636686935,-4,0,4.0,3.13298929058972,0.78324732264743,True,outward,left_lower,0.7593647837638855
75,90,30,510,-524.8,212.25,566.0963720957766,157.97963280266603,1,0,1.0,-0.9270506328403217,0.9270506328403217,True,inward,left_lower,0.792596161365509
75,90,70,510,-484.79999999999995,212.25,529.2268913235607,156.35574435494286,-1,2,2.23606797749979,1.7181666595321754,0.7683874894775362,True,outward,left_lower,0.7270423173904419
75,90,180,510,-374.79999999999995,212.25,430.72625007073805,150.4770343803474,-1,1,1.4142135623730951,1.362930631470891,0.9637374917999304,True,outward,left_lower,0.859906017780304
75,90,980,510,425.20000000000005,212.25,475.2316303656566,26.527308703207947,7,4,8.06225774829855,8.04954837929586,0.9984235967889552,True,outward,right_lower,0.6465250849723816
75,90,120,520,-434.79999999999995,222.25,488.3094331466472,152.92594626715592,-8,3,8.54400374531753,8.488777235550852,0.9935362259412697,True,outward,left_lower,0.7293559312820435
75,90,160,520,-394.79999999999995,222.25,453.05860823959625,150.6229573851729,5,-3,5.830951894845301,-5.828716090973073,0.9996165627992567,True,inward,left_lower,0.8102421164512634
75,90,170,520,-384.79999999999995,222.25,444.3715815620976,149.99043986484884,4,-1,4.123105625617661,-3.963912349678127,0.9613899593184237,True,inward,left_lower,0.8487856388092041
75,90,980,520,425.20000000000005,222.25,479.7813069514068,27.59585268333941,6,1,6.082762530298219,5.780654560351391,0.9503337556838641,True,outward,right_lower,0.7207984924316406
75,90,990,520,435.20000000000005,222.25,488.6656346623937,27.052707684387265,1,0,1.0,0.8905885111005777,0.8905885111005777,True,outward,right_lower,0.8022921085357666
75,90,130,530,-424.79999999999995,232.25,484.14367960348295,151.3333430179143,-5,3,5.830951894845301,5.826266290019967,0.9991964254019183,True,outward,left_lower,0.6303547024726868
75,90,230,530,-324.79999999999995,232.25,399.2932537621942,144.43313094626097,-2,5,5.385164807134504,4.5351379792619335,0.8421539807386365,True,outward,left_lower,0.5664011836051941
75,90,280,530,-274.79999999999995,232.25,359.79869719052624,139.79683820044303,2,-7,7.280109889280518,-6.046019668737362,0.83048467134263,True,inward,left_lower,0.6700331568717957
75,90,550,530,-4.7999999999999545,232.25,232.29959642668345,91.18398533611825,-4,-5,6.4031242374328485,-4.916280603011916,0.7677940362723557,True,inward,left_lower,0.7881401181221008
75,90,980,530,425.20000000000005,232.25,484.49468779337514,28.643964862085326,1,0,1.0,0.8776154015982467,0.8776154015982467,True,outward,right_lower,0.7739410400390625
75,90,550,540,-4.7999999999999545,242.25,242.29754951299034,91.13512387550001,-2,-6,6.324555320336759,-5.959201828091902,0.9422325406704793,True,inward,left_lower,0.6292312741279602
75,90,710,540,155.20000000000005,242.25,287.7014120577096,57.35391877163188,-2,-3,3.605551275463989,-3.604952761900104,0.9998340022043347,True,inward,right_lower,0.7346874475479126
75,90,970,540,415.20000000000005,242.25,480.70375752640007,30.261584916666784,1,0,1.0,0.8637336269983232,0.8637336269983232,True,outward,right_lower,0.7852528691291809
75,90,150,550,-404.79999999999995,252.25,476.9623701090055,148.07101706156607,-4,0,4.0,3.394817078818914,0.8487042697047285,True,outward,left_lower,0.6901947259902954
75,90,830,550,275.20000000000005,252.25,373.3163571289102,42.50856146453096,4,1,4.123105625617661,3.6244058803262598,0.8790475455702901,True,outward,right_lower,0.5783361792564392
75,90,960,560,405.20000000000005,262.25,482.66147816041837,32.91139862184213,6,3,6.708203932499369,6.6670951497199775,0.9938718644822004,True,outward,right_lower,0.6866822838783264
75,90,950,570,395.20000000000005,272.25,479.89905448958746,34.562633892944,8,4,8.94427190999916,8.857279380391502,0.9902739395131307,True,outward,right_lower,0.5849953889846802
75,90,960,570,405.20000000000005,272.25,488.1670846134549,33.89677545246605,6,6,8.48528137423857,8.326452413764336,0.9812818274999766,True,outward,right_lower,0.7751800417900085
75,90,180,580,-374.79999999999995,282.25,469.1909019791411,143.01775543799056,-3,8,8.54400374531753,7.20900594136067,0.843750325520574,True,outward,left_lower,0.7389167547225952
90,105,540,20,-14.799999999999955,-277.75,278.14403193309755,-93.05013983670415,1,8,8.06225774829855,-8.041876665317131,0.9974720377817592,True,inward,left_upper,0.9135072231292725
90,105,560,20,5.2000000000000455,-277.75,277.7986726030202,-88.92744104105485,0,-2,2.0,1.9996495836170554,0.9998247918085277,True,outward,right_upper,0.9349039196968079
90,105,540,30,-14.799999999999955,-267.75,268.1587263170826,-93.16383001636795,1,8,8.06225774829855,-8.042997629134417,0.9976110762313204,True,inward,left_upper,0.9191718697547913
90,105,550,30,-4.7999999999999545,-267.75,267.79302175374175,-91.02704121410923,0,-8,8.0,7.99871477595764,0.999839346994705,True,outward,left_upper,0.899859607219696
90,105,560,30,5.2000000000000455,-267.75,267.80049010410715,-88.88739270489401,0,-8,8.0,7.9984917098818595,0.9998114637352324,True,outward,right_upper,0.9408876299858093
90,105,540,40,-14.799999999999955,-257.75,258.1745581965814,-93.28631399975535,1,8,8.06225774829855,-8.04416986130239,0.9977564737371517,True,inward,left_upper,0.923786997795105
90,105,550,40,-4.7999999999999545,-257.75,257.79469059699426,-91.06687858604278,1,8,8.06225774829855,-8.01723260946049,0.9944153188543792,True,inward,left_upper,0.9007146954536438
90,105,560,40,5.2000000000000455,-257.75,257.8024485919402,-88.84423805360119,0,-8,8.0,7.998372440844478,0.9997965551055598,True,outward,right_upper,0.9194878339767456
90,105,540,50,-14.799999999999955,-247.75,248.19166484795576,-93.41865185721998,1,8,8.06225774829855,-8.045395082962418,0.9979084437805664,True,inward,left_upper,0.9228058457374573
90,105,550,50,-4.7999999999999545,-247.75,247.79649412370628,-91.10993073006469,1,8,8.06225774829855,-8.017869691926066,0.9944943392089082,True,inward,left_upper,0.8985393047332764
90,105,560,50,5.2000000000000455,-247.75,247.80456513147615,-88.79760115268768,0,-7,7.0,6.998458640501113,0.9997798057858732,True,outward,right_upper,0.9126302003860474
90,105,540,60,-14.799999999999955,-237.75,238.21020654035797,-93.56208094737228,1,6,6.082762530298219,-6.050538391837599,0.9947023842702865,True,inward,left_upper,0.9203842878341675
90,105,550,60,-4.7999999999999545,-237.75,237.79844932210975,-91.15660308794732,1,8,8.06225774829855,-8.018555232112321,0.9945793700039607,True,inward,left_upper,0.9016489386558533
90,105,560,60,5.2000000000000455,-237.75,237.8068596571596,-88.74704286559611,0,-5,5.0,4.99880449922173,0.9997608998443461,True,outward,right_upper,0.9261295795440674
90,105,540,70,-14.799999999999955,-227.75,228.23037155470786,-93.71805454202563,1,7,7.0710678118654755,-7.050113396561261,0.9970365981685181,True,inward,left_upper,0.912848174571991
90,105,550,70,-4.7999999999999545,-227.75,227.80057616257253,-91.20737226107681,0,-8,8.0,7.99822384426152,0.99977798053269,True,outward,left_upper,0.909505307674408
90,105,560,70,5.2000000000000455,-227.75,227.80935560244228,-88.69204699147441,0,-8,8.0,7.997915604395252,0.9997394505494065,True,outward,right_upper,0.9417954683303833
90,105,230,80,-324.79999999999995,-217.75,391.03721370222553,-146.1616034237159,8,8,11.313708498984761,-11.099710840577977,0.9810851005728151,True,inward,left_upper,0.6324771642684937
90,105,400,80,-154.79999999999995,-217.75,267.166806508593,-125.40928759482186,2,3,3.605551275463989,-3.6039282446153402,0.9995498522348875,True,inward,left_upper,0.6540364623069763
90,105,540,80,-14.799999999999955,-217.75,218.2523825757694,-93.8882909927584,1,8,8.06225774829855,-8.04939666301284,0.998404778700058,True,inward,left_upper,0.9148672819137573
90,105,550,80,-4.7999999999999545,-217.75,217.80289828190993,-91.26280233589301,0,-8,8.0,7.998057021928461,0.9997571277410576,True,outward,left_upper,0.910198450088501
90,105,560,80,5.2000000000000455,-217.75,217.81208070260934,-88.63200258777364,0,-8,8.0,7.997719843549207,0.9997149804436509,True,outward,right_upper,0.9430763125419617
90,105,540,90,-14.799999999999955,-207.75,208.27650491594102,-94.07483694952286,1,8,8.06225774829855,-8.050836078110418,0.9985833161696497,True,inward,left_upper,0.9279400706291199
90,105,550,90,-4.7999999999999545,-207.75,207.80544386516922,-91.32356591909029,0,-8,8.0,7.997865547152646,0.9997331933940807,True,outward,left_upper,0.908959686756134
90,105,560,90,5.2000000000000455,-207.75,207.81506802924565,-88.56618119402542,0,-8,8.0,7.997495156444132,0.9996868945555165,True,outward,right_upper,0.9426175355911255
90,105,540,100,-14.799999999999955,-197.75,198.30305721294366,-94.28014954175754,1,8,8.06225774829855,-8.05232164567846,0.998767578148666,True,inward,left_upper,0.9348992109298706
90,105,550,100,-4.7999999999999545,-197.75,197.80824679471783,-91.3904715475041,0,-8,8.0,7.99764431278628,0.999705539098285,True,outward,left_upper,0.9085711240768433
90,105,560,100,5.2000000000000455,-197.75,197.818357338241,-88.49370715476223,0,-8,8.0,7.997235551273976,0.999654443909247,True,outward,right_upper,0.945907711982727
90,105,540,110,-14.799999999999955,-187.75,188.33242551403623,-94.50720449216269,1,5,5.0990195135927845,-5.0631217507944895,0.9929598694998911,True,inward,left_upper,0.9195806384086609
90,105,550,110,-4.7999999999999545,-187.75,187.8113481661851,-91.46449984586806,0,-8,8.0,7.997386817493869,0.9996733521867336,True,outward,left_upper,0.9044790863990784
90,105,560,110,5.2000000000000455,-187.75,187.82199684807955,-88.41351847317469,0,-8,8.0,7.996933400803409,0.9996166751004262,True,outward,right_upper,0.9497760534286499
90,105,150,130,-404.79999999999995,-167.75,438.18158621740366,-157.49077656648046,-3,-5,5.830951894845301,4.685614513662675,0.8035762596163534,True,outward,left_upper,0.5911023020744324
90,105,1050,150,495.20000000000005,-147.75,516.7718089253709,-16.613224964196778,4,-3,5.0,4.690755103380779,0.9381510206761557,True,outward,right_upper,0.8115532398223877
90,105,950,200,395.20000000000005,-97.75,407.1094478147124,-13.89288058225001,-4,5,6.4031242374328485,-5.083522406834228,0.7939128179203223,True,inward,right_upper,0.839940071105957
90,105,340,210,-214.79999999999995,-87.75,232.03254620850063,-157.77902507810404,-3,-5,5.830951894845301,4.668095134493327,0.800571710876235,True,outward,left_middle,0.693964421749115
90,105,880,220,325.20000000000005,-77.75,334.3652232215546,-13.446078950485843,-1,0,1.0,-0.97258918516331,0.97258918516331,True,inward,right_middle,0.8663931488990784
90,105,700,230,145.20000000000005,-67.75,160.22828245974557,-25.013653072060688,3,-2,3.605551275463989,3.564289595025014,0.9885560688819589,True,outward,right_middle,0.6996863484382629
90,105,80,240,-474.79999999999995,-57.75,478.299176771192,-173.0651690132457,4,-1,4.123105625617661,-3.8499961727530003,0.9337612281461387,True,inward,left_middle,0.5937365293502808
90,105,190,240,-364.79999999999995,-57.75,369.3427980887132,-171.00438878209383,-7,-2,7.280109889280518,7.2266198604985465,0.9926525794808768,True,outward,left_middle,0.5937384963035583
90,105,750,240,195.20000000000005,-57.75,203.56350974573024,-16.480872952072342,1,0,1.0,0.9589144942717042,0.9589144942717042,True,outward,right_middle,0.7759369611740112
90,105,780,250,225.20000000000005,-47.75,230.2066517283982,-11.971336799605977,-1,0,1.0,-0.9782514897340798,0.9782514897340798,True,inward,right_middle,0.8932719826698303
90,105,400,270,-154.79999999999995,-27.75,157.2676142757942,-169.83690188611817,-6,1,6.082762530298219,5.729405918372125,0.9419085308416979,True,outward,left_middle,0.8134905695915222
90,105,700,270,145.20000000000005,-27.75,147.8279489812397,-10.819652198260185,1,0,1.0,0.9822229219890404,0.9822229219890404,True,outward,right_middle,0.6941600441932678
90,105,770,270,215.20000000000005,-27.75,216.98180223235317,-7.347732979858872,-3,-2,3.605551275463989,-2.7195829047824778,0.7542765854668095,True,inward,right_middle,0.7787318229675293
90,105,130,300,-424.79999999999995,2.25,424.8059586446498,179.6965294294033,8,-4,8.94427190999916,-8.021073929545064,0.8967833279507061,True,inward,left_middle,0.6711651682853699
90,105,270,310,-284.79999999999995,12.25,285.06333068285016,177.53707536305842,-3,-1,3.1622776601683795,2.9542558068857394,0.9342177140537483,True,outward,left_middle,0.6587589979171753
90,105,920,310,365.20000000000005,12.25,365.40539473302806,1.9211671382546003,5,1,5.0990195135927845,5.030713904328259,0.9866041679027823,True,outward,right_middle,0.5724155306816101
90,105,1010,320,455.20000000000005,22.25,455.7434612805762,2.798368331692729,4,3,5.0,4.141694089688627,0.8283388179377255,True,outward,right_middle,0.7207846641540527
90,105,1000,330,445.20000000000005,32.25,446.3665562068915,4.143232168401972,7,2,7.280109889280518,7.126205930458752,0.9788596654223064,True,outward,right_middle,0.712501585483551
90,105,770,340,215.20000000000005,42.25,219.30823627944307,11.107547150691484,-7,-2,7.280109889280518,-7.25417351846682,0.9964373654782481,True,inward,right_middle,0.8199158906936646
90,105,770,350,215.20000000000005,52.25,221.45225783450488,13.647186600067084,-7,-2,7.280109889280518,-7.2742541248048775,0.9991956488892754,True,inward,right_middle,0.7761675119400024
90,105,970,350,415.20000000000005,52.25,418.4747334069287,7.172566816707053,4,-2,4.47213595499958,3.71898199762192,0.8315896553780574,True,outward,right_middle,0.7085838913917542
90,105,310,370,-244.79999999999995,72.25,255.23930437924324,163.55662038514458,4,-1,4.123105625617661,-4.119467425117723,0.9991176067677401,True,inward,left_middle,0.6922176480293274
90,105,910,370,355.20000000000005,72.25,362.4735886930247,11.497481900769635,1,0,1.0,0.9799334657202168,0.9799334657202168,True,outward,right_middle,0.6680538058280945
90,105,370,390,-184.79999999999995,92.25,206.5456426555641,153.47216595280494,1,0,1.0,-0.8947174950002348,0.8947174950002348,True,inward,left_middle,0.7245602011680603
90,105,820,400,265.20000000000005,102.25,284.2289614025988,21.084547725873986,-1,-1,1.4142135623730951,-1.2927957734733513,0.9141446581123144,True,inward,right_middle,0.7760025262832642
90,105,700,410,145.20000000000005,112.25,183.52956846241426,37.70659196179231,-1,0,1.0,-0.7911531706659907,0.7911531706659907,True,inward,right_lower,0.7268825173377991
90,105,910,410,355.20000000000005,112.25,372.5145668292718,17.53753345960653,-1,0,1.0,-0.9535197590347997,0.9535197590347997,True,inward,right_lower,0.8421283960342407
90,105,910,420,355.20000000000005,122.25,375.64890855691306,18.992043909751214,-2,-2,2.8284271247461903,-2.5420012630099977,0.8987331654295689,True,inward,right_lower,0.8901563882827759
90,105,930,420,375.20000000000005,122.25,394.61386506305126,18.046967946347706,1,1,1.4142135623730951,1.2605993961223783,0.8913783813578005,True,outward,right_lower,0.5720223188400269
90,105,260,450,-294.79999999999995,152.25,331.7937650107367,152.68582515657818,-2,5,5.385164807134504,4.07135438472235,0.7560315293096398,True,outward,left_lower,0.7283486127853394
90,105,660,450,105.20000000000005,152.25,185.0597268451459,55.35673682409061,7,5,8.602325267042627,8.092792665003783,0.9407680381499902,True,outward,right_lower,0.696765661239624
90,105,440,460,-114.79999999999995,162.25,198.75638983438995,125.28131879893643,4,-7,8.06225774829855,-8.024647667071042,0.9953350435570676,True,inward,left_lower,0.6657809019088745
90,105,640,470,85.20000000000005,172.25,192.1694629747401,63.681624497090255,0,-2,2.0,-1.7926885711559861,0.8963442855779931,True,inward,right_lower,0.6959552764892578
90,105,400,480,-154.79999999999995,182.25,239.1194314563331,130.34399750761887,0,-2,2.0,-1.5243428682480926,0.7621714341240463,True,inward,left_lower,0.8422081470489502
90,105,570,490,15.200000000000045,192.25,192.84994814622067,85.47938649100377,0,2,2.0,1.9937780834064236,0.9968890417032118,True,outward,right_lower,0.6936512589454651
90,105,1020,490,465.20000000000005,192.25,503.359814148885,22.45350263473453,-5,-3,5.830951894845301,-5.766749586293787,0.9889893949205325,True,inward,right_lower,0.7397945523262024
90,105,160,500,-394.79999999999995,202.25,443.5900162312041,152.87463088786103,4,-1,4.123105625617661,-4.0159830808083115,0.974018966639182,True,inward,left_lower,0.6842185854911804
90,105,220,520,-334.79999999999995,222.25,401.8533345637435,146.4226336687282,3,-4,5.0,-4.711669251309053,0.9423338502618106,True,inward,left_lower,0.7906150221824646
90,105,260,520,-294.79999999999995,222.25,369.19114629145696,142.9873249006975,4,-3,5.0,-4.999984475637234,0.9999968951274468,True,inward,left_lower,0.7971937656402588
90,105,760,520,205.20000000000005,222.25,302.49314455041787,47.284186328912135,-2,-1,2.23606797749979,-2.0914523565163097,0.9353259281745187,True,inward,right_lower,0.7009209394454956
90,105,550,530,-4.7999999999999545,232.25,232.29959642668345,91.18398533611825,2,-4,4.47213595499958,-4.0404719355430885,0.9034769909054494,True,inward,left_lower,0.7925732135772705
90,105,600,530,45.200000000000045,232.25,236.60748614530354,78.9868849809284,0,-3,3.0,-2.944750444506719,0.9815834815022396,True,inward,right_lower,0.7619767785072327
90,105,810,540,255.20000000000005,242.25,351.86943956530246,43.50876912608321,-5,-1,5.0990195135927845,-4.314810635091351,0.8462039856072491,True,inward,right_lower,0.7545427083969116
90,105,980,560,425.20000000000005,262.25,499.5699175290682,31.664981338547793,-6,-1,6.082762530298219,-5.631744228947284,0.9258530480017237,True,inward,right_lower,0.7019076347351074
105,120,180,20,-374.79999999999995,-277.75,466.49769827942345,-143.45926482231795,6,8,10.0,-9.583755753757382,0.9583755753757381,True,inward,left_upper,0.6154839992523193
105,120,550,40,-4.7999999999999545,-257.75,257.79469059699426,-91.06687858604278,0,7,7.0,-6.998786498751253,0.9998266426787504,True,inward,left_upper,0.9783872365951538
105,120,560,40,5.2000000000000455,-257.75,257.8024485919402,-88.84423805360119,0,6,6.0,-5.998779330633359,0.9997965551055598,True,inward,right_upper,0.9724421501159668
105,120,550,60,-4.7999999999999545,-237.75,237.79844932210975,-91.15660308794732,0,8,8.0,-7.998370071049736,0.999796258881217,True,inward,left_upper,0.9799156785011292
105,120,740,60,185.20000000000005,-237.75,301.37037429050656,-52.08249660705781,0,-1,1.0,0.7888963889025814,0.7888963889025814,True,outward,right_upper,0.8061556816101074
105,120,990,60,435.20000000000005,-237.75,495.9073527383921,-28.647804223019484,-6,3,6.708203932499369,-6.70377235111043,0.9993393788511006,True,inward,right_upper,0.6084233522415161
105,120,550,70,-4.7999999999999545,-227.75,227.80057616257253,-91.20737226107681,0,8,8.0,-7.99822384426152,0.99977798053269,True,inward,left_upper,0.9816457629203796
105,120,560,70,5.2000000000000455,-227.75,227.80935560244228,-88.69204699147441,0,6,6.0,-5.998436703296439,0.9997394505494065,True,inward,right_upper,0.9723732471466064
105,120,990,70,435.20000000000005,-227.75,491.19151305778894,-27.6240794213437,-2,0,2.0,-1.7720175875628312,0.8860087937814156,True,inward,right_upper,0.6772645711898804
105,120,1000,70,445.20000000000005,-227.75,500.0730971568057,-27.09282458642384,-1,0,1.0,-0.8902698476106997,0.8902698476106997,True,inward,right_upper,0.6752071380615234
105,120,550,80,-4.7999999999999545,-217.75,217.80289828190993,-91.26280233589301,0,8,8.0,-7.998057021928461,0.9997571277410576,True,inward,left_upper,0.9804565906524658
105,120,560,80,5.2000000000000455,-217.75,217.81208070260934,-88.63200258777364,0,2,2.0,-1.9994299608873018,0.9997149804436509,True,inward,right_upper,0.9746018052101135
105,120,550,90,-4.7999999999999545,-207.75,207.80544386516922,-91.32356591909029,0,8,8.0,-7.997865547152646,0.9997331933940807,True,inward,left_upper,0.9788612723350525
105,120,560,90,5.2000000000000455,-207.75,207.81506802924565,-88.56618119402542,0,2,2.0,-1.999373789111033,0.9996868945555165,True,inward,right_upper,0.9780431389808655
105,120,540,100,-14.799999999999955,-197.75,198.30305721294366,-94.28014954175754,0,4,4.0,-3.9888442019862604,0.9972110504965651,True,inward,left_upper,0.9773042798042297
105,120,550,100,-4.7999999999999545,-197.75,197.80824679471783,-91.3904715475041,0,8,8.0,-7.99764431278628,0.999705539098285,True,inward,left_upper,0.9766020178794861
105,120,660,110,105.20000000000005,-187.75,215.214085273246,-60.73723658882061,0,-1,1.0,0.8723871384236942,0.8723871384236942,True,outward,right_upper,0.6635096073150635
105,120,130,120,-424.79999999999995,-177.75,460.4889819528801,-157.2939954799155,8,5,9.433981132056603,-9.309994740414192,0.9868574687709406,True,inward,left_upper,0.6451421976089478
105,120,140,130,-414.79999999999995,-167.75,447.43614348865464,-157.9810126499806,1,0,1.0,-0.92705966211359,0.92705966211359,True,inward,left_upper,0.6895355582237244
105,120,820,130,265.20000000000005,-167.75,313.8010556068925,-32.315050492691455,4,-3,5.0,4.984208854795346,0.9968417709590692,True,outward,right_upper,0.6552891135215759
105,120,720,170,165.20000000000005,-127.75,208.8327141517823,-37.71496351582341,-5,2,5.385164807134504,-5.178786304591876,0.9616764741778732,True,inward,right_upper,0.7362671494483948
105,120,990,170,435.20000000000005,-127.75,453.5626775871225,-16.359242648880986,5,0,5.0,4.797572876974701,0.9595145753949401,True,outward,right_upper,0.5537416934967041
105,120,970,190,415.20000000000005,-107.75,428.9534968968082,-14.54810303250895,-4,3,5.0,-4.625326554867312,0.9250653109734625,True,inward,right_upper,0.7050449252128601
105,120,150,210,-404.79999999999995,-87.75,414.2017654477102,-167.76901903291235,2,0,2.0,-1.9546029677708017,0.9773014838854008,True,inward,left_middle,0.5910332202911377
105,120,150,240,-404.79999999999995,-57.75,408.8986457546661,-171.88079659559142,2,0,2.0,-1.9799527545653683,0.9899763772826842,True,inward,left_middle,0.6984000205993652
105,120,190,240,-364.79999999999995,-57.75,369.3427980887132,-171.00438878209383,-7,-7,9.899494936611665,8.008413905202362,0.8089719684167473,True,outward,left_middle,0.5832967758178711
105,120,990,250,435.20000000000005,-47.75,437.8117203776071,-6.261428254051539,7,4,8.06225774829855,6.521981635250088,0.8089522611239365,True,outward,right_middle,0.6451343894004822
105,120,990,260,435.20000000000005,-37.75,436.8341819271931,-4.957526082337139,8,-2,8.246211251235321,8.142906730208352,0.9874724867118225,True,outward,right_middle,0.583976686000824
105,120,1020,260,465.20000000000005,-37.75,466.7291532570041,-4.639266467270147,-7,-2,7.280109889280518,-6.8153017179289845,0.9361536874551944,True,inward,right_middle,0.7518894672393799
105,120,130,270,-424.79999999999995,-27.75,425.7054175130967,-176.26247169071152,-1,0,1.0,0.9978731360329262,0.9978731360329262,True,outward,left_middle,0.8657731413841248
105,120,740,270,185.20000000000005,-27.75,187.2674624701259,-8.521688451740925,5,0,5.0,4.944799207431572,0.9889598414863144,True,outward,right_middle,0.6241735816001892
105,120,1020,270,465.20000000000005,-27.75,466.0269332345503,-3.4137489922287507,-3,-2,3.605551275463989,-2.8755848738157175,0.7975437468839397,True,inward,right_middle,0.7674745321273804
105,120,990,290,435.20000000000005,-7.75,435.2690001596714,-1.0202099303974765,6,2,6.324555320336759,5.963438698937461,0.9429024487716758,True,outward,right_middle,0.7606891989707947
105,120,200,300,-354.79999999999995,2.25,354.80713422928795,179.63665790362165,3,0,3.0,-2.999939677966424,0.9999798926554746,True,inward,left_middle,0.6248459219932556
105,120,930,310,375.20000000000005,12.25,375.3999234150162,1.8700001747857602,-6,2,6.324555320336759,-5.931540901084081,0.9378589640936603,True,inward,right_middle,0.5656383633613586
105,120,70,370,-484.79999999999995,72.25,490.154161973557,171.52356645390788,-8,-4,8.94427190999916,7.323002186796981,0.8187365344528831,True,outward,left_middle,0.6990171074867249
105,120,1000,390,445.20000000000005,92.25,454.6571263050872,11.7066034839461,6,1,6.082762530298219,6.078096746130513,0.9992329498078437,True,outward,right_middle,0.6102152466773987
105,120,880,400,325.20000000000005,102.25,340.89602887097413,17.454289265450676,-6,-5,7.810249675906654,-7.223463435920557,0.9248697206446246,True,inward,right_middle,0.639284074306488
105,120,1000,400,445.20000000000005,102.25,456.79109284223136,12.934917551104286,7,0,7.0,6.822374710963021,0.974624958709003,True,outward,right_middle,0.6890467405319214
105,120,30,420,-524.8,122.25,538.8507237630845,166.88703248294073,-2,-1,2.23606797749979,1.7209775529738849,0.7696445592401704,True,outward,left_lower,0.7158743143081665
105,120,420,450,-134.79999999999995,152.25,203.34970494200377,131.52122463687982,-2,6,6.324555320336759,5.818056142925927,0.9199154483190033,True,outward,left_lower,0.7052827477455139
105,120,660,450,105.20000000000005,152.25,185.0597268451459,55.35673682409061,5,6,7.810249675906654,7.778569786848025,0.9959438058483129,True,outward,right_lower,0.7140904664993286
105,120,390,470,-164.79999999999995,172.25,238.38855362621752,133.73376631875985,5,-3,5.830951894845301,-5.624221379782501,0.9645460091609477,True,inward,left_lower,0.7267171740531921
105,120,150,480,-404.79999999999995,182.25,443.9347953247188,155.76166206148363,-1,0,1.0,0.9118456229679103,0.9118456229679103,True,outward,left_lower,0.6512066721916199
105,120,150,490,-404.79999999999995,192.25,448.1329071826794,154.59574653209424,-1,0,1.0,0.90330344750823,0.90330344750823,True,outward,left_lower,0.7777383327484131
105,120,160,490,-394.79999999999995,192.25,439.12082904366986,154.03598246570414,-1,0,1.0,0.8990691715986393,0.8990691715986393,True,outward,left_lower,0.8164874911308289
105,120,180,490,-374.79999999999995,192.25,421.23046245493686,152.84488733440978,-4,3,5.0,4.92829979081127,0.9856599581622539,True,outward,left_lower,0.7172026038169861
105,120,970,500,415.20000000000005,202.25,461.83991003376923,25.971391271293133,6,4,7.211102550927978,7.145766159011016,0.9909394726457531,True,outward,right_lower,0.6287050843238831
105,120,990,500,435.20000000000005,202.25,479.900096374235,24.92565306920269,3,3,4.242640687119285,3.9848918857243034,0.939248024896968,True,outward,right_lower,0.6214519739151001
105,120,160,520,-394.79999999999995,222.25,453.05860823959625,150.6229573851729,2,-2,2.8284271247461903,-2.7239301440385755,0.9630547381640628,True,inward,left_lower,0.7608409523963928
105,120,170,520,-384.79999999999995,222.25,444.3715815620976,149.99043986484884,2,-2,2.8284271247461903,-2.7321729164859714,0.9659689983107285,True,inward,left_lower,0.791043221950531
105,120,530,520,-24.799999999999955,222.25,223.62938648576576,96.36707058176304,-2,8,8.246211251235321,8.172450091286766,0.9910551454842361,True,outward,left_lower,0.6553040146827698
105,120,750,520,195.20000000000005,222.25,295.8007817771955,48.707479005695006,3,2,3.605551275463989,3.4824113506768795,0.9658471297787151,True,outward,right_lower,0.6206699013710022
105,120,170,530,-384.79999999999995,232.25,449.4564522843119,148.88648664415226,4,-2,4.47213595499958,-4.458051474879089,0.9968506145022838,True,inward,left_lower,0.5864627957344055
105,120,990,530,435.20000000000005,232.25,493.2941338593031,28.08717640917207,-8,1,8.06225774829855,-6.587043666176612,0.8170222128617428,True,inward,right_lower,0.7624427676200867
105,120,630,550,75.20000000000005,252.25,263.22063463945983,73.39978952811757,0,-7,7.0,-6.708250675022472,0.9583215250032103,True,inward,right_lower,0.5931257605552673
105,120,160,560,-394.79999999999995,262.25,473.96424179467374,146.40548681904957,-7,2,7.280109889280518,6.937443186746647,0.9529311084935097,True,outward,left_lower,0.5709407329559326
105,120,350,560,-204.79999999999995,262.25,332.74329820448673,127.9874954817466,0,1,1.0,0.7881450998866844,0.7881450998866844,True,outward,left_lower,0.6124119162559509
105,120,90,570,-464.79999999999995,272.25,538.6641834204312,149.6409667231135,-1,1,1.4142135623730951,1.3682921988981163,0.9675286924855102,True,outward,left_lower,0.6979570984840393
105,120,160,570,-394.79999999999995,272.25,479.5697055694823,145.4102548975433,-4,6,7.211102550927978,6.699130413554717,0.9290022387343005,True,outward,left_lower,0.6586255431175232
120,135,310,20,-244.79999999999995,-277.75,370.2324978982801,-131.39192470497517,-5,-2,5.385164807134504,4.806439224276066,0.892533357179391,True,outward,left_upper,0.8070701360702515
120,135,560,20,5.2000000000000455,-277.75,277.7986726030202,-88.92744104105485,0,8,8.0,-7.998598334468221,0.9998247918085277,True,inward,right_upper,0.9229142069816589
120,135,120,30,-434.79999999999995,-267.75,510.62814503315417,-148.37522316202165,8,-1,8.06225774829855,-6.287647931728357,0.7798867424023124,True,inward,left_upper,0.8061099648475647
120,135,540,30,-14.799999999999955,-267.75,268.1587263170826,-93.16383001636795,0,8,8.0,-7.987806436204525,0.9984758045255656,True,inward,left_upper,0.9504993557929993
120,135,550,30,-4.7999999999999545,-267.75,267.79302175374175,-91.02704121410923,0,8,8.0,-7.99871477595764,0.999839346994705,True,inward,left_upper,0.9264468550682068
120,135,560,30,5.2000000000000455,-267.75,267.80049010410715,-88.88739270489401,-1,-8,8.06225774829855,7.979074269689804,0.9896823593085572,True,outward,right_upper,0.9286276698112488
120,135,100,40,-454.79999999999995,-257.75,522.7600812036052,-150.45835704385402,4,2,4.47213595499958,-4.466102298064872,0.998650833294108,True,inward,left_upper,0.6540720462799072
120,135,140,40,-414.79999999999995,-257.75,488.35857983657866,-148.14385174179708,-8,-3,8.54400374531753,8.378372304566051,0.980614306162699,True,outward,left_upper,0.6311295032501221
120,135,540,40,-14.799999999999955,-257.75,258.1745581965814,-93.28631399975535,0,8,8.0,-7.986844305665219,0.9983555382081524,True,inward,left_upper,0.95611172914505
120,135,550,40,-4.7999999999999545,-257.75,257.79469059699426,-91.06687858604278,0,8,8.0,-7.9986131414300035,0.9998266426787504,True,inward,left_upper,0.9382623434066772
120,135,560,40,5.2000000000000455,-257.75,257.8024485919402,-88.84423805360119,0,8,8.0,-7.998372440844478,0.9997965551055598,True,inward,right_upper,0.9325646758079529
120,135,540,50,-14.799999999999955,-247.75,248.19166484795576,-93.41865185721998,0,8,8.0,-7.985763749214501,0.9982204686518126,True,inward,left_upper,0.9550170302391052
120,135,550,50,-4.7999999999999545,-247.75,247.79649412370628,-91.10993073006469,0,8,8.0,-7.998498957820345,0.9998123697275432,True,inward,left_upper,0.9338634014129639
120,135,560,50,5.2000000000000455,-247.75,247.80456513147615,-88.79760115268768,0,8,8.0,-7.998238446286986,0.9997798057858732,True,inward,right_upper,0.9274119138717651
120,135,550,60,-4.7999999999999545,-237.75,237.79844932210975,-91.15660308794732,0,8,8.0,-7.998370071049736,0.999796258881217,True,inward,left_upper,0.938398003578186
120,135,560,60,5.2000000000000455,-237.75,237.8068596571596,-88.74704286559611,0,8,8.0,-7.998087198754768,0.999760899844346,True,inward,right_upper,0.9281669855117798
120,135,990,60,435.20000000000005,-237.75,495.9073527383921,-28.647804223019484,-1,0,1.0,-0.8775832775957705,0.8775832775957705,True,inward,right_upper,0.5973021388053894
120,135,550,70,-4.7999999999999545,-227.75,227.80057616257253,-91.20737226107681,0,8,8.0,-7.99822384426152,0.99977798053269,True,inward,left_upper,0.9364471435546875
120,135,560,70,5.2000000000000455,-227.75,227.80935560244228,-88.69204699147441,0,8,8.0,-7.997915604395252,0.9997394505494065,True,inward,right_upper,0.9291099309921265
120,135,540,80,-14.799999999999955,-217.75,218.2523825757694,-93.8882909927584,0,8,8.0,-7.981585261252487,0.9976981576565609,True,inward,left_upper,0.9460980296134949
120,135,550,80,-4.7999999999999545,-217.75,217.80289828190993,-91.26280233589301,0,8,8.0,-7.998057021928461,0.9997571277410576,True,inward,left_upper,0.930307149887085
120,135,560,80,5.2000000000000455,-217.75,217.81208070260934,-88.63200258777364,-1,-8,8.06225774829855,7.973846052971448,0.989033878835521,True,outward,right_upper,0.9304977655410767
120,135,540,90,-14.799999999999955,-207.75,208.27650491594102,-94.07483694952286,0,4,4.0,-3.989888347393701,0.9974720868484253,True,inward,left_upper,0.9455939531326294
120,135,550,90,-4.7999999999999545,-207.75,207.80544386516922,-91.32356591909029,0,8,8.0,-7.997865547152646,0.9997331933940807,True,inward,left_upper,0.9284816980361938
120,135,560,90,5.2000000000000455,-207.75,207.81506802924565,-88.56618119402542,0,8,8.0,-7.997495156444132,0.9996868945555165,True,inward,right_upper,0.9263141751289368
120,135,540,100,-14.799999999999955,-197.75,198.30305721294366,-94.28014954175754,0,8,8.0,-7.977688403972521,0.9972110504965651,True,inward,left_upper,0.9408873915672302
120,135,550,100,-4.7999999999999545,-197.75,197.80824679471783,-91.3904715475041,0,8,8.0,-7.99764431278628,0.999705539098285,True,inward,left_upper,0.9278934001922607
120,135,560,100,5.2000000000000455,-197.75,197.818357338241,-88.49370715476223,0,8,8.0,-7.997235551273976,0.999654443909247,True,inward,right_upper,0.9307504296302795
120,135,610,100,55.200000000000045,-197.75,205.30977205189237,-74.40343837554943,-6,8,10.0,-9.318601744472426,0.9318601744472426,True,inward,right_upper,0.6250264644622803
120,135,540,110,-14.799999999999955,-187.75,188.33242551403623,-94.50720449216269,0,5,5.0,-4.984537301199022,0.9969074602398044,True,inward,left_upper,0.9365143775939941
120,135,550,110,-4.7999999999999545,-187.75,187.8113481661851,-91.46449984586806,0,5,5.0,-4.998366760933668,0.9996733521867336,True,inward,left_upper,0.9246476292610168
120,135,560,110,5.2000000000000455,-187.75,187.82199684807955,-88.41351847317469,0,4,4.0,-3.9984667004017047,0.9996166751004262,True,inward,right_upper,0.9311973452568054
120,135,820,110,265.20000000000005,-187.75,324.9324583663504,-35.296824369525204,-3,1,3.1622776601683795,-3.0263212390167133,0.9570068046635642,True,inward,right_upper,0.6639874577522278
120,135,90,130,-464.79999999999995,-167.75,494.14481935966904,-160.15508542359177,-1,0,1.0,0.940614940782552,0.940614940782552,True,outward,left_upper,0.5908838510513306
120,135,1020,130,465.20000000000005,-167.75,494.52108397923746,-19.829181773614415,4,-5,6.4031242374328485,5.458917905537352,0.8525397451488386,True,outward,right_upper,0.6163454055786133
120,135,1010,140,455.20000000000005,-157.75,481.75938236841847,-19.113808195750437,7,-7,9.899494936611665,8.906209524983964,0.8996630213977688,True,outward,right_upper,0.5583489537239075
120,135,1020,140,465.20000000000005,-157.75,491.2189964771314,-18.73187282336919,5,-6,7.810249675906654,6.661998056812427,0.8529814453132791,True,outward,right_upper,0.613999605178833
120,135,730,150,175.20000000000005,-147.75,229.1835563473087,-40.141669186859986,7,-6,9.219544457292887,9.219247810248985,0.9999678241104779,True,outward,right_upper,0.7277529239654541
120,135,720,160,165.20000000000005,-137.75,215.09556597010553,-39.822623914617424,-2,1,2.23606797749979,-2.1764744330669497,0.9733489567256031,True,inward,right_upper,0.7934108972549438
120,135,1020,160,465.20000000000005,-137.75,485.16605662391515,-16.49450622596044,8,2,8.246211251235321,7.102928889914705,0.8613566489520449,True,outward,right_upper,0.7969189882278442
120,135,990,170,435.20000000000005,-127.75,453.5626775871225,-16.359242648880986,-5,6,7.810249675906654,-6.487526741956828,0.8306426825213783,True,inward,right_upper,0.5951154828071594
120,135,700,190,145.20000000000005,-107.75,180.8123405633587,-36.57836696582145,5,-3,5.830951894845301,5.80297780964973,0.9952024839683036,True,outward,right_upper,0.7092135548591614
120,135,970,190,415.20000000000005,-107.75,428.9534968968082,-14.54810303250895,-4,1,4.123105625617661,-4.122941094534203,0.9999600953508356,True,inward,right_upper,0.7242367267608643
120,135,150,200,-404.79999999999995,-97.75,416.4349919255105,-166.42426192333158,7,8,10.63014581273465,-8.682267508986703,0.8167590230592663,True,inward,left_upper,0.7639039754867554
120,135,1040,200,485.20000000000005,-97.75,494.94858571370827,-11.390526781348848,7,0,7.0,6.8621268916294484,0.9803038416613498,True,outward,right_upper,0.7817057371139526
120,135,150,210,-404.79999999999995,-87.75,414.2017654477102,-167.76901903291235,6,1,6.082762530298219,-6.075662177054856,0.9988327091172807,True,inward,left_middle,0.6034523248672485
120,135,1000,250,445.20000000000005,-47.75,447.75339473866643,-6.121865295625408,4,1,4.123105625617661,3.870545752113178,0.9387452332204931,True,outward,right_middle,0.7846177220344543
120,135,990,270,435.20000000000005,-27.75,436.0838250841231,-3.648456560596132,7,2,7.280109889280518,6.858543766036355,0.9420934395695193,True,outward,right_middle,0.6307504177093506
120,135,260,290,-294.79999999999995,-7.75,294.9018523170039,-178.4940975600343,4,-2,4.47213595499958,-3.946058632243123,0.8823655344895466,True,inward,left_middle,0.6868122220039368
120,135,370,290,-184.79999999999995,-7.75,184.9624353754026,-177.5985809060287,3,0,3.0,-2.9973653778659495,0.9991217926219832,True,inward,left_middle,0.6975144147872925
120,135,990,290,435.20000000000005,-7.75,435.2690001596714,-1.0202099303974765,4,2,4.47213595499958,3.963755744992411,0.8863227292008352,True,outward,right_middle,0.6058242321014404
120,135,800,350,245.20000000000005,52.25,250.70521035670563,12.029313610882477,3,1,3.1622776601683795,3.142535405941664,0.9937569510497493,True,outward,right_middle,0.6510415077209473
120,135,1010,350,455.20000000000005,52.25,458.18893755742295,6.548021899745431,-5,-1,5.0990195135927845,-5.081419059158778,0.9965482668997269,True,inward,right_middle,0.6287262439727783
120,135,220,360,-334.79999999999995,62.25,340.5379604390676,169.46716349152229,-7,-2,7.280109889280518,6.516454133744254,0.8951038147568766,True,outward,left_middle,0.6627785563468933
120,135,1030,380,475.20000000000005,82.25,482.2655933196977,9.819750888786968,-5,-3,5.830951894845301,-5.438393359033096,0.932676766522592,True,inward,right_middle,0.7200621366500854
120,135,380,390,-174.79999999999995,92.25,197.64893751295497,152.17732790071176,-3,0,3.0,2.653189066425555,0.884396355475185,True,outward,left_middle,0.675224781036377
120,135,1030,390,475.20000000000005,92.25,484.0713816163893,10.986112920063299,-7,-1,7.0710678118654755,-7.0622848815903945,0.9987579060887604,True,inward,right_middle,0.7484202980995178
120,135,990,400,435.20000000000005,102.25,447.05044737702707,13.221806357208482,8,3,8.54400374531753,8.474099561307531,0.9918183341096602,True,outward,right_middle,0.615403413772583
120,135,790,410,235.20000000000005,112.25,260.6129361716337,25.51296856142308,5,5,7.0710678118654755,6.666015991070709,0.9427170221568124,True,outward,right_lower,0.7386626601219177
120,135,990,410,435.20000000000005,112.25,449.44310262813025,14.462927659157764,5,-1,5.0990195135927845,4.591793684077402,0.9005248306731837,True,outward,right_lower,0.5840404629707336
120,135,1000,410,445.20000000000005,112.25,459.13298999309563,14.151255575222287,6,-2,6.324555320336759,5.3289570850415116,0.8425820971011388,True,outward,right_lower,0.6306278109550476
120,135,1000,420,445.20000000000005,122.25,461.67965354778204,15.354712326579442,-7,1,7.0710678118654755,-6.485341030282414,0.9171657241640091,True,inward,right_lower,0.6010844111442566
120,135,1020,440,465.20000000000005,142.25,486.4628480161666,17.0027130120337,-7,-7,9.899494936611665,-8.740955280224583,0.8829698218135944,True,inward,right_lower,0.6390193700790405
120,135,700,460,145.20000000000005,162.25,217.7340177831659,48.174153336021405,-3,-1,3.1622776601683795,-2.745781325706207,0.8682922945988254,True,inward,right_lower,0.7395566701889038
120,135,150,480,-404.79999999999995,182.25,443.9347953247188,155.76166206148363,-6,0,6.0,5.471073737807462,0.9118456229679103,True,outward,left_lower,0.6267679929733276
120,135,230,480,-324.79999999999995,182.25,372.4380518958824,150.70258380445605,-7,5,8.602325267042627,8.551355007329773,0.9940748276622215,True,outward,left_lower,0.7310616374015808
120,135,20,490,-534.8,192.25,568.3054658368156,160.2274944432763,-8,0,8.0,7.528345682370241,0.9410432102962801,True,outward,left_lower,0.8255440592765808
120,135,180,490,-374.79999999999995,192.25,421.23046245493686,152.84488733440978,-4,0,4.0,3.5590968213994825,0.8897742053498706,True,outward,left_lower,0.6995614171028137
120,135,40,500,-514.8,202.25,553.1040611855964,158.5515749865193,-6,5,7.810249675906654,7.412800389155361,0.9491118333928096,True,outward,left_lower,0.7618994116783142
120,135,240,510,-314.79999999999995,212.25,379.66972818490547,146.01066949049147,-8,2,8.246211251235321,7.751210543092754,0.9399723469286075,True,outward,left_lower,0.7089609503746033
120,135,240,520,-314.79999999999995,222.25,385.3493252881079,144.77776254815655,8,-1,8.06225774829855,-7.112118330429,0.8821497094818055,True,inward,left_lower,0.7163505554199219
120,135,200,530,-354.79999999999995,232.25,424.0555417631044,146.79147700363634,4,-7,8.06225774829855,-7.180545235513134,0.890637022492677,True,inward,left_lower,0.6865252256393433
120,135,800,530,245.20000000000005,232.25,337.7322941324978,43.44633265518627,2,3,3.605551275463989,3.5150621383404395,0.9749028289406577,True,outward,right_lower,0.6631755232810974
120,135,220,550,-334.79999999999995,252.25,419.19100956485215,143.00435500207544,2,-3,3.605551275463989,-3.402625455828943,0.9437185040146372,True,inward,left_lower,0.6236928701400757
120,135,180,580,-374.79999999999995,282.25,469.1909019791411,143.01775543799056,-2,8,8.246211251235321,6.410183972692867,0.7773489882074742,True,outward,left_lower,0.6791256070137024
135,150,560,20,5.2000000000000455,-277.75,277.7986726030202,-88.92744104105485,0,-3,3.0,2.9994743754255833,0.9998247918085278,True,outward,right_upper,0.9504201412200928
135,150,960,20,405.20000000000005,-277.75,491.2556386444842,-34.429232976526876,4,0,4.0,3.2993005525030803,0.8248251381257701,True,outward,right_upper,0.635418176651001
135,150,990,20,435.20000000000005,-277.75,516.2790936111979,-32.546520393491406,-2,1,2.23606797749979,-2.2238940414361514,0.9945556502815937,True,inward,right_upper,0.7969381213188171
135,150,1020,20,465.20000000000005,-277.75,541.8081786942681,-30.83952594740188,-5,4,6.4031242374328485,-6.343573491790039,0.990699736029691,True,inward,right_upper,0.7047114372253418
135,150,540,30,-14.799999999999955,-267.75,268.1587263170826,-93.16383001636795,0,-6,6.0,5.9908548271533935,0.9984758045255656,True,outward,left_upper,0.9186732172966003
135,150,550,30,-4.7999999999999545,-267.75,267.79302175374175,-91.02704121410923,0,-7,7.0,6.998875428962935,0.999839346994705,True,outward,left_upper,0.9246013760566711
135,150,560,30,5.2000000000000455,-267.75,267.80049010410715,-88.88739270489401,0,-7,7.0,6.998680246146627,0.9998114637352324,True,outward,right_upper,0.9510641694068909
135,150,960,30,405.20000000000005,-267.75,485.67180533771983,-33.45612169371189,3,-5,5.830951894845301,5.259415868754809,0.9019823801675086,True,outward,right_upper,0.6247450709342957
135,150,540,40,-14.799999999999955,-257.75,258.1745581965814,-93.28631399975535,0,-7,7.0,6.988488767457067,0.9983555382081525,True,outward,left_upper,0.9212951064109802
135,150,550,40,-4.7999999999999545,-257.75,257.79469059699426,-91.06687858604278,0,-8,8.0,7.9986131414300035,0.9998266426787504,True,outward,left_upper,0.9258423447608948
135,150,560,40,5.2000000000000455,-257.75,257.8024485919402,-88.84423805360119,0,-7,7.0,6.998575885738918,0.9997965551055598,True,outward,right_upper,0.9506613612174988
135,150,780,40,225.20000000000005,-257.75,342.27197153725575,-48.85580575691054,5,-5,7.0710678118654755,7.055062058264851,0.9977364446181995,True,outward,right_upper,0.8302785754203796
135,150,980,40,425.20000000000005,-257.75,497.22238736806696,-31.22362868315793,3,-8,8.54400374531753,6.712489390646352,0.7856374588231045,True,outward,right_upper,0.7652938365936279
135,150,540,50,-14.799999999999955,-247.75,248.19166484795576,-93.41865185721998,0,-1,1.0,0.9982204686518126,0.9982204686518126,True,outward,left_upper,0.9306957125663757
135,150,550,50,-4.7999999999999545,-247.75,247.79649412370628,-91.10993073006469,0,-8,8.0,7.998498957820345,0.9998123697275432,True,outward,left_upper,0.9267575740814209
135,150,560,50,5.2000000000000455,-247.75,247.80456513147615,-88.79760115268768,0,-8,8.0,7.998238446286986,0.9997798057858732,True,outward,right_upper,0.9428563117980957
135,150,980,50,425.20000000000005,-247.75,492.1128960919436,-30.227942852092482,3,-6,6.708203932499369,5.612736471518814,0.836697352673892,True,outward,right_upper,0.7694815397262573
135,150,150,60,-404.79999999999995,-237.75,469.45511233769724,-149.57313039105287,-8,0,8.0,6.898210105486067,0.8622762631857583,True,outward,left_upper,0.6784467697143555
135,150,540,60,-14.799999999999955,-237.75,238.21020654035797,-93.56208094737228,0,-8,8.0,7.984544523190949,0.9980680653988686,True,outward,left_upper,0.939204216003418
135,150,550,60,-4.7999999999999545,-237.75,237.79844932210975,-91.15660308794732,0,-8,8.0,7.998370071049736,0.999796258881217,True,outward,left_upper,0.9329707622528076
135,150,560,60,5.2000000000000455,-237.75,237.8068596571596,-88.74704286559611,0,-1,1.0,0.999760899844346,0.999760899844346,True,outward,right_upper,0.9450414180755615
135,150,140,70,-414.79999999999995,-227.75,473.2114775657919,-151.230581746208,-3,-4,5.0,4.554834576471845,0.910966915294369,True,outward,left_upper,0.6130095720291138
135,150,540,70,-14.799999999999955,-227.75,228.23037155470786,-93.71805454202563,1,8,8.06225774829855,-8.04800863043642,0.9982326144478405,True,inward,left_upper,0.9236036539077759
135,150,550,70,-4.7999999999999545,-227.75,227.80057616257253,-91.20737226107681,0,-8,8.0,7.99822384426152,0.99977798053269,True,outward,left_upper,0.926227867603302
135,150,560,70,5.2000000000000455,-227.75,227.80935560244228,-88.69204699147441,0,-8,8.0,7.997915604395252,0.9997394505494065,True,outward,right_upper,0.9484485387802124
135,150,680,70,125.20000000000005,-227.75,259.8944064423088,-61.20127930300168,3,-7,7.615773105863909,7.579424378405259,0.9952271782584144,True,outward,right_upper,0.6905089616775513
135,150,690,70,135.20000000000005,-227.75,264.85675845633995,-59.30521834404652,0,-8,8.0,6.879190135147508,0.8598987668934385,True,outward,right_upper,0.606357991695404
135,150,1010,70,455.20000000000005,-227.75,508.99617140013936,-26.580153521633495,7,-8,10.63014581273465,9.839759670928302,0.9256467262321572,True,outward,right_upper,0.6779813766479492
135,150,100,80,-454.79999999999995,-217.75,504.24012384973884,-154.41574496499234,-5,-2,5.385164807134504,5.373431965932601,0.9978212660852349,True,outward,left_upper,0.7346108555793762
135,150,540,80,-14.799999999999955,-217.75,218.2523825757694,-93.8882909927584,1,8,8.06225774829855,-8.04939666301284,0.998404778700058,True,inward,left_upper,0.9251552224159241
135,150,550,80,-4.7999999999999545,-217.75,217.80289828190993,-91.26280233589301,1,8,8.06225774829855,-8.020095296156507,0.9947703914389315,True,inward,left_upper,0.9118158221244812
135,150,560,80,5.2000000000000455,-217.75,217.81208070260934,-88.63200258777364,0,-8,8.0,7.997719843549207,0.9997149804436509,True,outward,right_upper,0.9425264596939087
135,150,540,90,-14.799999999999955,-207.75,208.27650491594102,-94.07483694952286,1,8,8.06225774829855,-8.050836078110418,0.9985833161696497,True,inward,left_upper,0.9346745014190674
135,150,550,90,-4.7999999999999545,-207.75,207.80544386516922,-91.32356591909029,1,8,8.06225774829855,-8.020964075808681,0.9948781502925056,True,inward,left_upper,0.9185596108436584
135,150,560,90,5.2000000000000455,-207.75,207.81506802924565,-88.56618119402542,0,-8,8.0,7.997495156444132,0.9996868945555165,True,outward,right_upper,0.9356253147125244
135,150,540,100,-14.799999999999955,-197.75,198.30305721294366,-94.28014954175754,1,5,5.0990195135927845,-5.060688494188763,0.9924826686185765,True,inward,left_upper,0.9534443020820618
135,150,550,100,-4.7999999999999545,-197.75,197.80824679471783,-91.3904715475041,1,8,8.06225774829855,-8.021910237376277,0.9949955071914208,True,inward,left_upper,0.9292269349098206
135,150,560,100,5.2000000000000455,-197.75,197.818357338241,-88.49370715476223,0,-8,8.0,7.997235551273976,0.999654443909247,True,outward,right_upper,0.9351856112480164
135,150,540,110,-14.799999999999955,-187.75,188.33242551403623,-94.50720449216269,1,5,5.0990195135927845,-5.0631217507944895,0.9929598694998911,True,inward,left_upper,0.944608747959137
135,150,550,110,-4.7999999999999545,-187.75,187.8113481661851,-91.46449984586806,1,5,5.0990195135927845,-5.023924322001558,0.9852726212576672,True,inward,left_upper,0.9246001243591309
135,150,560,110,5.2000000000000455,-187.75,187.82199684807955,-88.41351847317469,0,-7,7.0,6.997316725702983,0.9996166751004261,True,outward,right_upper,0.9358249306678772
135,150,760,110,205.20000000000005,-187.75,278.1314482398566,-42.45729760643602,8,-8,11.313708498984761,11.302569414189383,0.999015434700622,True,outward,right_upper,0.7581560611724854
135,150,380,120,-174.79999999999995,-177.75,249.2992228226955,-134.52058259843923,8,8,11.313708498984761,-11.313312444643683,0.9999649934112131,True,inward,left_upper,0.662842333316803
135,150,150,130,-404.79999999999995,-167.75,438.18158621740366,-157.49077656648046,-5,-3,5.830951894845301,5.767586040792928,0.9891328456836713,True,outward,left_upper,0.6750121712684631
135,150,750,130,195.20000000000005,-167.75,257.3773542874353,-40.67493956526154,8,0,8.0,6.067355864789985,0.7584194830987481,True,outward,right_upper,0.6105731129646301
135,150,380,140,-174.79999999999995,-157.75,235.4572201059037,-137.93501252175625,7,5,8.602325267042627,-8.54656314677837,0.9935177851879312,True,inward,left_upper,0.7631479501724243
135,150,750,150,195.20000000000005,-147.75,244.81238224403606,-37.12266117856182,7,0,7.0,5.581417032402934,0.7973452903432763,True,outward,right_upper,0.818202018737793
135,150,1050,150,495.20000000000005,-147.75,516.7718089253709,-16.613224964196778,5,-3,5.830951894845301,5.649011709966517,0.9687975157127222,True,outward,right_upper,0.7717853784561157
135,150,740,170,185.20000000000005,-127.75,224.98689406274318,-34.597710453704714,8,-2,8.246211251235321,7.720894175798378,0.9362959473833212,True,outward,right_upper,0.6917048692703247
135,150,110,180,-444.79999999999995,-117.75,460.12183440910513,-165.17245787880955,8,3,8.54400374531753,-8.501335314859368,0.9950060379501183,True,inward,left_upper,0.6982370018959045
135,150,410,180,-144.79999999999995,-117.75,186.6336049590212,-140.88231471984798,1,0,1.0,-0.7758517016900222,0.7758517016900222,True,inward,left_upper,0.7048383355140686
135,150,830,180,275.20000000000005,-117.75,299.3327621560995,-23.16466017640316,-2,2,2.8284271247461903,-2.625506123483269,0.9282565919809123,True,inward,right_upper,0.8680468201637268
135,150,970,180,415.20000000000005,-117.75,431.5739826495569,-15.833244465811639,-8,8,11.313708498984761,-9.879186817111941,0.8732049988735747,True,inward,right_upper,0.758588969707489
135,150,800,220,245.20000000000005,-77.75,257.2316125595764,-17.593201352290592,8,-2,8.246211251235321,8.230325887762598,0.9980736167206069,True,outward,right_middle,0.8153690099716187
135,150,820,220,265.20000000000005,-77.75,276.3622667803983,-16.33981610631114,-5,4,6.4031242374328485,-5.9233846178457705,0.9250772588820773,True,inward,right_middle,0.7520228624343872
135,150,210,230,-344.79999999999995,-67.75,351.3930882928689,-168.88353098275573,-3,0,3.0,2.943711855646626,0.981237285215542,True,outward,left_middle,0.7602901458740234
135,150,800,230,245.20000000000005,-67.75,254.3877011571118,-15.445745065246278,6,-3,6.708203932499369,6.5822757640545175,0.9812277370050179,True,outward,right_middle,0.8628527522087097
135,150,1030,250,475.20000000000005,-47.75,477.59303020458754,-5.738048793063666,1,0,1.0,0.9949893946242004,0.9949893946242004,True,outward,right_middle,0.7389043569564819
135,150,160,260,-394.79999999999995,-37.75,396.60068393788725,-174.53809550602546,5,-2,5.385164807134504,-4.786930726265034,0.888910720043906,True,inward,left_middle,0.6558874845504761
135,150,1020,260,465.20000000000005,-37.75,466.7291532570041,-4.639266467270147,-7,-5,8.602325267042627,-6.5726556367709925,0.7640556980508818,True,inward,right_middle,0.5954688191413879
135,150,180,270,-374.79999999999995,-27.75,375.8258938657633,-175.76557604376546,-4,-1,4.123105625617661,4.062918561288362,0.9854024927337917,True,outward,left_middle,0.6282335519790649
135,150,200,270,-354.79999999999995,-27.75,355.88355188179173,-175.52782510172352,3,-1,3.1622776601683795,-2.9128910131377124,0.9211370177350624,True,inward,left_middle,0.615962564945221
135,150,260,280,-294.79999999999995,-17.75,295.3338830882769,-176.55436301872734,7,5,8.602325267042627,-7.287853251015735,0.847195731942046,True,inward,left_middle,0.6085429191589355
135,150,270,280,-284.79999999999995,-17.75,285.35259329468164,-176.43368554458888,5,4,6.4031242374328485,-5.239132340585122,0.8182150066614362,True,inward,left_middle,0.7382950186729431
135,150,270,290,-284.79999999999995,-7.75,284.90542729123285,-178.44124741618873,5,-4,6.4031242374328485,-4.889341748397312,0.7635868940062227,True,inward,left_middle,0.800959050655365
135,150,1010,290,455.20000000000005,-7.75,455.26596896759156,-0.9753940998954628,-6,3,6.708203932499369,-6.050199636591063,0.9019105109908093,True,inward,right_middle,0.6669009923934937
135,150,1020,330,465.20000000000005,32.25,466.31652608501884,3.9656862931291386,-7,3,7.615773105863909,-6.775762434428355,0.889701195169697,True,inward,right_middle,0.6992682814598083
135,150,150,340,-404.79999999999995,42.25,406.9988974186539,174.0414687249308,3,-1,3.1622776601683795,-3.0876005020410755,0.9763850091129165,True,inward,left_middle,0.7785822153091431
135,150,170,340,-384.79999999999995,42.25,387.1125191723977,173.73417692298634,-8,-4,8.94427190999916,7.515644304710073,0.8402745780020433,True,outward,left_middle,0.7227494120597839
135,150,170,350,-384.79999999999995,52.25,388.33117631732836,172.26739462796354,5,0,5.0,-4.954533957963204,0.9909067915926408,True,inward,left_middle,0.552228569984436
135,150,800,350,245.20000000000005,52.25,250.70521035670563,12.029313610882477,2,1,2.23606797749979,2.1644943047969076,0.9679912804874069,True,outward,right_middle,0.6334921717643738
135,150,170,360,-384.79999999999995,62.25,389.80264557850296,170.81073715671494,-4,2,4.47213595499958,4.268057230681223,0.9543666099662715,True,outward,left_middle,0.6085500717163086
135,150,220,360,-334.79999999999995,62.25,340.5379604390676,169.46716349152229,-5,4,6.4031242374328485,5.646947545937634,0.8819050414367124,True,outward,left_middle,0.6223821640014648
135,150,380,360,-174.79999999999995,62.25,185.5535030658273,160.39810344092774,-6,6,8.48528137423857,7.665174607322945,0.9033494906361644,True,outward,left_middle,0.6192128658294678
135,150,770,370,215.20000000000005,72.25,227.00463101003032,18.558663136817362,-5,-3,5.830951894845301,-5.694817741153833,0.9766531852523405,True,inward,right_middle,0.7228239178657532
135,150,760,380,205.20000000000005,82.25,221.0703564478965,21.84231784780542,-1,-1,1.4142135623730951,-1.3002647872771147,0.9194260484217315,True,inward,right_middle,0.7990284562110901
135,150,830,380,275.20000000000005,82.25,287.2283107564434,16.640013936963385,-1,-1,1.4142135623730951,-1.2444803893412215,0.8799805223568525,True,inward,right_middle,0.8712976574897766
135,150,1010,390,455.20000000000005,92.25,464.4535525754971,11.456301612407547,-6,3,6.708203932499369,-5.284597321711795,0.7877812563373932,True,inward,right_middle,0.6978513598442078
135,150,360,410,-194.79999999999995,112.25,224.82682780308932,150.04807593448484,-1,0,1.0,0.8664446405417958,0.8664446405417958,True,outward,left_lower,0.6401278972625732
135,150,1020,420,465.20000000000005,122.25,480.9949090167172,14.723858043789633,1,1,1.4142135623730951,1.2213226979905165,0.863605561766144,True,outward,right_lower,0.6463072299957275
135,150,600,450,45.200000000000045,152.25,158.81782802947535,73.46489195091533,1,3,3.1622776601683795,3.160539381679757,0.9994503080768278,True,outward,right_lower,0.728625476360321
135,150,610,450,55.200000000000045,152.25,161.94783882472777,70.0713011023381,-2,7,7.280109889280518,5.899121636528612,0.8103066747954835,True,outward,right_lower,0.7168496251106262
135,150,650,450,95.20000000000005,152.25,179.56364470571432,57.98277882111117,-1,8,8.06225774829855,6.252936121006841,0.7755812721723583,True,outward,right_lower,0.73471999168396
135,150,660,450,105.20000000000005,152.25,185.0597268451459,55.35673682409061,4,4,5.656854249492381,5.564689938517608,0.9837074976815882,True,outward,right_lower,0.7044364809989929
135,150,520,470,-34.799999999999955,172.25,175.7301980309588,101.4218319067143,-1,-2,2.23606797749979,-1.7623607295169579,0.7881516784152075,True,inward,left_lower,0.8260034322738647
135,150,530,470,-24.799999999999955,172.25,174.0261546434903,98.19295983358475,0,-1,1.0,-0.9897937488354615,0.9897937488354615,True,inward,left_lower,0.8176513314247131
135,150,170,480,-384.79999999999995,182.25,425.77705727293477,154.65670438478912,-4,6,7.211102550927978,6.18328290599361,0.8574670603176902,True,outward,left_lower,0.7553640604019165
135,150,180,480,-374.79999999999995,182.25,416.7614455536884,154.06822939063616,-4,6,7.211102550927978,6.221064898542782,0.8627064799878915,True,outward,left_lower,0.5830177664756775
135,150,810,480,255.20000000000005,182.25,313.59544400389495,35.53236800573922,3,0,3.0,2.4413619988385133,0.8137873329461711,True,outward,right_lower,0.6950787901878357
135,150,180,490,-374.79999999999995,192.25,421.23046245493686,152.84488733440978,-4,4,5.656854249492381,5.384700780615199,0.9518896091583757,True,outward,left_lower,0.6954054832458496
135,150,820,500,265.20000000000005,202.25,333.5207677191932,37.330301783941735,-3,-3,4.242640687119285,-4.204685691958782,0.9910539218473687,True,inward,right_lower,0.7131779789924622
135,150,1020,500,465.20000000000005,202.25,507.2633463005188,23.497439765538214,-4,-5,6.4031242374328485,-5.661852016207982,0.8842327286277896,True,inward,right_lower,0.6431248188018799
135,150,660,510,105.20000000000005,212.25,236.89048630115985,63.63505598003519,2,2,2.8284271247461903,2.6801414016806446,0.9475730798336011,True,outward,right_lower,0.6199009418487549
135,150,150,520,-404.79999999999995,222.25,461.7987684045941,151.23160428360285,3,-5,5.830951894845301,-5.036067999996129,0.8636785366808002,True,inward,left_lower,0.7157225012779236
135,150,230,520,-324.79999999999995,222.25,393.5607989879073,145.61744197297267,2,-5,5.385164807134504,-4.474149876024884,0.8308287742832556,True,inward,left_lower,0.8001939058303833
135,150,980,520,425.20000000000005,222.25,479.7813069514068,27.59585268333941,3,4,5.0,4.511638883461617,0.9023277766923234,True,outward,right_lower,0.5914655327796936
135,150,220,530,-334.79999999999995,232.25,407.4691430034917,145.2510426203244,2,-8,8.246211251235321,-6.20316910715946,0.7522447483054956,True,inward,left_lower,0.577362060546875
135,150,220,540,-334.79999999999995,242.25,413.25065335701527,144.11176799208502,7,-7,9.899494936611665,-9.774576197730356,0.9873813018056793,True,inward,left_lower,0.5862641334533691
135,150,810,540,255.20000000000005,242.25,351.86943956530246,43.50876912608321,-1,-6,6.082762530298219,-4.856062527370716,0.7983317617912395,True,inward,right_lower,0.7209954857826233
135,150,970,580,415.20000000000005,282.25,502.05189223824266,34.20758618197346,1,0,1.0,0.8270061450201086,0.8270061450201086,True,outward,right_lower,0.7831887006759644
150,165,90,20,-464.79999999999995,-277.75,541.4647749392383,-149.13877599106698,-2,-1,2.23606797749979,2.229784938707205,0.9971901396309024,True,outward,left_upper,0.743151843547821
150,165,100,20,-454.79999999999995,-277.75,532.9053410315944,-148.58725363028674,2,0,2.0,-1.7068697383276412,0.8534348691638206,True,inward,left_upper,0.6458975672721863
150,165,540,20,-14.799999999999955,-277.75,278.14403193309755,-93.05013983670415,0,-8,8.0,7.988666823289818,0.9985833529112272,True,outward,left_upper,0.9774190187454224
150,165,100,30,-454.79999999999995,-267.75,527.7623541898379,-149.5138136068413,3,0,3.0,-2.5852544979159706,0.8617514993053236,True,inward,left_upper,0.6797569394111633
150,165,170,30,-384.79999999999995,-267.75,468.7868412189062,-145.16918555372993,1,0,1.0,-0.8208421529057223,0.8208421529057223,True,inward,left_upper,0.6339049339294434
150,165,600,30,45.200000000000045,-267.75,271.5383996785722,-80.41800100330309,-1,3,3.1622776601683795,-3.124604111257688,0.9880865777900459,True,inward,right_upper,0.7031811475753784
150,165,790,30,235.20000000000005,-267.75,356.38336451074707,-48.70291353901112,0,6,6.0,-4.50778616506258,0.7512976941770967,True,inward,right_upper,0.8967805504798889
150,165,950,30,395.20000000000005,-267.75,477.36055817379804,-34.11783876925928,-5,5,7.0710678118654755,-6.943912611215696,0.9820175390714809,True,inward,right_upper,0.6366870403289795
150,165,940,40,385.20000000000005,-257.75,463.48042299540555,-33.78778329002399,-3,3,4.242640687119285,-4.161664450753125,0.9809137180501745,True,inward,right_upper,0.7184349298477173
150,165,950,40,395.20000000000005,-257.75,471.82422839443086,-33.11244755706205,-8,2,8.246211251235321,-7.793368332340186,0.9450847298112455,True,inward,right_upper,0.6984898447990417
150,165,550,50,-4.7999999999999545,-247.75,247.79649412370628,-91.10993073006469,0,-4,4.0,3.9992494789101727,0.9998123697275432,True,outward,left_upper,0.9817967414855957
150,165,560,50,5.2000000000000455,-247.75,247.80456513147615,-88.79760115268768,0,-4,4.0,3.999119223143493,0.9997798057858732,True,outward,right_upper,0.9836598038673401
150,165,1020,50,465.20000000000005,-247.75,527.0589174845636,-28.038275732285317,-3,4,5.0,-4.528146514227034,0.9056293028454068,True,inward,right_upper,0.5641161203384399
150,165,1030,50,475.20000000000005,-247.75,535.9058709325734,-27.535708482482413,-1,1,1.4142135623730951,-1.3490242208803123,0.9539041745693676,True,inward,right_upper,0.7038519382476807
150,165,550,60,-4.7999999999999545,-237.75,237.79844932210975,-91.15660308794732,0,-7,7.0,6.9985738121685195,0.999796258881217,True,outward,left_upper,0.9815161824226379
150,165,560,60,5.2000000000000455,-237.75,237.8068596571596,-88.74704286559611,0,-3,3.0,2.999282699533038,0.999760899844346,True,outward,right_upper,0.9823154807090759
150,165,1030,60,475.20000000000005,-237.75,531.3568504310451,-26.57951798134399,-2,0,2.0,-1.7886284880471957,0.8943142440235978,True,inward,right_upper,0.7958499789237976
150,165,550,70,-4.7999999999999545,-227.75,227.80057616257253,-91.20737226107681,0,-8,8.0,7.99822384426152,0.99977798053269,True,outward,left_upper,0.9800897836685181
150,165,560,70,5.2000000000000455,-227.75,227.80935560244228,-88.69204699147441,0,-8,8.0,7.997915604395252,0.9997394505494065,True,outward,right_upper,0.9782971739768982
150,165,520,80,-34.799999999999955,-217.75,220.5132705757184,-99.08001428567417,1,-4,4.123105625617661,3.792062027908072,0.9197101341152285,True,outward,left_upper,0.7073889374732971
150,165,1040,80,485.20000000000005,-217.75,531.8214949585998,-24.169780258038173,7,-7,9.899494936611665,9.252446632272834,0.9346382508923936,True,outward,right_upper,0.7277343273162842
150,165,430,90,-124.79999999999995,-207.75,242.35325972637543,-120.99416507370049,0,-1,1.0,0.8572197470525315,0.8572197470525315,True,outward,left_upper,0.7850207090377808
150,165,1040,90,485.20000000000005,-207.75,527.8059326115992,-23.179347719018192,4,-2,4.47213595499958,4.464330266886086,0.9982545950767067,True,outward,right_upper,0.6408177614212036
150,165,120,100,-434.79999999999995,-197.75,477.6568878389591,-155.54363612267335,-4,-6,7.211102550927978,6.125107947750128,0.8493996451294267,True,outward,left_upper,0.5764544606208801
150,165,600,100,45.200000000000045,-197.75,202.84995070248354,-77.12499844038751,1,-7,7.0710678118654755,7.046834347505212,0.996572870603843,True,outward,right_upper,0.603920578956604
150,165,390,110,-164.79999999999995,-187.75,249.81813885304643,-131.2754632329703,-6,-8,10.0,9.970452952038016,0.9970452952038016,True,outward,left_upper,0.7055492997169495
150,165,150,120,-404.79999999999995,-177.75,442.1064379761959,-156.29344678847383,-5,1,5.0990195135927845,4.1760305695874225,0.8189869755263947,True,outward,left_upper,0.6412377953529358
150,165,110,130,-444.79999999999995,-167.75,475.38100771907153,-159.33674529262277,-8,1,8.06225774829855,7.132489403118349,0.8846764300761263,True,outward,left_upper,0.6064548492431641
150,165,150,130,-404.79999999999995,-167.75,438.18158621740366,-157.49077656648046,-7,-8,10.63014581273465,9.529382638019564,0.8964489110397339,True,outward,left_upper,0.6702287197113037
150,165,370,130,-184.79999999999995,-167.75,249.58185531003647,-137.76877746961136,-8,-1,8.06225774829855,6.595631713511839,0.8180874290336072,True,outward,left_upper,0.8110656142234802
150,165,390,130,-164.79999999999995,-167.75,235.15761203924484,-134.4917512668669,-7,-3,7.615773105863909,7.045700054665857,0.9251457411777259,True,outward,left_upper,0.7451696395874023
150,165,810,130,255.20000000000005,-167.75,305.3966314483512,-33.31802223877649,-3,0,3.0,-2.506903878962656,0.8356346263208853,True,inward,right_upper,0.6809886693954468
150,165,390,140,-164.79999999999995,-157.75,228.13176565309791,-136.25211886455696,-7,-3,7.615773105863909,7.131185766009557,0.9363705649947429,True,outward,left_upper,0.7010939717292786
150,165,800,140,245.20000000000005,-157.75,291.56149008399586,-32.75529877443883,-1,0,1.0,-0.8409889794751716,0.8409889794751716,True,inward,right_upper,0.6979361772537231
150,165,820,140,265.20000000000005,-157.75,308.57106555864897,-30.745624425109376,6,-8,10.0,9.246492359335303,0.9246492359335303,True,outward,right_upper,0.6581906080245972
150,165,390,150,-164.79999999999995,-147.75,221.33481989962624,-138.1224627772381,-6,-6,8.48528137423857,8.472684057801818,0.99851539202047,True,outward,left_upper,0.6967035531997681
150,165,820,150,265.20000000000005,-147.75,303.580471209859,-29.123346902768667,-8,1,8.06225774829855,-7.475283212243402,0.9271947692097761,True,inward,right_upper,0.678744375705719
150,165,890,150,335.20000000000005,-147.75,366.3183076233019,-23.787003530841602,-1,0,1.0,-0.9150511809655391,0.9150511809655391,True,inward,right_upper,0.6690987348556519
150,165,180,190,-374.79999999999995,-107.75,389.98090017332896,-163.9607626928199,1,1,1.4142135623730951,-1.2373682910766353,0.8749515094454985,True,inward,left_upper,0.55061936378479
150,165,930,190,375.20000000000005,-107.75,390.3653449014142,-16.023016019919883,7,2,7.280109889280518,6.176009298696501,0.8483401202212988,True,outward,right_upper,0.6906022429466248
150,165,190,200,-364.79999999999995,-97.75,377.6693030946518,-164.99968719660507,4,1,4.123105625617661,-4.122521971582625,0.9998584431038077,True,inward,left_upper,0.6799105405807495
150,165,960,200,405.20000000000005,-97.75,416.8238266942043,-13.562831839482797,-8,-2,8.246211251235321,-7.307883582755743,0.8862110562182102,True,inward,right_upper,0.7626701593399048
150,165,980,200,425.20000000000005,-97.75,436.29130463487354,-12.946877292301819,-8,1,8.06225774829855,-8.020673258497691,0.9948420788445229,True,inward,right_upper,0.6435559391975403
150,165,1040,200,485.20000000000005,-97.75,494.94858571370827,-11.390526781348848,7,0,7.0,6.8621268916294484,0.9803038416613498,True,outward,right_upper,0.7862673997879028
150,165,80,210,-474.79999999999995,-87.75,482.8406595347993,-169.52905004729823,3,3,4.242640687119285,-3.4952524537307896,0.8238389039973203,True,inward,left_middle,0.817028284072876
150,165,170,210,-384.79999999999995,-87.75,394.6784799048461,-167.15390915236708,-3,0,3.0,2.9249124509608855,0.9749708169869619,True,outward,left_middle,0.6473326683044434
150,165,820,210,265.20000000000005,-87.75,279.34047773281986,-18.3084682788947,-8,8,11.313708498984761,-10.108094691169972,0.8934377876252535,True,inward,right_middle,0.7085742354393005
150,165,940,210,385.20000000000005,-87.75,395.068478241431,-12.833193098479526,-4,0,4.0,-3.900083364936038,0.9750208412340094,True,inward,right_middle,0.8997429013252258
150,165,970,210,415.20000000000005,-87.75,424.37142045618486,-11.933508363953413,-1,0,1.0,-0.9783882231128433,0.9783882231128433,True,inward,right_middle,0.5903486013412476
150,165,400,220,-154.79999999999995,-77.75,173.22846908057574,-153.33140680149754,-5,-1,5.0990195135927845,4.916916973986623,0.9642867537335916,True,outward,left_middle,0.6677175164222717
150,165,280,250,-274.79999999999995,-47.75,278.9177342873701,-170.1425523944085,5,4,6.4031242374328485,-5.610973443472669,0.8762868305241927,True,inward,left_middle,0.6714579463005066
150,165,170,260,-384.79999999999995,-37.75,386.64725849280245,-174.39704597937202,4,3,5.0,-4.273792103017745,0.854758420603549,True,inward,left_middle,0.7113393545150757
150,165,900,270,345.20000000000005,-27.75,346.3135898286408,-4.596020258444504,4,-3,5.0,4.227526851384683,0.8455053702769366,True,outward,right_middle,0.71168452501297
150,165,920,270,365.20000000000005,-27.75,366.2527849723467,-4.345313217240023,-1,1,1.4142135623730951,-1.0728928655919137,0.7586498207467092,True,inward,right_middle,0.7623375654220581
150,165,1010,270,455.20000000000005,-27.75,456.0450663037591,-3.488560251450823,3,1,3.1622776601683795,2.9335916532180946,0.9276831349028003,True,outward,right_middle,0.7631776928901672
150,165,240,280,-314.79999999999995,-17.75,315.3000198223907,-176.77279426507627,-2,1,2.23606797749979,1.940532703882025,0.8678326076883356,True,outward,left_middle,0.7557722926139832
150,165,800,280,245.20000000000005,-17.75,245.84162076426364,-4.140412686351411,-6,3,6.708203932499369,-6.200943498748685,0.9243820791891627,True,inward,right_middle,0.7800599932670593
150,165,890,280,335.20000000000005,-17.75,335.66963297265966,-3.031178708192996,-7,-4,8.06225774829855,-6.7786888550187445,0.8407928729950754,True,inward,right_middle,0.7126349210739136
150,165,1010,280,455.20000000000005,-17.75,455.5459389567643,-2.233051624991495,6,-3,6.708203932499369,6.112336346091917,0.9111733047469471,True,outward,right_middle,0.6464613080024719
150,165,150,290,-404.79999999999995,-7.75,404.8741810735774,-178.90319157623497,-8,-3,8.54400374531753,8.055959486849233,0.9428787401063856,True,outward,left_middle,0.6049366593360901
150,165,370,290,-184.79999999999995,-7.75,184.9624353754026,-177.5985809060287,7,-1,7.0710678118654755,-6.951952148500958,0.9831545013378831,True,inward,left_middle,0.7421956062316895
150,165,150,300,-404.79999999999995,2.25,404.80625303964854,179.6815361256745,-8,3,8.54400374531753,8.016551067658916,0.938266333515165,True,outward,left_middle,0.5674558877944946
150,165,950,300,395.20000000000005,2.25,395.2064049329161,0.32619967370235187,2,1,2.23606797749979,2.0056608144661716,0.8969587841907907,True,outward,right_middle,0.72541743516922
150,165,960,300,405.20000000000005,2.25,405.2062468669505,0.31814950381713303,-5,-1,5.0990195135927845,-5.005475645260662,0.981654538076829,True,inward,right_middle,0.617665708065033
150,165,380,310,-174.79999999999995,12.25,175.22871482722226,175.99126055395217,4,-1,4.123105625617661,-4.060122227692525,0.9847242822173152,True,inward,left_middle,0.7504662871360779
150,165,770,310,215.20000000000005,12.25,215.54837624069458,3.2579771000916447,-7,1,7.0710678118654755,-6.931854584381283,0.9803122765630125,True,inward,right_middle,0.779178261756897
150,165,790,310,235.20000000000005,12.25,235.5187943668191,2.981461219982191,-4,1,4.123105625617661,-3.9425728315923236,0.9562143659615093,True,inward,right_middle,0.7399401068687439
150,165,770,320,215.20000000000005,22.25,216.34718047619668,5.902961825011948,-7,-7,9.899494936611665,-7.682790209428573,0.7760790079315085,True,inward,right_middle,0.855776846408844
150,165,890,320,335.20000000000005,22.25,335.93764674415405,3.797624385696501,1,0,1.0,0.9978042153021457,0.9978042153021457,True,outward,right_middle,0.7295642495155334
150,165,950,320,395.20000000000005,22.25,395.8258487011681,3.2223853271037872,5,0,5.0,4.99209439323857,0.9984188786477141,True,outward,right_middle,0.5532371401786804
150,165,1000,320,445.20000000000005,22.25,445.75565335730744,2.8611214668734672,8,4,8.94427190999916,8.189688616408334,0.9156350230422617,True,outward,right_middle,0.652411162853241
150,165,130,330,-424.79999999999995,32.25,426.0224201846658,175.65854244108127,8,-4,8.94427190999916,-8.279845925646343,0.9257149166484946,True,inward,left_middle,0.6837528347969055
150,165,100,340,-454.79999999999995,42.25,456.75825389367617,174.69257077175405,-3,1,3.1622776601683795,3.079637834694584,0.9738669926064003,True,outward,left_middle,0.7235745191574097
150,165,130,340,-424.79999999999995,42.25,426.8958918752908,174.32012308655618,6,1,6.082762530298219,-5.8715720804646185,0.9652805039187932,True,inward,left_middle,0.6282859444618225
150,165,140,340,-414.79999999999995,42.25,416.9461625917667,174.18412030306678,8,-8,11.313708498984761,-8.769477520242804,0.7751196277533344,True,inward,left_middle,0.7022131085395813
150,165,170,340,-384.79999999999995,42.25,387.1125191723977,173.73417692298634,-8,-1,8.06225774829855,7.843068486885779,0.9728129181358625,True,outward,left_middle,0.7026050090789795
150,165,770,340,215.20000000000005,42.25,219.30823627944307,11.107547150691484,-6,-3,6.708203932499369,-6.465557445791708,0.963828397414678,True,inward,right_middle,0.8152420520782471
150,165,980,340,425.20000000000005,42.25,427.29392986561373,5.674568550132818,1,0,1.0,0.9950995562556383,0.9950995562556383,True,outward,right_middle,0.7430770397186279
150,165,60,350,-494.79999999999995,52.25,497.55110541531303,173.97200736095022,-3,-1,3.1622776601683795,2.8783977854989664,0.9102293014161515,True,outward,left_middle,0.613603413105011
150,165,180,350,-374.79999999999995,52.25,378.4245003960499,172.06367712807582,-8,2,8.246211251235321,8.199521956830438,0.9943380913995031,True,outward,left_middle,0.5555195808410645
150,165,770,350,215.20000000000005,52.25,221.45225783450488,13.647186600067084,-8,-5,9.433981132056603,-8.953848650673134,0.949106058761133,True,inward,right_middle,0.7690649032592773
150,165,180,360,-374.79999999999995,62.25,379.93433972201035,170.56990751677947,-8,2,8.246211251235321,8.219578157333599,0.9967702629619473,True,outward,left_middle,0.5932920575141907
150,165,220,360,-334.79999999999995,62.25,340.5379604390676,169.46716349152229,-4,3,5.0,4.480998235945674,0.8961996471891348,True,outward,left_middle,0.5966346859931946
150,165,1030,360,475.20000000000005,62.25,479.259952948293,7.46310623616553,-5,1,5.0990195135927845,-4.827755763373012,0.9468008017038084,True,inward,right_middle,0.7038122415542603
150,165,910,370,355.20000000000005,72.25,362.4735886930247,11.497481900769635,1,0,1.0,0.9799334657202168,0.9799334657202168,True,outward,right_middle,0.5922648310661316
150,165,980,370,425.20000000000005,72.25,431.29468174323694,9.64359243741267,-1,-1,1.4142135623730951,-1.1533877440578955,0.8155682951607919,True,inward,right_middle,0.7422091364860535
150,165,1030,370,475.20000000000005,72.25,480.6611098268717,8.645112408994187,-6,3,6.708203932499369,-5.480888605589283,0.8170426332801113,True,inward,right_middle,0.6799160838127136
150,165,810,380,255.20000000000005,82.25,268.1270267988664,17.863935898650865,7,3,7.615773105863909,7.582786503373096,0.9956686468947697,True,outward,right_middle,0.6333160996437073
150,165,970,380,415.20000000000005,82.25,423.268357546368,11.205070629291132,1,0,1.0,0.9809379619276546,0.9809379619276546,True,outward,right_middle,0.7190489172935486
150,165,1010,380,455.20000000000005,82.25,462.57118641350763,10.242251765774824,8,-1,8.06225774829855,7.694707548900765,0.9544110085694852,True,outward,right_middle,0.6686004400253296
150,165,1010,390,455.20000000000005,92.25,464.4535525754971,11.456301612407547,-1,0,1.0,-0.9800764736878768,0.9800764736878768,True,inward,right_middle,0.7323406338691711
150,165,990,400,435.20000000000005,102.25,447.05044737702707,13.221806357208482,7,4,8.06225774829855,7.729329028242386,0.958705274570709,True,outward,right_middle,0.6081689596176147
150,165,1010,400,455.20000000000005,102.25,466.54271240691355,12.660015121253961,-1,0,1.0,-0.9756877299649672,0.9756877299649672,True,inward,right_middle,0.7817167043685913
150,165,1030,400,475.20000000000005,102.25,486.07623116132726,12.143329904011546,-3,0,3.0,-2.932873299716743,0.9776244332389142,True,inward,right_middle,0.7384462356567383
150,165,170,410,-384.79999999999995,112.25,400.838000319331,163.7375082518572,4,-1,4.123105625617661,-4.11999361009774,0.9992452253707533,True,inward,left_lower,0.5731009840965271
150,165,840,410,285.20000000000005,112.25,306.4948653729782,21.483777852355903,1,0,1.0,0.930521298139647,0.930521298139647,True,outward,right_lower,0.7919750809669495
150,165,1010,410,455.20000000000005,112.25,468.83590146233473,13.852475528727762,-7,0,7.0,-6.7964078477381475,0.9709154068197353,True,inward,right_lower,0.6765992045402527
150,165,1030,410,475.20000000000005,112.25,488.2776899470219,13.290576608759775,-4,-3,5.0,-4.582535811215897,0.9165071622431794,True,inward,right_lower,0.7141653895378113
150,165,160,420,-394.79999999999995,122.25,413.2942081616919,162.79483712291525,4,1,4.123105625617661,-3.525212720692184,0.8549896705991107,True,inward,left_lower,0.6436529755592346
150,165,210,420,-344.79999999999995,122.25,365.8307019647203,160.47786713754942,2,-2,2.8284271247461903,-2.553366885237757,0.9027515197043954,True,inward,left_lower,0.6674405336380005
150,165,1010,420,455.20000000000005,122.25,471.33014172658216,15.032822066749853,6,7,9.219544457292887,7.610270768723262,0.8254497609915369,True,outward,right_lower,0.6423921585083008
150,165,1020,430,465.20000000000005,132.25,483.63323138510657,15.869726265365047,-4,-2,4.47213595499958,-4.394445753682444,0.982627942866924,True,inward,right_lower,0.7448402643203735
150,165,130,440,-424.79999999999995,142.25,447.98448912880895,161.4861843437126,1,0,1.0,-0.9482471163814273,0.9482471163814273,True,inward,left_lower,0.5900890231132507
150,165,140,440,-414.79999999999995,142.25,438.51351461500013,161.07129455798085,1,0,1.0,-0.9459229560215041,0.9459229560215041,True,inward,left_lower,0.6027548909187317
150,165,140,450,-414.79999999999995,152.25,441.8586906466817,159.84462334262292,1,0,1.0,-0.9387616647143909,0.9387616647143909,True,inward,left_lower,0.652916669845581
150,165,660,450,105.20000000000005,152.25,185.0597268451459,55.35673682409061,2,6,6.324555320336759,6.073174424062866,0.9602531903759981,True,outward,right_lower,0.7083078026771545
150,165,140,460,-414.79999999999995,162.25,445.4033031983485,158.6369299098292,3,-1,3.1622776601683795,-3.1581490076502323,0.9986944054375265,True,inward,left_lower,0.631466269493103
150,165,130,480,-424.79999999999995,182.25,462.24463490666926,156.77943743852958,8,2,8.246211251235321,-6.563407708588262,0.79593009548537,True,inward,left_lower,0.6348735690116882
150,165,230,480,-324.79999999999995,182.25,372.4380518958824,150.70258380445605,-3,8,8.54400374531753,6.53101901811041,0.7643979582393886,True,outward,left_lower,0.7513904571533203
150,165,180,490,-374.79999999999995,192.25,421.23046245493686,152.84488733440978,-6,0,6.0,5.338645232099224,0.8897742053498706,True,outward,left_lower,0.7048594355583191
150,165,210,490,-344.79999999999995,192.25,394.7747490658438,150.8572909077,-5,7,8.602325267042627,7.775953267689879,0.9039362063512341,True,outward,left_lower,0.7647862434387207
150,165,290,490,-264.79999999999995,192.25,327.2294340367321,144.01961357192457,-5,6,7.810249675906654,7.57114043635175,0.9693851990042627,True,outward,left_lower,0.7412322759628296
150,165,980,490,425.20000000000005,192.25,466.6423710937532,24.32963672063364,1,1,1.4142135623730951,1.3231760299708148,0.9356267434958576,True,outward,right_lower,0.7308766841888428
150,165,220,500,-334.79999999999995,202.25,391.14716220369024,148.86416195545297,5,-4,6.4031242374328485,-6.347994412156761,0.9913901677943718,True,inward,left_lower,0.6593651175498962
150,165,970,500,415.20000000000005,202.25,461.83991003376923,25.971391271293133,4,7,8.06225774829855,6.661507446974529,0.8262583081495214,True,outward,right_lower,0.5973951816558838
150,165,730,510,175.20000000000005,212.25,275.218281551208,50.46231371269689,-1,-4,4.123105625617661,-3.72140976328796,0.9025744429553573,True,inward,right_lower,0.7119170427322388
150,165,940,510,385.20000000000005,212.25,439.80575541936696,28.855311934009556,-5,-2,5.385164807134504,-5.344404821984954,0.9924310607735627,True,inward,right_lower,0.6248382925987244
150,165,960,510,405.20000000000005,212.25,457.42442271920726,27.646239546898467,-7,-4,8.06225774829855,-8.056850087041166,0.9993292621711921,True,inward,right_lower,0.5899381041526794
150,165,1010,510,455.20000000000005,212.25,502.25203085701907,24.998630502840058,-8,-8,11.313708498984761,-10.631315897098036,0.9396844454717955,True,inward,right_lower,0.7144556641578674
150,165,170,520,-384.79999999999995,222.25,444.3715815620976,149.99043986484884,5,-2,5.385164807134504,-5.329998807921113,0.9897559311201944,True,inward,left_lower,0.8275213837623596
150,165,250,520,-304.79999999999995,222.25,377.22420720309026,143.90171603289198,3,0,3.0,-2.424022590649132,0.8080075302163774,True,inward,left_lower,0.8107691407203674
150,165,980,520,425.20000000000005,222.25,479.7813069514068,27.59585268333941,-5,-7,8.602325267042627,-7.673808767987067,0.8920621494501135,True,inward,right_lower,0.5676784515380859
150,165,130,530,-424.79999999999995,232.25,484.14367960348295,151.3333430179143,-6,4,7.211102550927978,7.183404734000333,0.9961590038788062,True,outward,left_lower,0.5633007287979126
150,165,170,530,-384.79999999999995,232.25,449.4564522843119,148.88648664415226,7,-3,7.615773105863909,-7.543222447400469,0.9904736318355417,True,inward,left_lower,0.6733539700508118
150,165,550,530,-4.7999999999999545,232.25,232.29959642668345,91.18398533611825,0,-8,8.0,-7.998291984060365,0.9997864980075456,True,inward,left_lower,0.7739533185958862
150,165,720,530,165.20000000000005,232.25,285.0107059392682,54.57566335951638,-1,-3,3.1622776601683795,-3.0242723590308556,0.9563588919227998,True,inward,right_lower,0.7267826795578003
150,165,990,530,435.20000000000005,232.25,493.2941338593031,28.08717640917207,-3,0,3.0,-2.646696788760886,0.8822322629202953,True,inward,right_lower,0.8195776343345642
150,165,200,540,-354.79999999999995,242.25,429.6138993328777,145.6755581012897,8,-7,10.63014581273465,-10.5540114205821,0.9928378788500396,True,inward,left_lower,0.5864054560661316
150,165,970,550,415.20000000000005,252.25,485.8200309785508,31.280293404989234,1,1,1.4142135623730951,1.3738626599146306,0.9714676032446228,True,outward,right_lower,0.6951507329940796
150,165,170,570,-384.79999999999995,272.25,471.3715121854523,144.7201963379242,-1,0,1.0,0.8163412299057385,0.8163412299057385,True,outward,left_lower,0.6285296678543091
150,165,210,580,-344.79999999999995,282.25,445.591856411223,140.6965701222902,-1,1,1.4142135623730951,1.407229488102033,0.9950615137226215,True,outward,left_lower,0.6789501309394836
150,165,960,580,405.20000000000005,282.25,493.81383384834413,34.85989628440173,-2,0,2.0,-1.6411042875904591,0.8205521437952296,True,inward,right_lower,0.7260997891426086
150,165,970,580,415.20000000000005,282.25,502.05189223824266,34.20758618197346,-5,-5,7.0710678118654755,-6.945995132999454,0.9823120521265337,True,inward,right_lower,0.7526447772979736
165,180,550,20,-4.7999999999999545,-277.75,277.7914730512799,-90.9900715305399,0,8,8.0,-7.998805635008897,0.9998507043761121,True,inward,left_upper,0.9117268919944763
165,180,560,20,5.2000000000000455,-277.75,277.7986726030202,-88.92744104105485,0,6,6.0,-5.9989487508511665,0.9998247918085278,True,inward,right_upper,0.9264441728591919
165,180,960,20,405.20000000000005,-277.75,491.2556386444842,-34.429232976526876,4,-5,6.4031242374328485,6.126240114625891,0.9567579649340107,True,outward,right_upper,0.614931046962738
165,180,120,30,-434.79999999999995,-267.75,510.62814503315417,-148.37522316202165,1,2,2.23606797749979,-1.9002086145036132,0.8497991266921544,True,inward,left_upper,0.7644619941711426
165,180,540,30,-14.799999999999955,-267.75,268.1587263170826,-93.16383001636795,0,8,8.0,-7.987806436204525,0.9984758045255656,True,inward,left_upper,0.9400745630264282
165,180,550,30,-4.7999999999999545,-267.75,267.79302175374175,-91.02704121410923,0,8,8.0,-7.99871477595764,0.999839346994705,True,inward,left_upper,0.9206470251083374
165,180,560,30,5.2000000000000455,-267.75,267.80049010410715,-88.88739270489401,-1,-8,8.06225774829855,7.979074269689804,0.9896823593085572,True,outward,right_upper,0.9274892210960388
165,180,910,30,355.20000000000005,-267.75,444.8113111196702,-37.00901169516252,1,0,1.0,0.7985408444445751,0.7985408444445751,True,outward,right_upper,0.7859492897987366
165,180,950,30,395.20000000000005,-267.75,477.36055817379804,-34.11783876925928,1,0,1.0,0.8278857421984895,0.8278857421984895,True,outward,right_upper,0.5937241911888123
165,180,100,40,-454.79999999999995,-257.75,522.7600812036052,-150.45835704385402,-4,-8,8.94427190999916,7.424438360067408,0.8300774433933892,True,outward,left_upper,0.6309865713119507
165,180,540,40,-14.799999999999955,-257.75,258.1745581965814,-93.28631399975535,0,8,8.0,-7.986844305665219,0.9983555382081524,True,inward,left_upper,0.9456295967102051
165,180,550,40,-4.7999999999999545,-257.75,257.79469059699426,-91.06687858604278,0,8,8.0,-7.9986131414300035,0.9998266426787504,True,inward,left_upper,0.9229660630226135
165,180,560,40,5.2000000000000455,-257.75,257.8024485919402,-88.84423805360119,-1,-8,8.06225774829855,7.978201957482504,0.9895741622954458,True,outward,right_upper,0.9239829778671265
165,180,540,50,-14.799999999999955,-247.75,248.19166484795576,-93.41865185721998,0,8,8.0,-7.985763749214501,0.9982204686518126,True,inward,left_upper,0.9487783312797546
165,180,550,50,-4.7999999999999545,-247.75,247.79649412370628,-91.10993073006469,0,8,8.0,-7.998498957820345,0.9998123697275432,True,inward,left_upper,0.9252161979675293
165,180,560,50,5.2000000000000455,-247.75,247.80456513147615,-88.79760115268768,-1,-8,8.06225774829855,7.9772541678204405,0.9894566034562654,True,outward,right_upper,0.926696240901947
165,180,540,60,-14.799999999999955,-237.75,238.21020654035797,-93.56208094737228,0,8,8.0,-7.984544523190949,0.9980680653988686,True,inward,left_upper,0.9471797943115234
165,180,550,60,-4.7999999999999545,-237.75,237.79844932210975,-91.15660308794732,0,8,8.0,-7.998370071049736,0.999796258881217,True,inward,left_upper,0.9279263615608215
165,180,560,60,5.2000000000000455,-237.75,237.8068596571596,-88.74704286559611,-1,-7,7.0710678118654755,6.976459814455362,0.9866204086953659,True,outward,right_upper,0.9315902590751648
165,180,960,60,405.20000000000005,-237.75,469.8000665176624,-30.402163974224294,-1,0,1.0,-0.8624945564684511,0.8624945564684511,True,inward,right_upper,0.6267044544219971
165,180,1030,60,475.20000000000005,-237.75,531.3568504310451,-26.57951798134399,1,-2,2.23606797749979,1.7891930803729679,0.8001514705172401,True,outward,right_upper,0.8242691159248352
165,180,550,70,-4.7999999999999545,-227.75,227.80057616257253,-91.20737226107681,0,8,8.0,-7.99822384426152,0.99977798053269,True,inward,left_upper,0.9139778017997742
165,180,560,70,5.2000000000000455,-227.75,227.80935560244228,-88.69204699147441,-1,-8,8.06225774829855,7.975089500584684,0.9891881095302043,True,outward,right_upper,0.9340910911560059
165,180,1030,70,475.20000000000005,-227.75,526.9583498721697,-25.607090239900813,3,-3,4.242640687119285,4.001929185696683,0.9432637550114944,True,outward,right_upper,0.6909169554710388
165,180,1040,70,485.20000000000005,-227.75,535.9935657263061,-25.145081854858297,5,-7,8.602325267042627,7.500556456405032,0.8719219773217936,True,outward,right_upper,0.7776180505752563
165,180,540,80,-14.799999999999955,-217.75,218.2523825757694,-93.8882909927584,0,8,8.0,-7.981585261252487,0.9976981576565609,True,inward,left_upper,0.9167937636375427
165,180,550,80,-4.7999999999999545,-217.75,217.80289828190993,-91.26280233589301,0,8,8.0,-7.998057021928461,0.9997571277410576,True,inward,left_upper,0.9028139710426331
165,180,560,80,5.2000000000000455,-217.75,217.81208070260934,-88.63200258777364,-1,-8,8.06225774829855,7.973846052971448,0.989033878835521,True,outward,right_upper,0.9295116066932678
165,180,540,90,-14.799999999999955,-207.75,208.27650491594102,-94.07483694952286,0,7,7.0,-6.9823046079389774,0.9974720868484254,True,inward,left_upper,0.9198472499847412
165,180,550,90,-4.7999999999999545,-207.75,207.80544386516922,-91.32356591909029,-1,-8,8.06225774829855,8.020964075808681,0.9948781502925056,True,outward,left_upper,0.909632682800293
165,180,560,90,5.2000000000000455,-207.75,207.81506802924565,-88.56618119402542,-1,-8,8.06225774829855,7.972472909263922,0.9888635613202051,True,outward,right_upper,0.9324947595596313
165,180,540,100,-14.799999999999955,-197.75,198.30305721294366,-94.28014954175754,0,6,6.0,-5.98326630297939,0.9972110504965651,True,inward,left_upper,0.9200906753540039
165,180,550,100,-4.7999999999999545,-197.75,197.80824679471783,-91.3904715475041,-1,-8,8.06225774829855,8.021910237376277,0.9949955071914208,True,outward,left_upper,0.9146960377693176
165,180,560,100,5.2000000000000455,-197.75,197.818357338241,-88.49370715476223,-1,-8,8.06225774829855,7.970948809891786,0.9886745200590947,True,outward,right_upper,0.9354380965232849
165,180,970,100,415.20000000000005,-197.75,459.8870540687137,-25.467362360156542,-3,4,5.0,-4.428478649228736,0.8856957298457472,True,inward,right_upper,0.7659757137298584
165,180,310,110,-244.79999999999995,-187.75,308.5078645675017,-142.51350329266106,8,2,8.246211251235321,-7.565123188259406,0.9174059404706756,True,inward,left_upper,0.6380107998847961
165,180,540,110,-14.799999999999955,-187.75,188.33242551403623,-94.50720449216269,-1,-8,8.06225774829855,8.053844131513904,0.9989564192751812,True,outward,left_upper,0.9082428216934204
165,180,550,110,-4.7999999999999545,-187.75,187.8113481661851,-91.46449984586806,-1,-8,8.06225774829855,8.022944378561759,0.9951237766188897,True,outward,left_upper,0.9073847532272339
165,180,560,110,5.2000000000000455,-187.75,187.82199684807955,-88.41351847317469,-1,-8,8.06225774829855,7.969247612731387,0.9884635125208208,True,outward,right_upper,0.9315674304962158
165,180,960,120,405.20000000000005,-177.75,442.4727138479841,-23.68572850405537,4,-8,8.94427190999916,6.876808229683027,0.7688505334900617,True,outward,right_upper,0.657346785068512
165,180,720,170,165.20000000000005,-127.75,208.8327141517823,-37.71496351582341,-2,1,2.23606797749979,-2.193861253304455,0.9811245791183292,True,inward,right_upper,0.7277483344078064
165,180,970,170,415.20000000000005,-127.75,434.4089116259012,-17.102244118330443,-1,0,1.0,-0.9557814973131967,0.9557814973131967,True,inward,right_upper,0.6468487977981567
165,180,410,180,-144.79999999999995,-117.75,186.6336049590212,-140.88231471984798,-1,0,1.0,0.7758517016900222,0.7758517016900222,True,outward,left_upper,0.5853607058525085
165,180,980,190,425.20000000000005,-107.75,438.6400603000141,-14.219989774038586,3,-4,5.0,3.89066151147423,0.778132302294846,True,outward,right_upper,0.7198162078857422
165,180,930,200,375.20000000000005,-97.75,387.72426091231387,-14.602534067863544,-4,1,4.123105625617661,-4.122904241892466,0.9999511572723379,True,inward,right_upper,0.8743311166763306
165,180,1040,210,485.20000000000005,-87.75,493.0710927442411,-10.251320396487202,-7,2,7.280109889280518,-7.244188622213077,0.9950658344978648,True,inward,right_middle,0.7523579001426697
165,180,150,250,-404.79999999999995,-47.75,407.60655355379157,-173.2725074438585,-5,3,5.830951894845301,4.614130915222879,0.7913169236230331,True,outward,left_middle,0.5831136107444763
165,180,990,250,435.20000000000005,-47.75,437.8117203776071,-6.261428254051539,8,3,8.54400374531753,7.62508138685898,0.8924482729818374,True,outward,right_middle,0.6222833395004272
165,180,1020,250,465.20000000000005,-47.75,467.644205031988,-5.860545045362017,-6,-4,7.211102550927978,-5.560210031517744,0.771062398884095,True,inward,right_middle,0.684440553188324
165,180,180,260,-374.79999999999995,-37.75,376.69630008801516,-174.24854347256286,-7,0,7.0,6.964761797201073,0.9949659710287247,True,outward,left_middle,0.6846369504928589
165,180,1020,260,465.20000000000005,-37.75,466.7291532570041,-4.639266467270147,-6,-4,7.211102550927978,-5.6568139821044685,0.7844589564707422,True,inward,right_middle,0.6867451071739197
165,180,180,270,-374.79999999999995,-27.75,375.8258938657633,-175.76557604376546,-6,-3,6.708203932499369,6.2051339145699105,0.9250067494978461,True,outward,left_middle,0.6272839307785034
165,180,1020,270,465.20000000000005,-27.75,466.0269332345503,-3.4137489922287507,-5,-2,5.385164807134504,-4.872036009251985,0.9047143743488216,True,inward,right_middle,0.7764511704444885
165,180,990,280,435.20000000000005,-17.75,435.56182396991596,-2.335562332269234,2,0,2.0,1.9983385873141126,0.9991692936570563,True,outward,right_middle,0.646325945854187
165,180,780,290,225.20000000000005,-7.75,225.3333142258375,-1.970990766471491,7,2,7.280109889280518,6.927071593309136,0.9515064605698867,True,outward,right_middle,0.7395025491714478
165,180,390,310,-164.79999999999995,12.25,165.25465954096418,175.74887818433695,7,0,7.0,-6.98074113737192,0.9972487339102744,True,inward,left_middle,0.8627292513847351
165,180,1010,320,455.20000000000005,22.25,455.7434612805762,2.798368331692729,8,3,8.54400374531753,8.13692420200621,0.9523549432507661,True,outward,right_middle,0.6829350590705872
165,180,1020,320,465.20000000000005,22.25,465.73179245140653,2.738306801093721,-1,0,1.0,-0.9988581572913299,0.9988581572913299,True,inward,right_middle,0.7475115656852722
165,180,1000,330,445.20000000000005,32.25,446.3665562068915,4.143232168401972,-7,-4,8.06225774829855,-7.27070600355586,0.9018200894272157,True,inward,right_middle,0.6759421229362488
165,180,1010,330,455.20000000000005,32.25,456.34099366592085,4.0525187775209615,5,0,5.0,4.987498453111182,0.9974996906222364,True,outward,right_middle,0.7233591079711914
165,180,990,340,435.20000000000005,42.25,437.246043435501,5.545000744301801,-8,-4,8.94427190999916,-8.349074976909442,0.9334549598805999,True,inward,right_middle,0.5933986306190491
165,180,170,350,-384.79999999999995,52.25,388.33117631732836,172.26739462796354,-4,0,4.0,3.9636271663705633,0.9909067915926408,True,outward,left_middle,0.6635981202125549
165,180,1030,350,475.20000000000005,52.25,478.06391047641324,6.274677606552297,5,-2,5.385164807134504,4.751456761788069,0.8823233702138753,True,outward,right_middle,0.6685442924499512
165,180,380,360,-174.79999999999995,62.25,185.5535030658273,160.39810344092774,-7,5,8.602325267042627,8.271738202945667,0.9615700343994767,True,outward,left_middle,0.6537189483642578
165,180,760,360,205.20000000000005,62.25,214.43437807403927,16.87583368205177,1,0,1.0,0.9569361118446651,0.9569361118446651,True,outward,right_middle,0.8251091241836548
165,180,770,370,215.20000000000005,72.25,227.00463101003032,18.558663136817362,-8,1,8.06225774829855,-7.265710803614059,0.9012005111282144,True,inward,right_middle,0.7466285228729248
165,180,770,410,215.20000000000005,112.25,242.71609443957362,27.546896915384504,5,2,5.385164807134504,5.358111924974845,0.9949764058986983,True,outward,right_lower,0.7513456344604492
165,180,130,430,-424.79999999999995,132.25,444.9102184710978,162.70743460044318,1,-1,1.4142135623730951,-1.2520503617881884,0.8853333012074981,True,inward,left_lower,0.6172695159912109
165,180,980,430,425.20000000000005,132.25,445.2921540966111,17.277266475598598,-1,-1,1.4142135623730951,-1.2518747408225275,0.8852091184317608,True,inward,right_lower,0.6598572731018066
165,180,990,430,435.20000000000005,132.25,454.8506375723794,16.90314938500758,-7,-1,7.0710678118654755,-6.9883380112756,0.9883002393993376,True,inward,right_lower,0.5652455687522888
165,180,130,440,-424.79999999999995,142.25,447.98448912880895,161.4861843437126,1,-1,1.4142135623730951,-1.2657804316009613,0.8950419266782745,True,inward,left_lower,0.5980692505836487
165,180,140,440,-414.79999999999995,142.25,438.51351461500013,161.07129455798085,-5,0,5.0,4.729614780107521,0.9459229560215041,True,outward,left_lower,0.6272341012954712
165,180,1010,440,455.20000000000005,142.25,476.90890377513404,17.35402463626132,-8,-4,8.94427190999916,-8.828939796824026,0.9871054777475851,True,inward,right_lower,0.6582509279251099
165,180,140,450,-414.79999999999995,152.25,441.8586906466817,159.84462334262292,-5,0,5.0,4.693808323571955,0.9387616647143909,True,outward,left_lower,0.7232083678245544
165,180,660,450,105.20000000000005,152.25,185.0597268451459,55.35673682409061,0,1,1.0,0.8227073637010154,0.8227073637010154,True,outward,right_lower,0.7034574747085571
165,180,1010,450,455.20000000000005,152.25,479.98656491614435,18.493458179824962,-4,-1,4.123105625617661,-4.110635889037228,0.9969756446444263,True,inward,right_lower,0.5811583399772644
165,180,630,470,75.20000000000005,172.25,187.94973397161277,66.41513366599371,-2,-8,8.246211251235321,-8.13196149684811,0.986145182204725,True,inward,right_lower,0.6670103669166565
165,180,170,480,-384.79999999999995,182.25,425.77705727293477,154.65670438478912,-5,8,9.433981132056603,7.9431240886050025,0.8419694694548754,True,outward,left_lower,0.8155413866043091
165,180,220,480,-334.79999999999995,182.25,381.1903756654934,151.43812351587306,-8,8,11.313708498984761,10.851270819150537,0.9591258975891308,True,outward,left_lower,0.6246055960655212
165,180,180,490,-374.79999999999995,192.25,421.23046245493686,152.84488733440978,-6,0,6.0,5.338645232099224,0.8897742053498706,True,outward,left_lower,0.7149000763893127
165,180,970,490,415.20000000000005,192.25,457.54901649987187,24.845545660028034,3,4,5.0,4.403025528086922,0.8806051056173845,True,outward,right_lower,0.6224994659423828
165,180,1000,490,445.20000000000005,192.25,484.93618394588793,23.356057905399634,2,0,2.0,1.8361178841201016,0.9180589420600508,True,outward,right_lower,0.6919175386428833
165,180,570,500,15.200000000000045,202.25,202.8203700322036,85.70204342079651,5,-8,9.433981132056603,-7.602786641968765,0.8058937722627565,True,inward,right_lower,0.6201061010360718
165,180,580,500,25.200000000000045,202.25,203.8138918229079,82.89764811966015,3,-8,8.54400374531753,-7.567688277795008,0.8857309176558374,True,inward,right_lower,0.7490831017494202
165,180,980,500,425.20000000000005,202.25,470.85040352536606,25.438494587915823,-4,-3,5.0,-4.900813470101839,0.9801626940203677,True,inward,right_lower,0.6332896947860718
165,180,1000,500,445.20000000000005,202.25,488.9868121943577,24.431833204821782,-3,0,3.0,-2.7313620054627137,0.9104540018209045,True,inward,right_lower,0.8197860717773438
165,180,250,510,-304.79999999999995,212.25,371.4203851433036,145.14825702931324,-2,3,3.605551275463989,3.3556316504252344,0.9306847674752335,True,outward,left_lower,0.6753964424133301
165,180,970,510,415.20000000000005,212.25,466.3058036310507,27.07609190900014,-2,-1,2.23606797749979,-2.2359790332460947,0.9999602229205059,True,inward,right_lower,0.6907201409339905
165,180,980,510,425.20000000000005,212.25,475.2316303656566,26.527308703207947,6,6,8.48528137423857,8.048075413366675,0.9484747833820505,True,outward,right_lower,0.6882387399673462
165,180,140,520,-414.79999999999995,222.25,470.58910155251147,151.81757692211988,7,-7,9.899494936611665,-9.476101306401366,0.9572307847095869,True,inward,left_lower,0.6352765560150146
165,180,150,520,-404.79999999999995,222.25,461.7987684045941,151.23160428360285,8,-4,8.94427190999916,-8.93765917622343,0.9992606738880181,True,inward,left_lower,0.7064240574836731
165,180,800,530,245.20000000000005,232.25,337.7322941324978,43.44633265518627,1,1,1.4142135623730951,1.4136936511398246,0.9996323672413393,True,outward,right_lower,0.6898540258407593
165,180,160,560,-394.79999999999995,262.25,473.96424179467374,146.40548681904957,-2,0,2.0,1.6659484627155963,0.8329742313577981,True,outward,left_lower,0.6002894639968872
165,180,230,560,-324.79999999999995,262.25,417.4567073362218,141.08190163509082,4,-5,6.4031242374328485,-6.253223278306389,0.9765894033025107,True,inward,left_lower,0.6111968755722046
180,195,1030,70,475.20000000000005,-227.75,526.9583498721697,-25.607090239900813,8,-3,8.54400374531753,8.510824434393992,0.996116655386332,True,outward,right_upper,0.610833466053009
180,195,640,100,85.20000000000005,-197.75,215.3232511829598,-66.69134973486166,-4,6,7.211102550927978,-7.093056563140299,0.9836299668526433,True,inward,right_upper,0.5934454202651978
180,195,100,130,-454.79999999999995,-167.75,484.7505569878182,-159.75383440502046,-8,-1,8.06225774829855,7.851770245816651,0.9738922384953124,True,outward,left_upper,0.6192806959152222
180,195,1000,170,445.20000000000005,-127.75,463.1663874894205,-16.010815591680633,4,0,4.0,3.844838589546131,0.9612096473865327,True,outward,right_upper,0.7871980667114258
180,195,410,180,-144.79999999999995,-117.75,186.6336049590212,-140.88231471984798,1,1,1.4142135623730951,-1.4067670184994154,0.994734498330518,True,inward,left_upper,0.6656599044799805
180,195,970,200,415.20000000000005,-97.75,426.55140663230736,-13.247826676838123,6,-3,6.708203932499369,6.527818116891667,0.9731096702749623,True,outward,right_upper,0.6165679693222046
180,195,1040,210,485.20000000000005,-87.75,493.0710927442411,-10.251320396487202,-7,2,7.280109889280518,-7.244188622213077,0.9950658344978648,True,inward,right_middle,0.6666305661201477
180,195,980,370,425.20000000000005,72.25,431.29468174323694,9.64359243741267,-3,1,3.1622776601683795,-2.790087731052505,0.8823032101817218,True,inward,right_middle,0.732461154460907
180,195,890,390,335.20000000000005,92.25,347.6623397781244,15.387374521476765,-7,-6,9.219544457292887,-8.341139284314474,0.9047235818377585,True,inward,right_middle,0.6426494717597961
180,195,420,450,-134.79999999999995,152.25,203.34970494200377,131.52122463687982,5,-2,5.385164807134504,-4.811907645890473,0.893548817580373,True,inward,left_lower,0.7508607506752014
180,195,260,490,-294.79999999999995,192.25,351.94758487593003,146.890140212905,4,-1,4.123105625617661,-3.8967450237894625,0.9450994899519974,True,inward,left_lower,0.7062074542045593
180,195,250,500,-304.79999999999995,202.25,365.79789843573457,146.43374225296483,4,-3,5.0,-4.991690788296841,0.9983381576593683,True,inward,left_lower,0.6391065120697021
180,195,260,500,-294.79999999999995,202.25,357.508185220982,145.54760441558608,2,-1,2.23606797749979,-2.21491432290017,0.9905397980685398,True,inward,left_lower,0.7231809496879578
180,195,160,520,-394.79999999999995,222.25,453.05860823959625,150.6229573851729,5,-2,5.385164807134504,-5.338161456411389,0.9912716968920167,True,inward,left_lower,0.7981606721878052
180,195,250,550,-304.79999999999995,252.25,395.64264494616856,140.38911940447053,-4,8,8.94427190999916,8.182131126032827,0.914790069931315,True,outward,left_lower,0.6720390319824219
195,210,540,20,-14.799999999999955,-277.75,278.14403193309755,-93.05013983670415,0,-8,8.0,7.988666823289818,0.9985833529112272,True,outward,left_upper,0.9310938715934753
195,210,560,20,5.2000000000000455,-277.75,277.7986726030202,-88.92744104105485,0,-2,2.0,1.9996495836170554,0.9998247918085277,True,outward,right_upper,0.9436575174331665
195,210,540,30,-14.799999999999955,-267.75,268.1587263170826,-93.16383001636795,0,-8,8.0,7.987806436204525,0.9984758045255656,True,outward,left_upper,0.9227110147476196
195,210,550,30,-4.7999999999999545,-267.75,267.79302175374175,-91.02704121410923,0,-8,8.0,7.99871477595764,0.999839346994705,True,outward,left_upper,0.9197887182235718
195,210,560,30,5.2000000000000455,-267.75,267.80049010410715,-88.88739270489401,0,-7,7.0,6.998680246146627,0.9998114637352324,True,outward,right_upper,0.9375721216201782
195,210,110,40,-444.79999999999995,-257.75,514.0837504726247,-149.9088267085372,5,1,5.0990195135927845,-4.827520803212306,0.9467547222251794,True,inward,left_upper,0.5914149880409241
195,210,540,40,-14.799999999999955,-257.75,258.1745581965814,-93.28631399975535,0,-7,7.0,6.988488767457067,0.9983555382081525,True,outward,left_upper,0.921741783618927
195,210,550,40,-4.7999999999999545,-257.75,257.79469059699426,-91.06687858604278,0,-7,7.0,6.998786498751253,0.9998266426787504,True,outward,left_upper,0.9221724271774292
195,210,560,40,5.2000000000000455,-257.75,257.8024485919402,-88.84423805360119,0,-4,4.0,3.999186220422239,0.9997965551055598,True,outward,right_upper,0.9392358660697937
195,210,550,50,-4.7999999999999545,-247.75,247.79649412370628,-91.10993073006469,0,-7,7.0,6.998686588092802,0.9998123697275432,True,outward,left_upper,0.9282244443893433
195,210,560,50,5.2000000000000455,-247.75,247.80456513147615,-88.79760115268768,0,-8,8.0,7.998238446286986,0.9997798057858732,True,outward,right_upper,0.9432253241539001
195,210,550,60,-4.7999999999999545,-237.75,237.79844932210975,-91.15660308794732,0,-8,8.0,7.998370071049736,0.999796258881217,True,outward,left_upper,0.9368440508842468
195,210,560,60,5.2000000000000455,-237.75,237.8068596571596,-88.74704286559611,0,-8,8.0,7.998087198754768,0.999760899844346,True,outward,right_upper,0.948095440864563
195,210,990,60,435.20000000000005,-237.75,495.9073527383921,-28.647804223019484,-5,5,7.0710678118654755,-6.78503753053853,0.9595492096898043,True,inward,right_upper,0.6753125190734863
195,210,540,70,-14.799999999999955,-227.75,228.23037155470786,-93.71805454202563,0,-8,8.0,7.983161871001284,0.9978952338751605,True,outward,left_upper,0.9416531920433044
195,210,550,70,-4.7999999999999545,-227.75,227.80057616257253,-91.20737226107681,0,-8,8.0,7.99822384426152,0.99977798053269,True,outward,left_upper,0.9465488791465759
195,210,560,70,5.2000000000000455,-227.75,227.80935560244228,-88.69204699147441,0,-8,8.0,7.997915604395252,0.9997394505494065,True,outward,right_upper,0.9622923135757446
195,210,540,80,-14.799999999999955,-217.75,218.2523825757694,-93.8882909927584,0,-8,8.0,7.981585261252487,0.9976981576565609,True,outward,left_upper,0.93380206823349
195,210,550,80,-4.7999999999999545,-217.75,217.80289828190993,-91.26280233589301,0,-8,8.0,7.998057021928461,0.9997571277410576,True,outward,left_upper,0.9421813488006592
195,210,560,80,5.2000000000000455,-217.75,217.81208070260934,-88.63200258777364,0,-8,8.0,7.997719843549207,0.9997149804436509,True,outward,right_upper,0.9589762687683105
195,210,540,90,-14.799999999999955,-207.75,208.27650491594102,-94.07483694952286,0,-8,8.0,7.979776694787402,0.9974720868484253,True,outward,left_upper,0.9302660822868347
195,210,550,90,-4.7999999999999545,-207.75,207.80544386516922,-91.32356591909029,0,-8,8.0,7.997865547152646,0.9997331933940807,True,outward,left_upper,0.9362876415252686
195,210,560,90,5.2000000000000455,-207.75,207.81506802924565,-88.56618119402542,0,-6,6.0,5.998121367333099,0.9996868945555165,True,outward,right_upper,0.9494104981422424
195,210,540,100,-14.799999999999955,-197.75,198.30305721294366,-94.28014954175754,0,-8,8.0,7.977688403972521,0.9972110504965651,True,outward,left_upper,0.9293062090873718
195,210,550,100,-4.7999999999999545,-197.75,197.80824679471783,-91.3904715475041,0,-8,8.0,7.99764431278628,0.999705539098285,True,outward,left_upper,0.9328302145004272
195,210,560,100,5.2000000000000455,-197.75,197.818357338241,-88.49370715476223,0,-8,8.0,7.997235551273976,0.999654443909247,True,outward,right_upper,0.9514187574386597
195,210,540,110,-14.799999999999955,-187.75,188.33242551403623,-94.50720449216269,0,-8,8.0,7.975259681918435,0.9969074602398044,True,outward,left_upper,0.930479884147644
195,210,550,110,-4.7999999999999545,-187.75,187.8113481661851,-91.46449984586806,0,-8,8.0,7.997386817493869,0.9996733521867336,True,outward,left_upper,0.9358298182487488
195,210,560,110,5.2000000000000455,-187.75,187.82199684807955,-88.41351847317469,0,-8,8.0,7.996933400803409,0.9996166751004262,True,outward,right_upper,0.9571659564971924
195,210,90,130,-464.79999999999995,-167.75,494.14481935966904,-160.15508542359177,-4,-2,4.47213595499958,4.441410521806082,0.9931295842741211,True,outward,left_upper,0.7130827903747559
195,210,910,140,355.20000000000005,-157.75,388.65421971207263,-23.946772226843244,8,-3,8.54400374531753,8.529046725533423,0.9982494132458328,True,outward,right_upper,0.6532200574874878
195,210,970,140,415.20000000000005,-157.75,444.15774506362044,-20.80365577974897,-1,0,1.0,-0.9348030167537155,0.9348030167537155,True,inward,right_upper,0.68540358543396
195,210,1050,140,495.20000000000005,-157.75,519.7192535398318,-17.669702479722734,6,0,6.0,5.716932708886615,0.9528221181477692,True,outward,right_upper,0.7255491018295288
195,210,990,170,435.20000000000005,-127.75,453.5626775871225,-16.359242648880986,8,2,8.246211251235321,7.11279864816548,0.8625535329451994,True,outward,right_upper,0.6168862581253052
195,210,1000,170,445.20000000000005,-127.75,463.1663874894205,-16.010815591680633,6,1,6.082762530298219,5.491439078268815,0.9027870233164579,True,outward,right_upper,0.7963897585868835
195,210,120,200,-434.79999999999995,-97.75,445.65244585887774,-167.3296509325001,-4,-4,5.656854249492381,4.7799580587841275,0.8449851892883856,True,outward,left_upper,0.7438035011291504
195,210,150,200,-404.79999999999995,-97.75,416.4349919255105,-166.42426192333158,6,8,10.0,-7.710207024519999,0.7710207024519999,True,inward,left_upper,0.8007053136825562
195,210,80,210,-474.79999999999995,-87.75,482.8406595347993,-169.52905004729823,5,3,5.830951894845301,-5.461946809825216,0.9367161500086643,True,inward,left_middle,0.7958641052246094
195,210,1050,210,495.20000000000005,-87.75,502.9146075627552,-10.048567591212157,-1,0,1.0,-0.9846602038462514,0.9846602038462514,True,inward,right_middle,0.6461721062660217
195,210,1010,230,455.20000000000005,-67.75,460.21419198021266,-8.465511641240935,-1,0,1.0,-0.9891046559024234,0.9891046559024234,True,inward,right_middle,0.6541756391525269
195,210,910,250,355.20000000000005,-47.75,358.3951764463356,-7.656444821557555,-3,1,3.1622776601683795,-3.106487121393242,0.9823574825582625,True,inward,right_middle,0.606845498085022
195,210,990,250,435.20000000000005,-47.75,437.8117203776071,-6.261428254051539,7,1,7.0710678118654755,6.849177078707949,0.9686199115803716,True,outward,right_middle,0.5924137234687805
195,210,1050,250,495.20000000000005,-47.75,497.4968366733602,-5.507756783533185,-7,4,8.06225774829855,-7.3516045337215425,0.9118543171449732,True,inward,right_middle,0.5508245229721069
195,210,990,260,435.20000000000005,-37.75,436.8341819271931,-4.957526082337139,6,0,6.0,5.977554202558278,0.996259033759713,True,outward,right_middle,0.5533425211906433
195,210,1010,270,455.20000000000005,-27.75,456.0450663037591,-3.488560251450823,2,1,2.23606797749979,1.935444685662033,0.8655571767662037,True,outward,right_middle,0.8242179751396179
195,210,1020,270,465.20000000000005,-27.75,466.0269332345503,-3.4137489922287507,-3,-2,3.605551275463989,-2.8755848738157175,0.7975437468839397,True,inward,right_middle,0.7467441558837891
195,210,1020,280,465.20000000000005,-17.75,465.53850807425164,-2.185096696176907,-2,-1,2.23606797749979,-1.960417847656194,0.8767255143326153,True,inward,right_middle,0.6765585541725159
195,210,150,290,-404.79999999999995,-7.75,404.8741810735774,-178.90319157623497,-7,0,7.0,6.9987174595483825,0.9998167799354832,True,outward,left_middle,0.6460861563682556
195,210,150,300,-404.79999999999995,2.25,404.80625303964854,179.6815361256745,-6,-2,6.324555320336759,5.9887908889652275,0.9469109819797333,True,outward,left_middle,0.664772093296051
195,210,980,310,425.20000000000005,12.25,425.3764244760163,1.6502333192688168,-1,0,1.0,-0.9995852509310228,0.9995852509310228,True,inward,right_middle,0.5840703845024109
195,210,180,320,-374.79999999999995,22.25,375.4598547115257,176.60262362535767,-4,-2,4.47213595499958,3.8744488438522375,0.8663530990199071,True,outward,left_middle,0.6574936509132385
195,210,190,320,-364.79999999999995,22.25,365.4779097291654,176.50972095489055,-4,-2,4.47213595499958,3.8708221819708677,0.865542152770092,True,outward,left_middle,0.6285921335220337
195,210,170,330,-384.79999999999995,32.25,386.1490677186726,175.20924975619727,-6,3,6.708203932499369,6.229589039827888,0.9286523043295202,True,outward,left_middle,0.5802780389785767
195,210,1020,350,465.20000000000005,52.25,468.125092790378,6.408448442495624,6,-4,7.211102550927978,5.5160469707106365,0.7649380842601927,True,outward,right_middle,0.5745849013328552
195,210,1030,410,475.20000000000005,112.25,488.2776899470219,13.290576608759775,-3,1,3.1622776601683795,-2.6897604110122226,0.850576925894927,True,inward,right_lower,0.802690327167511
195,210,20,420,-534.8,122.25,548.594661384888,167.12398028833496,4,2,4.47213595499958,-3.453733937579642,0.7722783860626095,True,inward,left_lower,0.5767483711242676
195,210,980,420,425.20000000000005,122.25,442.42525074864346,16.040565616991938,4,0,4.0,3.844265211178648,0.961066302794662,True,outward,right_lower,0.6246180534362793
195,210,900,430,345.20000000000005,132.25,369.66620416262026,20.96239788556474,1,1,1.4142135623730951,1.2915705969971887,0.9132783275178696,True,outward,right_lower,0.6880539655685425
195,210,1000,450,445.20000000000005,152.25,470.5136581439481,18.879720110802005,4,2,4.47213595499958,4.431964862031757,0.9910174705393484,True,outward,right_lower,0.7043680548667908
195,210,420,460,-134.79999999999995,162.25,210.940992934043,129.72036650572255,-5,2,5.385164807134504,4.733551246306168,0.8789983994612292,True,outward,left_lower,0.7234711647033691
195,210,940,460,385.20000000000005,162.25,417.9761984850334,22.841300885053467,-4,-2,4.47213595499958,-4.462694303553247,0.9978887825546142,True,inward,right_lower,0.6176033616065979
195,210,170,470,-384.79999999999995,172.25,421.5935275831449,155.8850335751538,-6,1,6.082762530298219,5.884933799204727,0.9674771569483259,True,outward,left_lower,0.5534301996231079
195,210,390,480,-164.79999999999995,182.25,245.71142118346876,132.12153850171185,8,-1,8.06225774829855,-6.107367711163448,0.7575257330928599,True,inward,left_lower,0.7411500811576843
195,210,970,480,415.20000000000005,182.25,453.4380911436533,23.69883633487515,3,3,4.242640687119285,3.9527998088545395,0.931683849837978,True,outward,right_lower,0.6459549069404602
195,210,970,490,415.20000000000005,192.25,457.54901649987187,24.845545660028034,4,1,4.123105625617661,4.0499486026116704,0.9822568156994448,True,outward,right_lower,0.6914487481117249
195,210,250,500,-304.79999999999995,202.25,365.79789843573457,146.43374225296483,2,-1,2.23606797749979,-2.2193949267388433,0.9925435850212438,True,inward,left_lower,0.61015784740448
195,210,260,510,-294.79999999999995,212.25,363.2590019531518,144.24688075118644,-4,2,4.47213595499958,4.414756389731047,0.9871695391540175,True,outward,left_lower,0.553987443447113
195,210,1010,510,455.20000000000005,212.25,502.25203085701907,24.998630502840058,-2,-2,2.8284271247461903,-2.657828974274509,0.9396844454717955,True,inward,right_lower,0.7461723685264587
195,210,150,550,-404.79999999999995,252.25,476.9623701090055,148.07101706156607,-1,2,2.23606797749979,1.9064397046504686,0.852585754920614,True,outward,left_lower,0.6306630969047546
195,210,980,550,425.20000000000005,252.25,494.39367158166584,30.678547046350896,-1,-1,1.4142135623730951,-1.370264303409669,0.9689231809588378,True,inward,right_lower,0.6909598708152771
195,210,980,560,425.20000000000005,262.25,499.5699175290682,31.664981338547793,-4,-1,4.123105625617661,-3.92948000093656,0.9530388880949189,True,inward,right_lower,0.7043828368186951
195,210,960,570,405.20000000000005,272.25,488.1670846134549,33.89677545246605,3,2,3.605551275463989,3.6055278110233493,0.9999934921350864,True,outward,right_lower,0.6971560716629028
195,210,960,580,405.20000000000005,282.25,493.81383384834413,34.85989628440173,2,1,2.23606797749979,2.2126759622849397,0.9895387727697772,True,outward,right_lower,0.7371242642402649
210,225,200,40,-354.79999999999995,-257.75,438.54087893832656,-144.00288440873496,-8,-7,10.63014581273465,10.58658433676581,0.9959020810498522,True,outward,left_upper,0.5879592299461365
210,225,550,40,-4.7999999999999545,-257.75,257.79469059699426,-91.06687858604278,0,8,8.0,-7.9986131414300035,0.9998266426787504,True,inward,left_upper,0.967583417892456
210,225,560,40,5.2000000000000455,-257.75,257.8024485919402,-88.84423805360119,0,8,8.0,-7.998372440844478,0.9997965551055598,True,inward,right_upper,0.9654885530471802
210,225,1010,40,455.20000000000005,-257.75,523.108117409776,-29.52004128093984,-6,5,7.810249675906654,-7.684740240517006,0.98393016349057,True,inward,right_upper,0.5609630942344666
210,225,540,50,-14.799999999999955,-247.75,248.19166484795576,-93.41865185721998,0,7,7.0,-6.987543280562688,0.9982204686518126,True,inward,left_upper,0.9735389351844788
210,225,550,50,-4.7999999999999545,-247.75,247.79649412370628,-91.10993073006469,0,8,8.0,-7.998498957820345,0.9998123697275432,True,inward,left_upper,0.9690960049629211
210,225,560,50,5.2000000000000455,-247.75,247.80456513147615,-88.79760115268768,0,8,8.0,-7.998238446286986,0.9997798057858732,True,inward,right_upper,0.9641324877738953
210,225,550,60,-4.7999999999999545,-237.75,237.79844932210975,-91.15660308794732,0,8,8.0,-7.998370071049736,0.999796258881217,True,inward,left_upper,0.9665935635566711
210,225,560,60,5.2000000000000455,-237.75,237.8068596571596,-88.74704286559611,0,8,8.0,-7.998087198754768,0.999760899844346,True,inward,right_upper,0.9649956226348877
210,225,550,70,-4.7999999999999545,-227.75,227.80057616257253,-91.20737226107681,0,8,8.0,-7.99822384426152,0.99977798053269,True,inward,left_upper,0.9578568935394287
210,225,560,70,5.2000000000000455,-227.75,227.80935560244228,-88.69204699147441,0,8,8.0,-7.997915604395252,0.9997394505494065,True,inward,right_upper,0.9603952169418335
210,225,960,70,405.20000000000005,-227.75,464.819429994057,-29.338952521236177,-3,5,5.830951894845301,-5.065085166577702,0.8686549396943845,True,inward,right_upper,0.6653398871421814
210,225,1020,70,465.20000000000005,-227.75,517.9585914916365,-26.08518581723302,5,-8,9.433981132056603,8.008362189831496,0.8488846943544477,True,outward,right_upper,0.5835949182510376
210,225,540,80,-14.799999999999955,-217.75,218.2523825757694,-93.8882909927584,0,8,8.0,-7.981585261252487,0.9976981576565609,True,inward,left_upper,0.9589930176734924
210,225,550,80,-4.7999999999999545,-217.75,217.80289828190993,-91.26280233589301,0,8,8.0,-7.998057021928461,0.9997571277410576,True,inward,left_upper,0.955459475517273
210,225,560,80,5.2000000000000455,-217.75,217.81208070260934,-88.63200258777364,0,8,8.0,-7.997719843549207,0.9997149804436509,True,inward,right_upper,0.9498252868652344
210,225,960,80,405.20000000000005,-217.75,460.0022853204102,-28.25309259918515,-2,5,5.385164807134504,-4.128566445440951,0.7666555422725864,True,inward,right_upper,0.7217932343482971
210,225,970,80,415.20000000000005,-217.75,468.83483498989284,-27.674586005728802,-2,5,5.385164807134504,-4.0934458294707845,0.76013380761302,True,inward,right_upper,0.6024169921875
210,225,540,90,-14.799999999999955,-207.75,208.27650491594102,-94.07483694952286,0,4,4.0,-3.989888347393701,0.9974720868484253,True,inward,left_upper,0.9604924321174622
210,225,550,90,-4.7999999999999545,-207.75,207.80544386516922,-91.32356591909029,0,8,8.0,-7.997865547152646,0.9997331933940807,True,inward,left_upper,0.9553802609443665
210,225,560,90,5.2000000000000455,-207.75,207.81506802924565,-88.56618119402542,0,8,8.0,-7.997495156444132,0.9996868945555165,True,inward,right_upper,0.9560746550559998
210,225,540,100,-14.799999999999955,-197.75,198.30305721294366,-94.28014954175754,0,4,4.0,-3.9888442019862604,0.9972110504965651,True,inward,left_upper,0.9591747522354126
210,225,550,100,-4.7999999999999545,-197.75,197.80824679471783,-91.3904715475041,0,8,8.0,-7.99764431278628,0.999705539098285,True,inward,left_upper,0.9530460238456726
210,225,560,100,5.2000000000000455,-197.75,197.818357338241,-88.49370715476223,0,8,8.0,-7.997235551273976,0.999654443909247,True,inward,right_upper,0.9560017585754395
210,225,110,140,-444.79999999999995,-157.75,471.94502063270033,-160.47275653867337,1,0,1.0,-0.942482663348563,0.942482663348563,True,inward,left_upper,0.6577721238136292
210,225,720,170,165.20000000000005,-127.75,208.8327141517823,-37.71496351582341,-4,2,4.47213595499958,-4.38772250660891,0.9811245791183292,True,inward,right_upper,0.7758774757385254
210,225,110,200,-444.79999999999995,-97.75,455.41420981344,-167.60560589336202,-1,0,1.0,0.9766932836421856,0.9766932836421856,True,outward,left_upper,0.6697608232498169
210,225,1020,230,465.20000000000005,-67.75,470.1075435472186,-8.286089756496624,-7,7,9.899494936611665,-7.935737367348342,0.8016305294524989,True,inward,right_middle,0.5550435781478882
210,225,1020,240,465.20000000000005,-57.75,468.7708422033094,-7.076503654754005,-6,6,8.48528137423857,-6.693462386125023,0.7888321071410156,True,inward,right_middle,0.7540007829666138
210,225,1030,240,475.20000000000005,-57.75,478.69625285769683,-6.929050359691924,-4,4,5.656854249492381,-4.453345910425845,0.7872477730578734,True,inward,right_middle,0.7557024359703064
210,225,740,250,185.20000000000005,-47.75,191.25664040759477,-14.457661930434092,-1,0,1.0,-0.9683323915201733,0.9683323915201733,True,inward,right_middle,0.5822831988334656
210,225,1020,250,465.20000000000005,-47.75,467.644205031988,-5.860545045362017,-8,-3,8.54400374531753,-7.651864305161725,0.8955829764652509,True,inward,right_middle,0.6982432007789612
210,225,1010,290,455.20000000000005,-7.75,455.26596896759156,-0.9753940998954628,-7,2,7.280109889280518,-7.033031718274401,0.9660612030911891,True,inward,right_middle,0.7309696078300476
210,225,130,300,-424.79999999999995,2.25,424.8059586446498,179.6965294294033,5,-2,5.385164807134504,-5.010522938028019,0.9304307514209884,True,inward,left_middle,0.7023463845252991
210,225,990,300,435.20000000000005,2.25,435.2058162524945,0.29621864732685954,2,0,2.0,1.9999732712556806,0.9999866356278403,True,outward,right_middle,0.764089822769165
210,225,1010,300,455.20000000000005,2.25,455.20556070856605,0.2832039851237083,-8,2,8.246211251235321,-7.990016629714597,0.9689318386692621,True,inward,right_middle,0.6364225149154663
210,225,1010,320,455.20000000000005,22.25,455.7434612805762,2.798368331692729,7,3,7.615773105863909,7.138116673926815,0.9372806377898374,True,outward,right_middle,0.6314861178398132
210,225,1010,330,455.20000000000005,32.25,456.34099366592085,4.0525187775209615,-2,-2,2.8284271247461903,-2.1363410553330806,0.7553106235766233,True,inward,right_middle,0.6683637499809265
210,225,970,340,415.20000000000005,42.25,417.34410562508253,5.810315082568994,7,6,9.219544457292887,7.5714499316270905,0.8212390500094489,True,outward,right_middle,0.562926709651947
210,225,1010,340,455.20000000000005,42.25,457.15654047601686,5.302792005089415,-6,-2,6.324555320336759,-6.159159392246989,0.9738486075759453,True,inward,right_middle,0.7224295139312744
210,225,1010,390,455.20000000000005,92.25,464.4535525754971,11.456301612407547,7,4,8.06225774829855,7.655017343035758,0.949488044419228,True,outward,right_middle,0.7545189261436462
210,225,1020,390,465.20000000000005,92.25,474.25847646615665,11.216344909541025,7,5,8.602325267042627,7.8388688541770195,0.9112499947205468,True,outward,right_middle,0.8052075505256653
210,225,1000,400,445.20000000000005,102.25,456.79109284223136,12.934917551104286,7,3,7.615773105863909,7.493907069642236,0.9839982054969785,True,outward,right_middle,0.6874215602874756
210,225,1020,400,465.20000000000005,102.25,476.304632037103,12.396375143303029,-5,1,5.0990195135927845,-4.668755771887549,0.9156183378866755,True,inward,right_middle,0.7262263894081116
210,225,170,410,-384.79999999999995,112.25,400.838000319331,163.7375082518572,5,1,5.0990195135927845,-4.51990579375372,0.8864264554596656,True,inward,left_lower,0.5623415112495422
210,225,880,410,325.20000000000005,112.25,344.02776414121,19.043250876389784,-5,-1,5.0990195135927845,-5.052644528092553,0.9909051170766052,True,inward,right_lower,0.6523668169975281
210,225,1020,410,465.20000000000005,112.25,478.551044821762,13.56581911422435,1,1,1.4142135623730951,1.2066633356010608,0.8532398272126888,True,outward,right_lower,0.6907011270523071
210,225,1030,410,475.20000000000005,112.25,488.2776899470219,13.290576608759775,1,0,1.0,0.9732166957117357,0.9732166957117357,True,outward,right_lower,0.7713921666145325
210,225,880,420,325.20000000000005,122.25,347.41920283714893,20.602370565606357,-8,0,8.0,-7.488359822238979,0.9360449777798724,True,inward,right_lower,0.6107257008552551
210,225,990,440,435.20000000000005,142.25,457.8581685413072,18.100560702595132,-6,-1,6.082762530298219,-6.013761879081969,0.9886563628166383,True,inward,right_lower,0.6717864274978638
210,225,1000,440,445.20000000000005,142.25,467.3736219557112,17.719685286536954,-6,-8,10.0,-8.150224619139854,0.8150224619139854,True,inward,right_lower,0.6230606436729431
210,225,520,460,-34.799999999999955,162.25,165.9400569482848,102.10560900700602,-2,2,2.8284271247461903,2.374953987889863,0.8396730349214778,True,outward,left_lower,0.779975414276123
210,225,240,480,-314.79999999999995,182.25,363.7500549828137,149.9317759067767,-8,4,8.94427190999916,8.927558788007417,0.9981314161555109,True,outward,left_lower,0.7170542478561401
210,225,250,480,-304.79999999999995,182.25,355.1311060721096,149.12340105153342,-7,6,9.219544457292887,9.087066564495014,0.9856307550322533,True,outward,left_lower,0.6106528043746948
210,225,230,490,-324.79999999999995,192.25,377.4322488871347,149.378595181658,-5,0,5.0,4.302758984661197,0.8605517969322394,True,outward,left_lower,0.7390125393867493
210,225,160,510,-394.79999999999995,212.25,448.23777451259053,151.7369037921768,-4,1,4.123105625617661,3.9966511121201362,0.9693302755302126,True,outward,left_lower,0.7545631527900696
210,225,250,510,-304.79999999999995,212.25,371.4203851433036,145.14825702931324,-2,7,7.280109889280518,5.641451260655927,0.7749129266527408,True,outward,left_lower,0.6349427700042725
210,225,980,510,425.20000000000005,212.25,475.2316303656566,26.527308703207947,7,8,10.63014581273465,9.836045627693984,0.925297338434497,True,outward,right_lower,0.6524239778518677
210,225,980,520,425.20000000000005,222.25,479.7813069514068,27.59585268333941,3,3,4.242640687119285,4.048406996808496,0.9542186801487845,True,outward,right_lower,0.681329607963562
210,225,980,550,425.20000000000005,252.25,494.39367158166584,30.678547046350896,-4,-3,5.0,-4.970836281414765,0.9941672562829529,True,inward,right_lower,0.7149109840393066
210,225,940,570,385.20000000000005,272.25,471.6981052537736,35.25174137482557,-8,0,8.0,-6.532992110159314,0.8166240137699142,True,inward,right_lower,0.6297812461853027
225,240,550,30,-4.7999999999999545,-267.75,267.79302175374175,-91.02704121410923,0,8,8.0,-7.99871477595764,0.999839346994705,True,inward,left_upper,0.9657996296882629
225,240,540,40,-14.799999999999955,-257.75,258.1745581965814,-93.28631399975535,0,5,5.0,-4.991777691040762,0.9983555382081525,True,inward,left_upper,0.9717715978622437
225,240,550,40,-4.7999999999999545,-257.75,257.79469059699426,-91.06687858604278,0,8,8.0,-7.9986131414300035,0.9998266426787504,True,inward,left_upper,0.9694482088088989
225,240,560,40,5.2000000000000455,-257.75,257.8024485919402,-88.84423805360119,0,8,8.0,-7.998372440844478,0.9997965551055598,True,inward,right_upper,0.9675230383872986
225,240,540,50,-14.799999999999955,-247.75,248.19166484795576,-93.41865185721998,0,5,5.0,-4.991102343259063,0.9982204686518126,True,inward,left_upper,0.9768622517585754
225,240,550,50,-4.7999999999999545,-247.75,247.79649412370628,-91.10993073006469,0,8,8.0,-7.998498957820345,0.9998123697275432,True,inward,left_upper,0.9732266664505005
225,240,560,50,5.2000000000000455,-247.75,247.80456513147615,-88.79760115268768,0,8,8.0,-7.998238446286986,0.9997798057858732,True,inward,right_upper,0.9681723713874817
225,240,550,60,-4.7999999999999545,-237.75,237.79844932210975,-91.15660308794732,0,8,8.0,-7.998370071049736,0.999796258881217,True,inward,left_upper,0.9769219756126404
225,240,560,60,5.2000000000000455,-237.75,237.8068596571596,-88.74704286559611,0,8,8.0,-7.998087198754768,0.999760899844346,True,inward,right_upper,0.9732499718666077
225,240,550,70,-4.7999999999999545,-227.75,227.80057616257253,-91.20737226107681,0,8,8.0,-7.99822384426152,0.99977798053269,True,inward,left_upper,0.9765504598617554
225,240,560,70,5.2000000000000455,-227.75,227.80935560244228,-88.69204699147441,0,8,8.0,-7.997915604395252,0.9997394505494065,True,inward,right_upper,0.9699490070343018
225,240,540,80,-14.799999999999955,-217.75,218.2523825757694,-93.8882909927584,0,5,5.0,-4.988490788282804,0.9976981576565608,True,inward,left_upper,0.982185423374176
225,240,550,80,-4.7999999999999545,-217.75,217.80289828190993,-91.26280233589301,0,8,8.0,-7.998057021928461,0.9997571277410576,True,inward,left_upper,0.9796360731124878
225,240,560,80,5.2000000000000455,-217.75,217.81208070260934,-88.63200258777364,0,8,8.0,-7.997719843549207,0.9997149804436509,True,inward,right_upper,0.9718357920646667
225,240,550,90,-4.7999999999999545,-207.75,207.80544386516922,-91.32356591909029,0,7,7.0,-6.998132353758565,0.9997331933940806,True,inward,left_upper,0.979910671710968
225,240,560,90,5.2000000000000455,-207.75,207.81506802924565,-88.56618119402542,0,6,6.0,-5.998121367333099,0.9996868945555165,True,inward,right_upper,0.9800338745117188
225,240,540,100,-14.799999999999955,-197.75,198.30305721294366,-94.28014954175754,0,4,4.0,-3.9888442019862604,0.9972110504965651,True,inward,left_upper,0.9803907871246338
225,240,550,100,-4.7999999999999545,-197.75,197.80824679471783,-91.3904715475041,0,7,7.0,-6.997938773687995,0.999705539098285,True,inward,left_upper,0.981052815914154
225,240,560,100,5.2000000000000455,-197.75,197.818357338241,-88.49370715476223,0,7,7.0,-6.997581107364729,0.999654443909247,True,inward,right_upper,0.9801931381225586
225,240,700,100,145.20000000000005,-197.75,245.3326364346986,-53.7116350135247,0,-1,1.0,0.806048485329167,0.806048485329167,True,outward,right_upper,0.8913493156433105
225,240,390,110,-164.79999999999995,-187.75,249.81813885304643,-131.2754632329703,-2,-7,7.280109889280518,6.5801867212171565,0.9038581589140636,True,outward,left_upper,0.6880077719688416
225,240,550,110,-4.7999999999999545,-187.75,187.8113481661851,-91.46449984586806,0,5,5.0,-4.998366760933668,0.9996733521867336,True,inward,left_upper,0.9792017340660095
225,240,720,160,165.20000000000005,-137.75,215.09556597010553,-39.822623914617424,-2,0,2.0,-1.5360614176766425,0.7680307088383213,True,inward,right_upper,0.8136904835700989
225,240,720,170,165.20000000000005,-127.75,208.8327141517823,-37.71496351582341,-4,2,4.47213595499958,-4.38772250660891,0.9811245791183292,True,inward,right_upper,0.7629708051681519
225,240,770,300,215.20000000000005,2.25,215.21176199269414,0.5990279123530362,-8,-5,9.433981132056603,-8.0518368696727,0.8534930012010108,True,inward,right_middle,0.7416330575942993
225,240,770,310,215.20000000000005,12.25,215.54837624069458,3.2579771000916447,-7,2,7.280109889280518,-6.875022794628801,0.9443570082303042,True,inward,right_middle,0.8002414107322693
225,240,900,430,345.20000000000005,132.25,369.66620416262026,20.96239788556474,5,8,9.433981132056603,7.531118529773113,0.7982969675636115,True,outward,right_lower,0.6048728823661804
225,240,970,430,415.20000000000005,132.25,435.7534882247072,17.667779713224828,5,2,5.385164807134504,5.371156085371513,0.9973986456747931,True,outward,right_lower,0.6139519810676575
225,240,280,450,-274.79999999999995,152.25,314.1577668942787,151.0118242200817,-1,0,1.0,0.8747197394374032,0.8747197394374032,True,outward,left_lower,0.776547908782959
225,240,630,450,75.20000000000005,152.25,169.80901772285242,63.71410698293167,0,7,7.0,6.276168452604943,0.8965954932292776,True,outward,right_lower,0.7619948387145996
225,240,660,450,105.20000000000005,152.25,185.0597268451459,55.35673682409061,1,5,5.0990195135927845,4.682001939433463,0.9182161250711728,True,outward,right_lower,0.7200778126716614
225,240,670,450,115.20000000000005,152.25,190.92171825122466,52.887019895772745,2,7,7.280109889280518,6.788908102610196,0.932528245570361,True,outward,right_lower,0.6436343789100647
225,240,160,500,-394.79999999999995,202.25,443.5900162312041,152.87463088786103,2,-4,4.47213595499958,-3.6037781318477458,0.8058292878638759,True,inward,left_lower,0.698275625705719
240,255,540,30,-14.799999999999955,-267.75,268.1587263170826,-93.16383001636795,0,-7,7.0,6.989330631678959,0.9984758045255655,True,outward,left_upper,0.932612419128418
240,255,550,30,-4.7999999999999545,-267.75,267.79302175374175,-91.02704121410923,0,-8,8.0,7.99871477595764,0.999839346994705,True,outward,left_upper,0.9251732230186462
240,255,560,30,5.2000000000000455,-267.75,267.80049010410715,-88.88739270489401,0,-4,4.0,3.9992458549409298,0.9998114637352324,True,outward,right_upper,0.935966968536377
240,255,540,40,-14.799999999999955,-257.75,258.1745581965814,-93.28631399975535,0,-7,7.0,6.988488767457067,0.9983555382081525,True,outward,left_upper,0.9345166683197021
240,255,550,40,-4.7999999999999545,-257.75,257.79469059699426,-91.06687858604278,0,-6,6.0,5.998959856072503,0.9998266426787504,True,outward,left_upper,0.9276462197303772
240,255,560,40,5.2000000000000455,-257.75,257.8024485919402,-88.84423805360119,0,-6,6.0,5.998779330633359,0.9997965551055598,True,outward,right_upper,0.938438355922699
240,255,540,50,-14.799999999999955,-247.75,248.19166484795576,-93.41865185721998,0,-3,3.0,2.994661405955438,0.9982204686518127,True,outward,left_upper,0.9284848570823669
240,255,550,50,-4.7999999999999545,-247.75,247.79649412370628,-91.10993073006469,0,-8,8.0,7.998498957820345,0.9998123697275432,True,outward,left_upper,0.9255512952804565
240,255,560,50,5.2000000000000455,-247.75,247.80456513147615,-88.79760115268768,0,-7,7.0,6.998458640501113,0.9997798057858732,True,outward,right_upper,0.9377663731575012
240,255,210,60,-344.79999999999995,-237.75,418.82228032901975,-145.41256550480276,-1,0,1.0,0.8232608822270173,0.8232608822270173,True,outward,left_upper,0.6791329383850098
240,255,540,60,-14.799999999999955,-237.75,238.21020654035797,-93.56208094737228,0,-8,8.0,7.984544523190949,0.9980680653988686,True,outward,left_upper,0.9326441884040833
240,255,550,60,-4.7999999999999545,-237.75,237.79844932210975,-91.15660308794732,0,-8,8.0,7.998370071049736,0.999796258881217,True,outward,left_upper,0.9259518384933472
240,255,540,70,-14.799999999999955,-227.75,228.23037155470786,-93.71805454202563,0,-8,8.0,7.983161871001284,0.9978952338751605,True,outward,left_upper,0.9355114698410034
240,255,550,70,-4.7999999999999545,-227.75,227.80057616257253,-91.20737226107681,0,-8,8.0,7.99822384426152,0.99977798053269,True,outward,left_upper,0.9317932724952698
240,255,560,70,5.2000000000000455,-227.75,227.80935560244228,-88.69204699147441,0,-8,8.0,7.997915604395252,0.9997394505494065,True,outward,right_upper,0.9441538453102112
240,255,540,80,-14.799999999999955,-217.75,218.2523825757694,-93.8882909927584,0,-8,8.0,7.981585261252487,0.9976981576565609,True,outward,left_upper,0.9187132120132446
240,255,550,80,-4.7999999999999545,-217.75,217.80289828190993,-91.26280233589301,0,-8,8.0,7.998057021928461,0.9997571277410576,True,outward,left_upper,0.9203906655311584
240,255,560,80,5.2000000000000455,-217.75,217.81208070260934,-88.63200258777364,0,-8,8.0,7.997719843549207,0.9997149804436509,True,outward,right_upper,0.9376291632652283
240,255,540,90,-14.799999999999955,-207.75,208.27650491594102,-94.07483694952286,0,-7,7.0,6.9823046079389774,0.9974720868484254,True,outward,left_upper,0.9149751663208008
240,255,550,90,-4.7999999999999545,-207.75,207.80544386516922,-91.32356591909029,0,-8,8.0,7.997865547152646,0.9997331933940807,True,outward,left_upper,0.9129591584205627
240,255,560,90,5.2000000000000455,-207.75,207.81506802924565,-88.56618119402542,0,-8,8.0,7.997495156444132,0.9996868945555165,True,outward,right_upper,0.926518976688385
240,255,630,90,75.20000000000005,-207.75,220.9414006020601,-70.10108512383252,-4,7,8.06225774829855,-7.943508981193793,0.9852710281893658,True,inward,right_upper,0.7199374437332153
240,255,740,90,185.20000000000005,-207.75,278.31475436994,-48.284398344182996,2,-5,5.385164807134504,5.063152340558049,0.9402037861218586,True,outward,right_upper,0.664829432964325
240,255,540,100,-14.799999999999955,-197.75,198.30305721294366,-94.28014954175754,0,-8,8.0,7.977688403972521,0.9972110504965651,True,outward,left_upper,0.921630322933197
240,255,550,100,-4.7999999999999545,-197.75,197.80824679471783,-91.3904715475041,0,-8,8.0,7.99764431278628,0.999705539098285,True,outward,left_upper,0.9134455919265747
240,255,560,100,5.2000000000000455,-197.75,197.818357338241,-88.49370715476223,0,-8,8.0,7.997235551273976,0.999654443909247,True,outward,right_upper,0.9298431277275085
240,255,540,110,-14.799999999999955,-187.75,188.33242551403623,-94.50720449216269,0,-8,8.0,7.975259681918435,0.9969074602398044,True,outward,left_upper,0.914222002029419
240,255,550,110,-4.7999999999999545,-187.75,187.8113481661851,-91.46449984586806,0,-8,8.0,7.997386817493869,0.9996733521867336,True,outward,left_upper,0.9074684977531433
240,255,560,110,5.2000000000000455,-187.75,187.82199684807955,-88.41351847317469,0,-8,8.0,7.996933400803409,0.9996166751004262,True,outward,right_upper,0.9280823469161987
240,255,1050,120,495.20000000000005,-177.75,526.1350610822283,-19.745391155901295,5,0,5.0,4.706015970323317,0.9412031940646634,True,outward,right_upper,0.7290754318237305
240,255,1050,130,495.20000000000005,-167.75,522.8413741279472,-18.713914184431687,7,-2,7.280109889280518,7.271612745531531,0.9988328275426861,True,outward,right_upper,0.7762514352798462
240,255,1050,140,495.20000000000005,-157.75,519.7192535398318,-17.669702479722734,7,-2,7.280109889280518,7.276813345361568,0.9995471848682115,True,outward,right_upper,0.6731497645378113
240,255,130,150,-424.79999999999995,-147.75,449.76116161803026,-160.82177667589178,-3,0,3.0,2.833503887741896,0.9445012959139653,True,outward,left_upper,0.7713026404380798
240,255,720,170,165.20000000000005,-127.75,208.8327141517823,-37.71496351582341,-4,2,4.47213595499958,-4.38772250660891,0.9811245791183292,True,inward,right_upper,0.7100685238838196
240,255,140,180,-414.79999999999995,-117.75,431.1891725217598,-164.1522537832552,-8,3,8.54400374531753,6.876680095324899,0.8048545272576227,True,outward,left_upper,0.7181313037872314
240,255,140,240,-414.79999999999995,-57.75,418.80079094958734,-172.07401668499733,5,3,5.830951894845301,-5.365916322422873,0.9202470572886169,True,inward,left_middle,0.6196618676185608
240,255,990,250,435.20000000000005,-47.75,437.8117203776071,-6.261428254051539,3,1,3.1622776601683795,2.8730386635495284,0.908534598254269,True,outward,right_middle,0.7058970928192139
240,255,990,260,435.20000000000005,-37.75,436.8341819271931,-4.957526082337139,7,-5,8.602325267042627,7.405899386644613,0.8609183164717358,True,outward,right_middle,0.7238969206809998
240,255,930,270,375.20000000000005,-27.75,376.2248031430145,-4.229926038697941,-3,0,3.0,-2.9918282649007732,0.9972760883002577,True,inward,right_middle,0.7270261645317078
240,255,980,310,425.20000000000005,12.25,425.3764244760163,1.6502333192688168,-5,1,5.0990195135927845,-4.969128231786099,0.9745262238239282,True,inward,right_middle,0.6539452075958252
240,255,850,330,295.20000000000005,32.25,296.9563983146348,6.234721863146675,-4,0,4.0,-3.9763413305845154,0.9940853326461289,True,inward,right_middle,0.7787656784057617
240,255,140,340,-414.79999999999995,42.25,416.9461625917667,174.18412030306678,2,-2,2.8284271247461903,-2.192369380060701,0.7751196277533344,True,inward,left_middle,0.7087379097938538
240,255,170,340,-384.79999999999995,42.25,387.1125191723977,173.73417692298634,-8,-4,8.94427190999916,7.515644304710073,0.8402745780020433,True,outward,left_middle,0.7330769300460815
240,255,240,340,-314.79999999999995,42.25,317.6225786999406,172.35588665826953,-3,-2,3.605551275463989,2.707301236327884,0.7508702635159414,True,outward,left_middle,0.607408344745636
240,255,700,340,145.20000000000005,42.25,151.22203047175373,16.223831732856286,-1,0,1.0,-0.9601775584353199,0.9601775584353199,True,inward,right_middle,0.7459872961044312
240,255,770,350,215.20000000000005,52.25,221.45225783450488,13.647186600067084,-7,-7,9.899494936611665,-8.45396663961354,0.853979591256512,True,inward,right_middle,0.6904130578041077
240,255,740,390,185.20000000000005,92.25,206.90360678344885,26.478361422286365,3,4,5.0,4.468747618149124,0.8937495236298248,True,outward,right_middle,0.6372758746147156
240,255,890,390,335.20000000000005,92.25,347.6623397781244,15.387374521476765,-8,-5,9.433981132056603,-9.039949515399753,0.958232732168826,True,inward,right_middle,0.5768911242485046
240,255,900,390,345.20000000000005,92.25,357.3137311943106,14.961888159502008,-6,-7,9.219544457292887,-7.6038219715729225,0.8247502907324354,True,inward,right_middle,0.5600235462188721
240,255,1000,400,445.20000000000005,102.25,456.79109284223136,12.934917551104286,-3,1,3.1622776601683795,-2.70003075656727,0.8538246943260205,True,inward,right_middle,0.7392938733100891
240,255,520,450,-34.799999999999955,152.25,156.1765107178413,102.87500155961247,0,5,5.0,4.874292532859337,0.9748585065718673,True,outward,left_lower,0.7196590900421143
240,255,700,460,145.20000000000005,162.25,217.7340177831659,48.174153336021405,-1,-1,1.4142135623730951,-1.412043938426651,0.9984658441948446,True,inward,right_lower,0.698060154914856
240,255,400,480,-154.79999999999995,182.25,239.1194314563331,130.34399750761887,2,-2,2.8284271247461903,-2.8190933538711636,0.9967000136601135,True,inward,left_lower,0.8075037598609924
240,255,180,490,-374.79999999999995,192.25,421.23046245493686,152.84488733440978,-6,2,6.324555320336759,6.251447211707082,0.9884405930651604,True,outward,left_lower,0.7550179958343506
240,255,980,510,425.20000000000005,212.25,475.2316303656566,26.527308703207947,7,6,9.219544457292887,8.942797003494922,0.9699825240737301,True,outward,right_lower,0.5906516909599304
240,255,980,520,425.20000000000005,222.25,479.7813069514068,27.59585268333941,6,1,6.082762530298219,5.780654560351391,0.9503337556838641,True,outward,right_lower,0.6516079902648926
240,255,200,530,-354.79999999999995,232.25,424.0555417631044,146.79147700363634,5,-7,8.602325267042627,-8.017228087303824,0.9319838344196961,True,inward,left_lower,0.6128522753715515
240,255,910,540,355.20000000000005,242.25,429.9443016252222,34.294384187437494,-3,-8,8.54400374531753,-6.986021186107512,0.817651933958496,True,inward,right_lower,0.5708742737770081
240,255,160,570,-394.79999999999995,272.25,479.5697055694823,145.4102548975433,-8,5,9.433981132056603,9.424385959978391,0.9989829137938799,True,outward,left_lower,0.6887224316596985
255,270,100,30,-454.79999999999995,-267.75,527.7623541898379,-149.5138136068413,-6,-4,7.211102550927978,7.1998314579163765,0.9984369806236979,True,outward,left_upper,0.7495630979537964
255,270,540,100,-14.799999999999955,-197.75,198.30305721294366,-94.28014954175754,0,3,3.0,-2.991633151489695,0.9972110504965651,True,inward,left_upper,0.9881322383880615
255,270,550,100,-4.7999999999999545,-197.75,197.80824679471783,-91.3904715475041,0,3,3.0,-2.999116617294855,0.9997055390982851,True,inward,left_upper,0.9878963828086853
255,270,590,110,35.200000000000045,-187.75,191.02120955537896,-79.38126599634788,3,-3,4.242640687119285,3.5014436436499152,0.8252981814557961,True,outward,right_upper,0.6769897937774658
255,270,720,170,165.20000000000005,-127.75,208.8327141517823,-37.71496351582341,-4,2,4.47213595499958,-4.38772250660891,0.9811245791183292,True,inward,right_upper,0.732796847820282
255,270,950,190,395.20000000000005,-107.75,409.62556377745767,-15.250825000568284,-4,5,6.4031242374328485,-5.174359677296689,0.8080992161681376,True,inward,right_upper,0.7883580923080444
255,270,150,200,-404.79999999999995,-97.75,416.4349919255105,-166.42426192333158,3,-1,3.1622776601683795,-2.681450938685143,0.8479492400241557,True,inward,left_upper,0.847040593624115
255,270,340,210,-214.79999999999995,-87.75,232.03254620850063,-157.77902507810404,-3,-3,4.242640687119285,3.911735723420457,0.9220049520800901,True,outward,left_middle,0.7313409447669983
255,270,180,220,-374.79999999999995,-77.75,382.7794436748138,-168.28055682323802,8,8,11.313708498984761,-9.458188154627425,0.8359936227344162,True,inward,left_middle,0.5699299573898315
255,270,790,270,235.20000000000005,-27.75,236.83137988873017,-6.728917026677818,7,-5,8.602325267042627,7.537641341441799,0.8762330076404037,True,outward,right_middle,0.7731988430023193
255,270,1010,280,455.20000000000005,-17.75,455.5459389567643,-2.233051624991495,7,5,8.602325267042627,6.799863054632559,0.7904680238823693,True,outward,right_middle,0.6293504238128662
255,270,860,290,305.20000000000005,-7.75,305.2983827340067,-1.4546097201741923,3,1,3.1622776601683795,2.9736482449400023,0.9403501414172678,True,outward,right_middle,0.7048448920249939
255,270,1010,290,455.20000000000005,-7.75,455.26596896759156,-0.9753940998954628,-8,2,8.246211251235321,-8.03288681623452,0.974130612410779,True,inward,right_middle,0.7170628905296326
255,270,150,300,-404.79999999999995,2.25,404.80625303964854,179.6815361256745,-4,-2,4.47213595499958,3.988821782952668,0.8919276656814078,True,outward,left_middle,0.5590574741363525
255,270,1010,300,455.20000000000005,2.25,455.20556070856605,0.2832039851237083,-8,2,8.246211251235321,-7.990016629714597,0.9689318386692621,True,inward,right_middle,0.6237937808036804
255,270,1010,320,455.20000000000005,22.25,455.7434612805762,2.798368331692729,8,4,8.94427190999916,8.185745527796557,0.9151941723333998,True,outward,right_middle,0.6263679265975952
255,270,1020,320,465.20000000000005,22.25,465.73179245140653,2.738306801093721,4,2,4.47213595499958,4.0909811846241855,0.9147712023492296,True,outward,right_middle,0.7037620544433594
255,270,170,340,-384.79999999999995,42.25,387.1125191723977,173.73417692298634,-8,-4,8.94427190999916,7.515644304710073,0.8402745780020433,True,outward,left_middle,0.7352250218391418
255,270,230,350,-324.79999999999995,52.25,328.97583877847313,170.86122564261876,5,-1,5.0990195135927845,-5.095358997256813,0.9992821136835791,True,inward,left_middle,0.7494854927062988
255,270,160,380,-394.79999999999995,82.25,403.2767071131185,168.23171106797935,1,0,1.0,-0.978980419737605,0.978980419737605,True,inward,left_middle,0.5825260281562805
255,270,150,390,-404.79999999999995,92.25,415.17839840242164,167.1620911678166,-1,1,1.4142135623730951,1.197196197857631,0.8465455499158826,True,outward,left_middle,0.6513505578041077
255,270,700,410,145.20000000000005,112.25,183.52956846241426,37.70659196179231,-1,-1,1.4142135623730951,-1.4027712382090858,0.9919090549910943,True,inward,right_lower,0.7675206661224365
255,270,700,420,145.20000000000005,122.25,189.81070175308875,40.095439000207605,-1,-1,1.4142135623730951,-1.4090354101735882,0.9963384934657127,True,inward,right_lower,0.7916055917739868
255,270,130,450,-424.79999999999995,152.25,451.25946250466586,160.28211968941264,3,-2,3.605551275463989,-3.498873998644792,0.970413046807809,True,inward,left_lower,0.6424398422241211
255,270,560,460,5.2000000000000455,162.25,162.33330681040167,88.16433832686462,1,2,2.23606797749979,2.0310064920015183,0.9082937157717555,True,outward,right_lower,0.7200899124145508
255,270,170,470,-384.79999999999995,172.25,421.5935275831449,155.8850335751538,-5,5,7.0710678118654755,6.606481878331741,0.9342976271908827,True,outward,left_lower,0.6324086785316467
255,270,220,480,-334.79999999999995,182.25,381.1903756654934,151.43812351587306,-5,8,9.433981132056603,8.216366938782393,0.8709331536463683,True,outward,left_lower,0.7293767333030701
255,270,230,480,-324.79999999999995,182.25,372.4380518958824,150.70258380445605,-8,8,11.313708498984761,10.89147572153555,0.962679542478304,True,outward,left_lower,0.7151634693145752
255,270,960,480,405.20000000000005,182.25,444.2995639205603,24.21716139390147,-3,0,3.0,-2.73599188185867,0.91199729395289,True,inward,right_lower,0.5786540508270264
255,270,230,490,-324.79999999999995,192.25,377.4322488871347,149.378595181658,-7,2,7.280109889280518,7.042588458822615,0.967373922362403,True,outward,left_lower,0.7297170758247375
255,270,990,510,435.20000000000005,212.25,484.19944496044195,25.998806424643,4,0,4.0,3.5952127126916054,0.8988031781729013,True,outward,right_lower,0.7701979875564575
255,270,160,520,-394.79999999999995,222.25,453.05860823959625,150.6229573851729,6,-2,6.324555320336759,-6.2095718938689926,0.9818195239595684,True,inward,left_lower,0.8088029623031616
255,270,250,530,-304.79999999999995,232.25,383.20112538978793,142.69350317892352,2,-7,7.280109889280518,-5.833359695189378,0.8012735774467656,True,inward,left_lower,0.5560840964317322
255,270,250,550,-304.79999999999995,252.25,395.64264494616856,140.38911940447053,-8,5,9.433981132056603,9.350988947370364,0.991202846017549,True,outward,left_lower,0.6412222385406494
270,285,100,20,-454.79999999999995,-277.75,532.9053410315944,-148.58725363028674,7,3,7.615773105863909,-7.537642599385868,0.989740961896845,True,inward,left_upper,0.6779642105102539
270,285,550,20,-4.7999999999999545,-277.75,277.7914730512799,-90.9900715305399,0,4,4.0,-3.9994028175044485,0.9998507043761121,True,inward,left_upper,0.9042163491249084
270,285,560,20,5.2000000000000455,-277.75,277.7986726030202,-88.92744104105485,0,6,6.0,-5.9989487508511665,0.9998247918085278,True,inward,right_upper,0.920868992805481
270,285,540,30,-14.799999999999955,-267.75,268.1587263170826,-93.16383001636795,0,8,8.0,-7.987806436204525,0.9984758045255656,True,inward,left_upper,0.9111198782920837
270,285,550,30,-4.7999999999999545,-267.75,267.79302175374175,-91.02704121410923,0,8,8.0,-7.99871477595764,0.999839346994705,True,inward,left_upper,0.9016287922859192
270,285,560,30,5.2000000000000455,-267.75,267.80049010410715,-88.88739270489401,0,8,8.0,-7.9984917098818595,0.9998114637352324,True,inward,right_upper,0.917100727558136
270,285,980,30,425.20000000000005,-267.75,502.4789572708493,-32.1987716690496,4,-3,5.0,4.9833927645456635,0.9966785529091327,True,outward,right_upper,0.8205034732818604
270,285,540,40,-14.799999999999955,-257.75,258.1745581965814,-93.28631399975535,0,8,8.0,-7.986844305665219,0.9983555382081524,True,inward,left_upper,0.9177234172821045
270,285,550,40,-4.7999999999999545,-257.75,257.79469059699426,-91.06687858604278,0,8,8.0,-7.9986131414300035,0.9998266426787504,True,inward,left_upper,0.907135009765625
270,285,560,40,5.2000000000000455,-257.75,257.8024485919402,-88.84423805360119,0,7,7.0,-6.998575885738918,0.9997965551055598,True,inward,right_upper,0.9180592894554138
270,285,540,50,-14.799999999999955,-247.75,248.19166484795576,-93.41865185721998,0,8,8.0,-7.985763749214501,0.9982204686518126,True,inward,left_upper,0.9250622391700745
270,285,550,50,-4.7999999999999545,-247.75,247.79649412370628,-91.10993073006469,0,8,8.0,-7.998498957820345,0.9998123697275432,True,inward,left_upper,0.9090026617050171
270,285,560,50,5.2000000000000455,-247.75,247.80456513147615,-88.79760115268768,0,8,8.0,-7.998238446286986,0.9997798057858732,True,inward,right_upper,0.9173460006713867
270,285,540,60,-14.799999999999955,-237.75,238.21020654035797,-93.56208094737228,0,7,7.0,-6.98647645779208,0.9980680653988686,True,inward,left_upper,0.9232341647148132
270,285,550,60,-4.7999999999999545,-237.75,237.79844932210975,-91.15660308794732,0,8,8.0,-7.998370071049736,0.999796258881217,True,inward,left_upper,0.9124864339828491
270,285,560,60,5.2000000000000455,-237.75,237.8068596571596,-88.74704286559611,0,8,8.0,-7.998087198754768,0.999760899844346,True,inward,right_upper,0.9222629070281982
270,285,540,70,-14.799999999999955,-227.75,228.23037155470786,-93.71805454202563,0,8,8.0,-7.983161871001284,0.9978952338751605,True,inward,left_upper,0.9192702770233154
270,285,550,70,-4.7999999999999545,-227.75,227.80057616257253,-91.20737226107681,0,8,8.0,-7.99822384426152,0.99977798053269,True,inward,left_upper,0.9160677194595337
270,285,560,70,5.2000000000000455,-227.75,227.80935560244228,-88.69204699147441,0,8,8.0,-7.997915604395252,0.9997394505494065,True,inward,right_upper,0.924213707447052
270,285,540,80,-14.799999999999955,-217.75,218.2523825757694,-93.8882909927584,0,8,8.0,-7.981585261252487,0.9976981576565609,True,inward,left_upper,0.9144734144210815
270,285,550,80,-4.7999999999999545,-217.75,217.80289828190993,-91.26280233589301,0,8,8.0,-7.998057021928461,0.9997571277410576,True,inward,left_upper,0.9081846475601196
270,285,560,80,5.2000000000000455,-217.75,217.81208070260934,-88.63200258777364,-1,-8,8.06225774829855,7.973846052971448,0.989033878835521,True,outward,right_upper,0.9214667081832886
270,285,540,90,-14.799999999999955,-207.75,208.27650491594102,-94.07483694952286,0,8,8.0,-7.979776694787402,0.9974720868484253,True,inward,left_upper,0.9130064845085144
270,285,550,90,-4.7999999999999545,-207.75,207.80544386516922,-91.32356591909029,-1,-8,8.06225774829855,8.020964075808681,0.9948781502925056,True,outward,left_upper,0.9034904837608337
270,285,560,90,5.2000000000000455,-207.75,207.81506802924565,-88.56618119402542,-1,-8,8.06225774829855,7.972472909263922,0.9888635613202051,True,outward,right_upper,0.9214983582496643
270,285,540,100,-14.799999999999955,-197.75,198.30305721294366,-94.28014954175754,0,8,8.0,-7.977688403972521,0.9972110504965651,True,inward,left_upper,0.9218528270721436
270,285,550,100,-4.7999999999999545,-197.75,197.80824679471783,-91.3904715475041,0,8,8.0,-7.99764431278628,0.999705539098285,True,inward,left_upper,0.9067617654800415
270,285,560,100,5.2000000000000455,-197.75,197.818357338241,-88.49370715476223,-1,-8,8.06225774829855,7.970948809891786,0.9886745200590947,True,outward,right_upper,0.9241387248039246
270,285,610,100,55.200000000000045,-197.75,205.30977205189237,-74.40343837554943,-5,8,9.433981132056603,-9.04973972466536,0.9592704922754621,True,inward,right_upper,0.6281231641769409
270,285,550,110,-4.7999999999999545,-187.75,187.8113481661851,-91.46449984586806,-1,-8,8.06225774829855,8.022944378561759,0.9951237766188897,True,outward,left_upper,0.898901641368866
270,285,560,110,5.2000000000000455,-187.75,187.82199684807955,-88.41351847317469,-1,-8,8.06225774829855,7.969247612731387,0.9884635125208208,True,outward,right_upper,0.9236607551574707
270,285,730,150,175.20000000000005,-147.75,229.1835563473087,-40.141669186859986,7,-8,10.63014581273465,10.508607329359485,0.988566621237729,True,outward,right_upper,0.7278288006782532
270,285,750,150,195.20000000000005,-147.75,244.81238224403606,-37.12266117856182,7,0,7.0,5.581417032402934,0.7973452903432763,True,outward,right_upper,0.7344599962234497
270,285,1020,150,465.20000000000005,-147.75,488.09948012674636,-17.62012550063034,8,-1,8.06225774829855,7.927379883697548,0.9832704598622557,True,outward,right_upper,0.6028285622596741
270,285,740,170,185.20000000000005,-127.75,224.98689406274318,-34.597710453704714,3,-1,3.1622776601683795,3.037288028917058,0.9604748081341262,True,outward,right_upper,0.7155786156654358
270,285,1010,300,455.20000000000005,2.25,455.20556070856605,0.2832039851237083,-7,0,7.0,-6.999914489269636,0.9999877841813766,True,inward,right_middle,0.5961976051330566
270,285,980,310,425.20000000000005,12.25,425.3764244760163,1.6502333192688168,-4,1,4.123105625617661,-3.9695429808550764,0.9627555879702743,True,inward,right_middle,0.6579362750053406
270,285,840,320,285.20000000000005,22.25,286.0666050065964,4.460919067565845,1,0,1.0,0.9969706180608661,0.9969706180608661,True,outward,right_middle,0.7355982065200806
270,285,140,330,-414.79999999999995,32.25,416.0518026640432,175.5542932418465,4,0,4.0,-3.9879649345968193,0.9969912336492048,True,inward,left_middle,0.7941569089889526
270,285,160,350,-394.79999999999995,52.25,398.24251719272763,172.46097435394623,5,-3,5.830951894845301,-5.35038301540474,0.9175831171124229,True,inward,left_middle,0.6828975081443787
270,285,770,350,215.20000000000005,52.25,221.45225783450488,13.647186600067084,-8,-2,8.246211251235321,-8.246021141787937,0.9999769458431766,True,inward,right_middle,0.6981506943702698
270,285,1020,350,465.20000000000005,52.25,468.125092790378,6.408448442495624,6,-2,6.324555320336759,5.739277901095294,0.9074595146065856,True,outward,right_middle,0.5721861720085144
270,285,1030,370,475.20000000000005,72.25,480.6611098268717,8.645112408994187,-1,0,1.0,-0.9886383364178585,0.9886383364178585,True,inward,right_middle,0.7470107674598694
270,285,160,390,-394.79999999999995,92.25,405.43446141145915,166.848086740395,-2,1,2.23606797749979,2.175074109216004,0.9727227128613574,True,outward,left_middle,0.6400544047355652
270,285,790,410,235.20000000000005,112.25,260.6129361716337,25.51296856142308,2,0,2.0,1.8049756351703334,0.9024878175851667,True,outward,right_lower,0.6727433204650879
270,285,990,410,435.20000000000005,112.25,449.44310262813025,14.462927659157764,8,-1,8.06225774829855,7.496722010634135,0.9298539248780822,True,outward,right_lower,0.6576463580131531
270,285,1010,410,455.20000000000005,112.25,468.83590146233473,13.852475528727762,-4,0,4.0,-3.8836616272789413,0.9709154068197353,True,inward,right_lower,0.7360491752624512
270,285,920,420,365.20000000000005,122.25,385.1182967608784,18.50787111244296,-3,1,3.1622776601683795,-2.5274052367456257,0.7992357118353266,True,inward,right_lower,0.6470398902893066
270,285,130,430,-424.79999999999995,132.25,444.9102184710978,162.70743460044318,-1,1,1.4142135623730951,1.2520503617881884,0.8853333012074981,True,outward,left_lower,0.6083720922470093
270,285,990,430,435.20000000000005,132.25,454.8506375723794,16.90314938500758,-1,0,1.0,-0.9567976035446308,0.9567976035446308,True,inward,right_lower,0.7176327109336853
270,285,1000,430,445.20000000000005,132.25,464.4277150429333,16.544447041851626,5,5,7.0710678118654755,6.216790915962224,0.8791870027791633,True,outward,right_lower,0.6352293491363525
270,285,810,470,255.20000000000005,172.25,307.8913810096022,34.01780757799506,-3,0,3.0,-2.486591204630452,0.8288637348768173,True,inward,right_lower,0.7063387632369995
270,285,230,480,-324.79999999999995,182.25,372.4380518958824,150.70258380445605,-4,8,8.94427190999916,7.4031103587954386,0.8276929003599729,True,outward,left_lower,0.7260664105415344
270,285,240,480,-314.79999999999995,182.25,363.7500549828137,149.9317759067767,-8,6,10.0,9.92962049221038,0.992962049221038,True,outward,left_lower,0.683125913143158
270,285,580,480,25.200000000000045,182.25,183.98397348682303,82.12753863974454,1,7,7.0710678118654755,7.0709963229116495,0.9999898899351939,True,outward,right_lower,0.7748446464538574
270,285,1000,510,445.20000000000005,212.25,493.2069570677202,25.489566356138678,6,0,6.0,5.415981996444605,0.9026636660741009,True,outward,right_lower,0.8013736009597778
270,285,530,520,-24.799999999999955,222.25,223.62938648576576,96.36707058176304,4,7,8.06225774829855,6.51323165926009,0.8078669601743551,True,outward,left_lower,0.6893267035484314
270,285,740,530,185.20000000000005,232.25,297.05067328656236,51.43056118730448,2,1,2.23606797749979,2.028778434777788,0.9072972982897515,True,outward,right_lower,0.7278954386711121
285,300,540,20,-14.799999999999955,-277.75,278.14403193309755,-93.05013983670415,0,5,5.0,-4.992916764556136,0.9985833529112271,True,inward,left_upper,0.9632834792137146
285,300,540,30,-14.799999999999955,-267.75,268.1587263170826,-93.16383001636795,0,-4,4.0,3.9939032181022625,0.9984758045255656,True,outward,left_upper,0.96512371301651
285,300,550,30,-4.7999999999999545,-267.75,267.79302175374175,-91.02704121410923,0,-4,4.0,3.99935738797882,0.999839346994705,True,outward,left_upper,0.9594061374664307
285,300,560,30,5.2000000000000455,-267.75,267.80049010410715,-88.88739270489401,0,-4,4.0,3.9992458549409298,0.9998114637352324,True,outward,right_upper,0.9617013335227966
285,300,540,40,-14.799999999999955,-257.75,258.1745581965814,-93.28631399975535,0,-6,6.0,5.990133229248914,0.9983555382081524,True,outward,left_upper,0.9653614163398743
285,300,550,40,-4.7999999999999545,-257.75,257.79469059699426,-91.06687858604278,0,-8,8.0,7.9986131414300035,0.9998266426787504,True,outward,left_upper,0.9591699838638306
285,300,560,40,5.2000000000000455,-257.75,257.8024485919402,-88.84423805360119,0,-8,8.0,7.998372440844478,0.9997965551055598,True,outward,right_upper,0.9592515826225281
285,300,540,50,-14.799999999999955,-247.75,248.19166484795576,-93.41865185721998,0,-8,8.0,7.985763749214501,0.9982204686518126,True,outward,left_upper,0.967112123966217
285,300,550,50,-4.7999999999999545,-247.75,247.79649412370628,-91.10993073006469,0,-8,8.0,7.998498957820345,0.9998123697275432,True,outward,left_upper,0.9591654539108276
285,300,560,50,5.2000000000000455,-247.75,247.80456513147615,-88.79760115268768,0,-8,8.0,7.998238446286986,0.9997798057858732,True,outward,right_upper,0.9547017216682434
285,300,110,60,-444.79999999999995,-237.75,504.3531525627652,-151.87505543136137,8,8,11.313708498984761,-10.826540832062053,0.9569400548930155,True,inward,left_upper,0.594592273235321
285,300,540,60,-14.799999999999955,-237.75,238.21020654035797,-93.56208094737228,0,-8,8.0,7.984544523190949,0.9980680653988686,True,outward,left_upper,0.9644269347190857
285,300,550,60,-4.7999999999999545,-237.75,237.79844932210975,-91.15660308794732,0,-7,7.0,6.9985738121685195,0.999796258881217,True,outward,left_upper,0.9590089917182922
285,300,560,60,5.2000000000000455,-237.75,237.8068596571596,-88.74704286559611,0,-4,4.0,3.999043599377384,0.999760899844346,True,outward,right_upper,0.9608392715454102
285,300,550,70,-4.7999999999999545,-227.75,227.80057616257253,-91.20737226107681,0,-8,8.0,7.99822384426152,0.99977798053269,True,outward,left_upper,0.9631158709526062
285,300,560,70,5.2000000000000455,-227.75,227.80935560244228,-88.69204699147441,0,-8,8.0,7.997915604395252,0.9997394505494065,True,outward,right_upper,0.9663068652153015
285,300,540,80,-14.799999999999955,-217.75,218.2523825757694,-93.8882909927584,0,-8,8.0,7.981585261252487,0.9976981576565609,True,outward,left_upper,0.9610742926597595
285,300,550,80,-4.7999999999999545,-217.75,217.80289828190993,-91.26280233589301,0,-8,8.0,7.998057021928461,0.9997571277410576,True,outward,left_upper,0.9619131684303284
285,300,560,80,5.2000000000000455,-217.75,217.81208070260934,-88.63200258777364,0,-8,8.0,7.997719843549207,0.9997149804436509,True,outward,right_upper,0.958957850933075
285,300,540,90,-14.799999999999955,-207.75,208.27650491594102,-94.07483694952286,0,-6,6.0,5.984832521090552,0.9974720868484254,True,outward,left_upper,0.9591590166091919
285,300,550,90,-4.7999999999999545,-207.75,207.80544386516922,-91.32356591909029,0,-8,8.0,7.997865547152646,0.9997331933940807,True,outward,left_upper,0.9575498104095459
285,300,560,90,5.2000000000000455,-207.75,207.81506802924565,-88.56618119402542,0,-8,8.0,7.997495156444132,0.9996868945555165,True,outward,right_upper,0.9553973078727722
285,300,540,100,-14.799999999999955,-197.75,198.30305721294366,-94.28014954175754,0,-8,8.0,7.977688403972521,0.9972110504965651,True,outward,left_upper,0.9546796679496765
285,300,550,100,-4.7999999999999545,-197.75,197.80824679471783,-91.3904715475041,0,-8,8.0,7.99764431278628,0.999705539098285,True,outward,left_upper,0.950961709022522
285,300,560,100,5.2000000000000455,-197.75,197.818357338241,-88.49370715476223,0,-5,5.0,4.998272219546235,0.999654443909247,True,outward,right_upper,0.9561883807182312
285,300,540,110,-14.799999999999955,-187.75,188.33242551403623,-94.50720449216269,0,-8,8.0,7.975259681918435,0.9969074602398044,True,outward,left_upper,0.9468058347702026
285,300,550,110,-4.7999999999999545,-187.75,187.8113481661851,-91.46449984586806,0,-8,8.0,7.997386817493869,0.9996733521867336,True,outward,left_upper,0.94561767578125
285,300,560,110,5.2000000000000455,-187.75,187.82199684807955,-88.41351847317469,0,-8,8.0,7.996933400803409,0.9996166751004262,True,outward,right_upper,0.9521068930625916
285,300,590,110,35.200000000000045,-187.75,191.02120955537896,-79.38126599634788,0,-1,1.0,0.9828751500265702,0.9828751500265702,True,outward,right_upper,0.6512380242347717
285,300,340,210,-214.79999999999995,-87.75,232.03254620850063,-157.77902507810404,-4,-7,8.06225774829855,6.350186747836581,0.7876437278598192,True,outward,left_middle,0.6612647771835327
285,300,700,230,145.20000000000005,-67.75,160.22828245974557,-25.013653072060688,4,-5,6.4031242374328485,5.738999294528544,0.8962811093025791,True,outward,right_middle,0.6756505370140076
285,300,770,300,215.20000000000005,2.25,215.21176199269414,0.5990279123530362,-8,-5,9.433981132056603,-8.0518368696727,0.8534930012010108,True,inward,right_middle,0.7230187058448792
285,300,800,350,245.20000000000005,52.25,250.70521035670563,12.029313610882477,3,1,3.1622776601683795,3.142535405941664,0.9937569510497493,True,outward,right_middle,0.6835421919822693
285,300,820,370,265.20000000000005,72.25,274.8656080705624,15.23957875781553,2,1,2.23606797749979,2.1925260283756205,0.980527448377104,True,outward,right_middle,0.716192364692688
285,300,880,400,325.20000000000005,102.25,340.89602887097413,17.454289265450676,-3,0,3.0,-2.861869653428129,0.9539565511427096,True,inward,right_middle,0.7082792520523071
285,300,200,420,-354.79999999999995,122.25,375.2707056246197,160.9880812015588,8,-1,8.06225774829855,-7.88937147404603,0.9785560968589716,True,inward,left_lower,0.5881628394126892
285,300,730,440,175.20000000000005,142.25,225.67698708552456,39.07415459201744,4,0,4.0,3.1053232722148083,0.7763308180537021,True,outward,right_lower,0.6662153005599976
285,300,150,520,-404.79999999999995,222.25,461.7987684045941,151.23160428360285,5,-2,5.385164807134504,-5.345401869580739,0.9926162078640406,True,inward,left_lower,0.7383444905281067
285,300,980,520,425.20000000000005,222.25,479.7813069514068,27.59585268333941,3,0,3.0,2.6587113368491355,0.8862371122830451,True,outward,right_lower,0.6413916945457458
300,315,540,30,-14.799999999999955,-267.75,268.1587263170826,-93.16383001636795,0,-8,8.0,7.987806436204525,0.9984758045255656,True,outward,left_upper,0.9725536108016968
300,315,550,30,-4.7999999999999545,-267.75,267.79302175374175,-91.02704121410923,0,-7,7.0,6.998875428962935,0.999839346994705,True,outward,left_upper,0.9714623689651489
300,315,540,40,-14.799999999999955,-257.75,258.1745581965814,-93.28631399975535,0,-8,8.0,7.986844305665219,0.9983555382081524,True,outward,left_upper,0.9705568552017212
300,315,550,40,-4.7999999999999545,-257.75,257.79469059699426,-91.06687858604278,0,-7,7.0,6.998786498751253,0.9998266426787504,True,outward,left_upper,0.972968578338623
300,315,560,40,5.2000000000000455,-257.75,257.8024485919402,-88.84423805360119,0,-4,4.0,3.999186220422239,0.9997965551055598,True,outward,right_upper,0.9768317937850952
300,315,540,50,-14.799999999999955,-247.75,248.19166484795576,-93.41865185721998,0,-6,6.0,5.989322811910876,0.9982204686518127,True,outward,left_upper,0.9710077047348022
300,315,550,50,-4.7999999999999545,-247.75,247.79649412370628,-91.10993073006469,0,-8,8.0,7.998498957820345,0.9998123697275432,True,outward,left_upper,0.9728979468345642
300,315,560,50,5.2000000000000455,-247.75,247.80456513147615,-88.79760115268768,0,-4,4.0,3.999119223143493,0.9997798057858732,True,outward,right_upper,0.9761326909065247
300,315,540,60,-14.799999999999955,-237.75,238.21020654035797,-93.56208094737228,0,-6,6.0,5.988408392393212,0.9980680653988686,True,outward,left_upper,0.9759246110916138
300,315,550,60,-4.7999999999999545,-237.75,237.79844932210975,-91.15660308794732,0,-8,8.0,7.998370071049736,0.999796258881217,True,outward,left_upper,0.9753738045692444
300,315,560,60,5.2000000000000455,-237.75,237.8068596571596,-88.74704286559611,0,-8,8.0,7.998087198754768,0.999760899844346,True,outward,right_upper,0.9738446474075317
300,315,540,70,-14.799999999999955,-227.75,228.23037155470786,-93.71805454202563,0,-6,6.0,5.987371403250964,0.9978952338751607,True,outward,left_upper,0.9723909497261047
300,315,550,70,-4.7999999999999545,-227.75,227.80057616257253,-91.20737226107681,0,-8,8.0,7.99822384426152,0.99977798053269,True,outward,left_upper,0.9746260046958923
300,315,560,70,5.2000000000000455,-227.75,227.80935560244228,-88.69204699147441,0,-8,8.0,7.997915604395252,0.9997394505494065,True,outward,right_upper,0.9739304780960083
300,315,540,80,-14.799999999999955,-217.75,218.2523825757694,-93.8882909927584,0,-6,6.0,5.986188945939365,0.9976981576565609,True,outward,left_upper,0.9690505862236023
300,315,550,80,-4.7999999999999545,-217.75,217.80289828190993,-91.26280233589301,0,-8,8.0,7.998057021928461,0.9997571277410576,True,outward,left_upper,0.9712305068969727
300,315,560,80,5.2000000000000455,-217.75,217.81208070260934,-88.63200258777364,0,-4,4.0,3.9988599217746037,0.9997149804436509,True,outward,right_upper,0.9741519689559937
300,315,540,90,-14.799999999999955,-207.75,208.27650491594102,-94.07483694952286,0,-4,4.0,3.989888347393701,0.9974720868484253,True,outward,left_upper,0.970418393611908
300,315,550,90,-4.7999999999999545,-207.75,207.80544386516922,-91.32356591909029,0,-6,6.0,5.998399160364484,0.9997331933940807,True,outward,left_upper,0.9731448292732239
300,315,560,90,5.2000000000000455,-207.75,207.81506802924565,-88.56618119402542,0,-6,6.0,5.998121367333099,0.9996868945555165,True,outward,right_upper,0.9754335284233093
300,315,540,100,-14.799999999999955,-197.75,198.30305721294366,-94.28014954175754,0,-1,1.0,0.9972110504965651,0.9972110504965651,True,outward,left_upper,0.977730393409729
300,315,550,100,-4.7999999999999545,-197.75,197.80824679471783,-91.3904715475041,0,-8,8.0,7.99764431278628,0.999705539098285,True,outward,left_upper,0.9746019840240479
300,315,560,100,5.2000000000000455,-197.75,197.818357338241,-88.49370715476223,0,-8,8.0,7.997235551273976,0.999654443909247,True,outward,right_upper,0.974989116191864
300,315,550,110,-4.7999999999999545,-187.75,187.8113481661851,-91.46449984586806,0,-8,8.0,7.997386817493869,0.9996733521867336,True,outward,left_upper,0.9770395159721375
300,315,560,110,5.2000000000000455,-187.75,187.82199684807955,-88.41351847317469,0,-8,8.0,7.996933400803409,0.9996166751004262,True,outward,right_upper,0.9782809019088745
300,315,750,190,195.20000000000005,-107.75,222.9643525319687,-28.898607611475366,-4,0,4.0,-3.501905085424132,0.875476271356033,True,inward,right_upper,0.6967691779136658
300,315,750,200,195.20000000000005,-97.75,218.3073578695872,-26.600263164561174,-4,0,4.0,-3.5766087209320525,0.8941521802330131,True,inward,right_upper,0.7559258341789246
300,315,390,320,-164.79999999999995,22.25,166.29522693090138,172.31086933976232,8,-8,11.313708498984761,-8.998454300926992,0.7953585070478413,True,inward,left_middle,0.6718387603759766
300,315,770,320,215.20000000000005,22.25,216.34718047619668,5.902961825011948,1,0,1.0,0.9946975020720326,0.9946975020720326,True,outward,right_middle,0.8412348031997681
300,315,780,320,225.20000000000005,22.25,226.29649246066546,5.64257135800963,-5,1,5.0990195135927845,-4.8774507638108995,0.9565467931253774,True,inward,right_middle,0.7733966112136841
300,315,990,330,435.20000000000005,32.25,436.3932887889089,4.238092106934803,8,-3,8.54400374531753,7.7564208409202005,0.907820393357276,True,outward,right_middle,0.6439281105995178
300,315,700,340,145.20000000000005,42.25,151.22203047175373,16.223831732856286,-1,0,1.0,-0.9601775584353199,0.9601775584353199,True,inward,right_middle,0.763198971748352
300,315,770,350,215.20000000000005,52.25,221.45225783450488,13.647186600067084,-7,1,7.0710678118654755,-6.5664266159196805,0.9286329576561279,True,inward,right_middle,0.7022161483764648
300,315,1010,390,455.20000000000005,92.25,464.4535525754971,11.456301612407547,6,6,8.48528137423857,7.0721818829581915,0.8334646278707307,True,outward,right_middle,0.6185783743858337
300,315,130,420,-424.79999999999995,122.25,442.0408380455362,163.94510824281548,2,-2,2.8284271247461903,-2.4751106817132875,0.875083773613362,True,inward,left_lower,0.6114163398742676
300,315,1010,420,455.20000000000005,122.25,471.33014172658216,15.032822066749853,8,7,10.63014581273465,9.541825573737453,0.8976194439691113,True,outward,right_lower,0.5967090725898743
300,315,1010,430,455.20000000000005,132.25,474.0222594984333,16.20025243549169,8,-3,8.54400374531753,6.845353641057704,0.8011880431126032,True,outward,right_lower,0.6954627633094788
300,315,580,480,25.200000000000045,182.25,183.98397348682303,82.12753863974454,1,8,8.06225774829855,8.061571733073952,0.999914910283693,True,outward,right_lower,0.7615923881530762
300,315,580,500,25.200000000000045,202.25,203.8138918229079,82.89764811966015,2,-8,8.246211251235321,-7.691330487727862,0.9327108236010404,True,inward,right_lower,0.7642118334770203
300,315,960,500,405.20000000000005,202.25,452.8709556816379,26.52544515399895,6,7,9.219544457292887,8.494583173720581,0.9213669084269296,True,outward,right_lower,0.6448542475700378
300,315,140,510,-414.79999999999995,212.25,465.94967807693564,152.90151982300145,8,1,8.06225774829855,-6.666277810985257,0.8268499989834859,True,inward,left_lower,0.5785340666770935
300,315,960,510,405.20000000000005,212.25,457.42442271920726,27.646239546898467,1,0,1.0,0.885829395796679,0.885829395796679,True,outward,right_lower,0.5607601404190063
300,315,1000,520,445.20000000000005,222.25,497.5923055072295,26.52900476502778,-4,1,4.123105625617661,-3.1321826779681907,0.7596658835289903,True,inward,right_lower,0.7333815693855286
300,315,230,530,-324.79999999999995,232.25,399.2932537621942,144.43313094626097,-4,8,8.94427190999916,7.906970554229106,0.8840261827672734,True,outward,left_lower,0.560977041721344
300,315,220,540,-334.79999999999995,242.25,413.25065335701527,144.11176799208502,6,-6,8.48528137423857,-8.378208169483162,0.9873813018056793,True,inward,left_lower,0.5746643543243408
315,330,550,20,-4.7999999999999545,-277.75,277.7914730512799,-90.9900715305399,0,8,8.0,-7.998805635008897,0.9998507043761121,True,inward,left_upper,0.9415696859359741
315,330,560,20,5.2000000000000455,-277.75,277.7986726030202,-88.92744104105485,0,8,8.0,-7.998598334468221,0.9998247918085277,True,inward,right_upper,0.95656418800354
315,330,540,30,-14.799999999999955,-267.75,268.1587263170826,-93.16383001636795,0,8,8.0,-7.987806436204525,0.9984758045255656,True,inward,left_upper,0.9452483057975769
315,330,550,30,-4.7999999999999545,-267.75,267.79302175374175,-91.02704121410923,0,8,8.0,-7.99871477595764,0.999839346994705,True,inward,left_upper,0.9449333548545837
315,330,560,30,5.2000000000000455,-267.75,267.80049010410715,-88.88739270489401,0,8,8.0,-7.9984917098818595,0.9998114637352324,True,inward,right_upper,0.9551173448562622
315,330,180,40,-374.79999999999995,-257.75,454.8737214876234,-145.4836923037993,3,3,4.242640687119285,-4.171817166737852,0.9833067361569284,True,inward,left_upper,0.6062269806861877
315,330,540,40,-14.799999999999955,-257.75,258.1745581965814,-93.28631399975535,0,5,5.0,-4.991777691040762,0.9983555382081525,True,inward,left_upper,0.9426934123039246
315,330,550,40,-4.7999999999999545,-257.75,257.79469059699426,-91.06687858604278,0,8,8.0,-7.9986131414300035,0.9998266426787504,True,inward,left_upper,0.9450181722640991
315,330,560,40,5.2000000000000455,-257.75,257.8024485919402,-88.84423805360119,0,8,8.0,-7.998372440844478,0.9997965551055598,True,inward,right_upper,0.9584252834320068
315,330,980,40,425.20000000000005,-257.75,497.22238736806696,-31.22362868315793,2,-3,3.605551275463989,3.2654402562089375,0.90567017544043,True,outward,right_upper,0.818523108959198
315,330,540,50,-14.799999999999955,-247.75,248.19166484795576,-93.41865185721998,0,8,8.0,-7.985763749214501,0.9982204686518126,True,inward,left_upper,0.9465896487236023
315,330,550,50,-4.7999999999999545,-247.75,247.79649412370628,-91.10993073006469,0,8,8.0,-7.998498957820345,0.9998123697275432,True,inward,left_upper,0.9426379203796387
315,330,560,50,5.2000000000000455,-247.75,247.80456513147615,-88.79760115268768,0,8,8.0,-7.998238446286986,0.9997798057858732,True,inward,right_upper,0.950336754322052
315,330,540,60,-14.799999999999955,-237.75,238.21020654035797,-93.56208094737228,0,8,8.0,-7.984544523190949,0.9980680653988686,True,inward,left_upper,0.9430288672447205
315,330,550,60,-4.7999999999999545,-237.75,237.79844932210975,-91.15660308794732,0,8,8.0,-7.998370071049736,0.999796258881217,True,inward,left_upper,0.9415038228034973
315,330,560,60,5.2000000000000455,-237.75,237.8068596571596,-88.74704286559611,0,8,8.0,-7.998087198754768,0.999760899844346,True,inward,right_upper,0.9509585499763489
315,330,550,70,-4.7999999999999545,-227.75,227.80057616257253,-91.20737226107681,0,8,8.0,-7.99822384426152,0.99977798053269,True,inward,left_upper,0.9357548952102661
315,330,560,70,5.2000000000000455,-227.75,227.80935560244228,-88.69204699147441,0,8,8.0,-7.997915604395252,0.9997394505494065,True,inward,right_upper,0.9553472995758057
315,330,1000,70,445.20000000000005,-227.75,500.0730971568057,-27.09282458642384,1,0,1.0,0.8902698476106997,0.8902698476106997,True,outward,right_upper,0.7492773532867432
315,330,540,80,-14.799999999999955,-217.75,218.2523825757694,-93.8882909927584,0,7,7.0,-6.983887103595926,0.9976981576565608,True,inward,left_upper,0.929429292678833
315,330,550,80,-4.7999999999999545,-217.75,217.80289828190993,-91.26280233589301,0,8,8.0,-7.998057021928461,0.9997571277410576,True,inward,left_upper,0.9329057931900024
315,330,560,80,5.2000000000000455,-217.75,217.81208070260934,-88.63200258777364,0,8,8.0,-7.997719843549207,0.9997149804436509,True,inward,right_upper,0.9490823745727539
315,330,100,90,-454.79999999999995,-207.75,500.0031024903745,-155.44935458977596,-5,-2,5.385164807134504,5.378966623615651,0.9988490262153832,True,outward,left_upper,0.7058602571487427
315,330,540,90,-14.799999999999955,-207.75,208.27650491594102,-94.07483694952286,0,7,7.0,-6.9823046079389774,0.9974720868484254,True,inward,left_upper,0.9314748048782349
315,330,550,90,-4.7999999999999545,-207.75,207.80544386516922,-91.32356591909029,0,8,8.0,-7.997865547152646,0.9997331933940807,True,inward,left_upper,0.9278867840766907
315,330,560,90,5.2000000000000455,-207.75,207.81506802924565,-88.56618119402542,0,8,8.0,-7.997495156444132,0.9996868945555165,True,inward,right_upper,0.9394716024398804
315,330,1000,90,445.20000000000005,-207.75,491.2871894320063,-25.01583665287625,1,0,1.0,0.9061909399972565,0.9061909399972565,True,outward,right_upper,0.7224873900413513
315,330,540,100,-14.799999999999955,-197.75,198.30305721294366,-94.28014954175754,0,8,8.0,-7.977688403972521,0.9972110504965651,True,inward,left_upper,0.9371322989463806
315,330,550,100,-4.7999999999999545,-197.75,197.80824679471783,-91.3904715475041,0,8,8.0,-7.99764431278628,0.999705539098285,True,inward,left_upper,0.9282815456390381
315,330,560,100,5.2000000000000455,-197.75,197.818357338241,-88.49370715476223,0,8,8.0,-7.997235551273976,0.999654443909247,True,inward,right_upper,0.9349007606506348
315,330,670,100,115.20000000000005,-197.75,228.85825853571464,-59.776901573382276,0,2,2.0,-1.7281438849115422,0.8640719424557711,True,inward,right_upper,0.7090654969215393
315,330,960,100,405.20000000000005,-197.75,450.87925490091027,-26.013792027006424,-3,4,5.0,-4.450415445352416,0.8900830890704832,True,inward,right_upper,0.8240589499473572
315,330,540,110,-14.799999999999955,-187.75,188.33242551403623,-94.50720449216269,0,5,5.0,-4.984537301199022,0.9969074602398044,True,inward,left_upper,0.9231920838356018
315,330,550,110,-4.7999999999999545,-187.75,187.8113481661851,-91.46449984586806,0,5,5.0,-4.998366760933668,0.9996733521867336,True,inward,left_upper,0.9108291864395142
315,330,560,110,5.2000000000000455,-187.75,187.82199684807955,-88.41351847317469,0,5,5.0,-4.998083375502131,0.9996166751004262,True,inward,right_upper,0.9235609769821167
315,330,1050,160,495.20000000000005,-137.75,514.0020452293941,-15.544994969887398,-8,1,8.06225774829855,-7.9753573707484,0.9892213347348652,True,inward,right_upper,0.8056046962738037
315,330,720,170,165.20000000000005,-127.75,208.8327141517823,-37.71496351582341,-7,3,7.615773105863909,-7.372647557896331,0.968076051559312,True,inward,right_upper,0.7648320198059082
315,330,750,170,195.20000000000005,-127.75,233.2875961126095,-33.203020853696124,5,-2,5.385164807134504,5.278891893615925,0.9802656153851069,True,outward,right_upper,0.7979395389556885
315,330,760,170,205.20000000000005,-127.75,241.71698843895936,-31.9048798279037,1,-1,1.4142135623730951,1.3774373168813483,0.9739952674262046,True,outward,right_upper,0.7840810418128967
315,330,160,190,-394.79999999999995,-107.75,409.2396638890223,-164.73444390084757,-8,2,8.246211251235321,7.191140692555294,0.8720539012965532,True,outward,left_upper,0.7367290258407593
315,330,190,200,-364.79999999999995,-97.75,377.6693030946518,-164.99968719660507,8,4,8.94427190999916,-8.762692580208444,0.9796988137639554,True,inward,left_upper,0.5798501968383789
315,330,170,210,-384.79999999999995,-87.75,394.6784799048461,-167.15390915236708,-6,-2,6.324555320336759,6.294490646155689,0.995246357623848,True,outward,left_middle,0.6618110537528992
315,330,960,210,405.20000000000005,-87.75,414.59269470167953,-12.219269908305282,-2,0,2.0,-1.9546895310905659,0.9773447655452829,True,inward,right_middle,0.6354275345802307
315,330,1040,210,485.20000000000005,-87.75,493.0710927442411,-10.251320396487202,-5,3,5.830951894845301,-5.454081651862178,0.9353672865460809,True,inward,right_middle,0.7154005169868469
315,330,710,230,155.20000000000005,-67.75,169.34315014195295,-23.582881647664443,-1,0,1.0,-0.9164823015864692,0.9164823015864692,True,inward,right_middle,0.7823984622955322
315,330,800,230,245.20000000000005,-67.75,254.3877011571118,-15.445745065246278,7,-1,7.0710678118654755,7.0135073035551185,0.9918597148490403,True,outward,right_middle,0.8505148887634277
315,330,740,250,185.20000000000005,-47.75,191.25664040759477,-14.457661930434092,-1,0,1.0,-0.9683323915201733,0.9683323915201733,True,inward,right_middle,0.5992640256881714
315,330,1000,250,445.20000000000005,-47.75,447.75339473866643,-6.121865295625408,-3,-2,3.605551275463989,-2.769604908799834,0.7681501931888128,True,inward,right_middle,0.7495457530021667
315,330,180,260,-374.79999999999995,-37.75,376.69630008801516,-174.24854347256286,-3,1,3.1622776601683795,2.8846845582133507,0.9122173535070769,True,outward,left_middle,0.6414989829063416
315,330,740,280,185.20000000000005,-17.75,186.0486562703424,-5.474639128558035,2,1,2.23606797749979,1.8954719000365885,0.8476808035844996,True,outward,right_middle,0.7172154784202576
315,330,760,280,205.20000000000005,-17.75,205.96626544169803,-4.943834665659759,1,0,1.0,0.9962796556025585,0.9962796556025585,True,outward,right_middle,0.7155234813690186
315,330,740,290,185.20000000000005,-7.75,185.36208485016567,-2.3962384960584244,2,1,2.23606797749979,1.956441093620317,0.8749470558618118,True,outward,right_middle,0.6137261390686035
315,330,750,290,195.20000000000005,-7.75,195.35378803596313,-2.2736126761904107,2,1,2.23606797749979,1.9587539297142125,0.8759813876071648,True,outward,right_middle,0.8645433187484741
315,330,790,300,235.20000000000005,2.25,235.21076187113553,0.5480934165389171,-7,1,7.0710678118654755,-6.990113832039614,0.9885513783802189,True,inward,right_middle,0.7410171627998352
315,330,790,310,235.20000000000005,12.25,235.5187943668191,2.981461219982191,-7,-2,7.280109889280518,-7.094550583498588,0.9745114691118668,True,inward,right_middle,0.6980955600738525
315,330,170,340,-384.79999999999995,42.25,387.1125191723977,173.73417692298634,-7,-4,8.06225774829855,6.521618069592028,0.8089071663540333,True,outward,left_middle,0.7470636963844299
315,330,770,350,215.20000000000005,52.25,221.45225783450488,13.647186600067084,-8,-1,8.06225774829855,-8.010078638826204,0.9935279780054964,True,inward,right_middle,0.6994389891624451
315,330,980,370,425.20000000000005,72.25,431.29468174323694,9.64359243741267,-2,1,2.23606797749979,-1.8042188622749047,0.8068712044668035,True,inward,right_middle,0.6444101333618164
315,330,410,380,-144.79999999999995,82.25,166.5295844587381,150.40234796288615,-4,1,4.123105625617661,3.9719669159679594,0.9633434785879249,True,outward,left_middle,0.6440069675445557
315,330,730,400,175.20000000000005,102.25,202.85488039482811,30.268635757354435,2,2,2.8284271247461903,2.7354530436732225,0.9671286983993583,True,outward,right_middle,0.6563378572463989
315,330,730,420,175.20000000000005,122.25,213.63544298641088,34.9063320100798,-3,-2,3.605551275463989,-3.6047389386085404,0.9997746982934408,True,inward,right_lower,0.620564341545105
315,330,660,450,105.20000000000005,152.25,185.0597268451459,55.35673682409061,3,5,5.830951894845301,5.818932181290236,0.9979386361314883,True,outward,right_lower,0.7544602751731873
315,330,170,470,-384.79999999999995,172.25,421.5935275831449,155.8850335751538,-4,8,8.94427190999916,6.919461066500082,0.7736192656178688,True,outward,left_lower,0.6036700010299683
315,330,770,480,215.20000000000005,182.25,282.00372781224013,40.260816406011344,3,0,3.0,2.2893314390150357,0.7631104796716786,True,outward,right_lower,0.7181850671768188
315,330,210,490,-344.79999999999995,192.25,394.7747490658438,150.8572909077,-5,5,7.0710678118654755,6.801980132605015,0.9619452554522356,True,outward,left_lower,0.7781554460525513
315,330,820,500,265.20000000000005,202.25,333.5207677191932,37.330301783941735,-3,-8,8.54400374531753,-7.236730763441165,0.8469952705026838,True,inward,right_lower,0.692966103553772
315,330,940,560,385.20000000000005,262.25,465.9979640513465,34.24762744769161,1,0,1.0,0.8266130535230328,0.8266130535230328,True,outward,right_lower,0.6324023604393005
315,330,890,570,335.20000000000005,272.25,431.8322619953262,39.083561356197436,-5,-3,5.830951894845301,-5.7724959883311815,0.9899748947396058,True,inward,right_lower,0.5953490138053894
315,330,930,580,375.20000000000005,282.25,469.5104924280181,36.952880122951996,-1,0,1.0,-0.7991301707863813,0.7991301707863813,True,inward,right_lower,0.6397998332977295
315,330,960,580,405.20000000000005,282.25,493.81383384834413,34.85989628440173,1,4,4.123105625617661,3.1068388425731515,0.7535191005706365,True,outward,right_lower,0.706017792224884
330,345,120,60,-434.79999999999995,-237.75,495.5563565327358,-151.33002353746545,7,6,9.219544457292887,-9.02036658610535,0.9783961266079712,True,inward,left_upper,0.5853480100631714
330,345,260,60,-294.79999999999995,-237.75,378.7243093597241,-141.1145538631598,1,2,2.23606797749979,-2.03393334138566,0.9096026426083244,True,inward,left_upper,0.5692198276519775
330,345,780,60,225.20000000000005,-237.75,327.4753464003054,-46.55283717015877,1,-3,3.1622776601683795,2.865711908745766,0.906217674950522,True,outward,right_upper,0.9132442474365234
330,345,780,70,225.20000000000005,-227.75,320.2890920715222,-45.32255810627059,6,-3,6.708203932499369,6.351917846598713,0.9468880061659202,True,outward,right_upper,0.8972196578979492
330,345,780,120,225.20000000000005,-177.75,286.89737276594224,-38.28397578762139,-1,0,1.0,-0.7849496767045113,0.7849496767045113,True,inward,right_upper,0.7990387082099915
330,345,80,130,-474.79999999999995,-167.75,503.5624117227178,-160.54134645825883,3,0,3.0,-2.8286463938542203,0.9428821312847401,True,inward,left_upper,0.5784406065940857
330,345,90,130,-464.79999999999995,-167.75,494.14481935966904,-160.15508542359177,3,0,3.0,-2.821844822347656,0.940614940782552,True,inward,left_upper,0.6108599305152893
330,345,750,150,195.20000000000005,-147.75,244.81238224403606,-37.12266117856182,7,0,7.0,5.581417032402934,0.7973452903432763,True,outward,right_upper,0.8059325218200684
330,345,1050,180,495.20000000000005,-117.75,509.0069768677047,-13.375550891234678,5,-6,7.810249675906654,6.252370094383125,0.8005339590705617,True,outward,right_upper,0.7075362205505371
330,345,940,210,385.20000000000005,-87.75,395.068478241431,-12.833193098479526,-6,1,6.082762530298219,-6.072238439974888,0.9982698502085342,True,inward,right_middle,0.8807215690612793
330,345,950,210,395.20000000000005,-87.75,404.82477999747005,-12.51882934291434,-3,2,3.605551275463989,-3.362195367606959,0.9325052150795683,True,inward,right_middle,0.7790030241012573
330,345,1040,210,485.20000000000005,-87.75,493.0710927442411,-10.251320396487202,-6,4,7.211102550927978,-6.616084471397155,0.9174858386316733,True,inward,right_middle,0.7267675995826721
330,345,190,220,-364.79999999999995,-77.75,372.99343492882014,-167.96854188872973,8,5,9.433981132056603,-8.866509944420647,0.9398481744141195,True,inward,left_middle,0.6659950613975525
330,345,1010,290,455.20000000000005,-7.75,455.26596896759156,-0.9753940998954628,-8,5,9.433981132056603,-8.083955865064864,0.8568976079033735,True,inward,right_middle,0.6788365840911865
330,345,130,300,-424.79999999999995,2.25,424.8059586446498,179.6965294294033,8,1,8.06225774829855,-7.994591250168595,0.99160700386387,True,inward,left_middle,0.6919686198234558
330,345,950,320,395.20000000000005,22.25,395.8258487011681,3.2223853271037872,4,3,5.0,4.162310282176218,0.8324620564352436,True,outward,right_middle,0.6217732429504395
330,345,1020,330,465.20000000000005,32.25,466.31652608501884,3.9656862931291386,-8,-4,8.94427190999916,-8.25748131280674,0.9232144769185038,True,inward,right_middle,0.6462525725364685
330,345,170,340,-384.79999999999995,42.25,387.1125191723977,173.73417692298634,-7,-1,7.0710678118654755,6.849042251767735,0.9686008441716293,True,outward,left_middle,0.7493073344230652
330,345,970,340,415.20000000000005,42.25,417.34410562508253,5.810315082568994,3,1,3.1622776601683795,3.0858229040304908,0.9758228832651533,True,outward,right_middle,0.6123533248901367
330,345,770,350,215.20000000000005,52.25,221.45225783450488,13.647186600067084,-2,1,2.23606797749979,-1.7075915310043854,0.7636581482257491,True,inward,right_middle,0.7223140597343445
330,345,160,360,-394.79999999999995,62.25,399.6774981156682,171.03967029582037,4,-2,4.47213595499958,-4.2626868113224194,0.9531657476908749,True,inward,left_middle,0.5510256290435791
330,345,770,360,215.20000000000005,62.25,224.0225490882559,16.133348148681524,-3,-4,5.0,-3.993348007336367,0.7986696014672734,True,inward,right_middle,0.7217426300048828
330,345,980,360,425.20000000000005,62.25,429.7325941792175,8.329028865945432,-2,1,2.23606797749979,-1.834047523216977,0.8202109871756569,True,inward,right_middle,0.759796679019928
330,345,790,410,235.20000000000005,112.25,260.6129361716337,25.51296856142308,3,5,5.830951894845301,4.861040355900376,0.833661543357552,True,outward,right_lower,0.6404587626457214
330,345,1010,410,455.20000000000005,112.25,468.83590146233473,13.852475528727762,-8,-3,8.54400374531753,-8.485591627243615,0.9931633786904731,True,inward,right_lower,0.660508394241333
330,345,930,420,375.20000000000005,122.25,394.61386506305126,18.046967946347706,6,-1,6.082762530298219,5.395020774700447,0.8869359518521176,True,outward,right_lower,0.6028023362159729
330,345,940,420,385.20000000000005,122.25,404.1337680768585,17.607751824355827,-3,-1,3.1622776601683795,-3.1619480997118203,0.9998957838330548,True,inward,right_lower,0.5790070295333862
330,345,770,430,215.20000000000005,132.25,252.5888012165227,31.57258029760732,1,0,1.0,0.8519775974372179,0.8519775974372179,True,outward,right_lower,0.6471253633499146
330,345,140,440,-414.79999999999995,142.25,438.51351461500013,161.07129455798085,-1,1,1.4142135623730951,1.2703143265472008,0.8982478745399479,True,outward,left_lower,0.613878607749939
330,345,970,440,415.20000000000005,142.25,438.8919029783986,18.9117661851441,3,3,4.242640687119285,3.8103915534807893,0.8981179021474032,True,outward,right_lower,0.5960522890090942
330,345,930,450,375.20000000000005,152.25,404.913697594932,22.08650651779966,1,0,1.0,0.9266172081324426,0.9266172081324426,True,outward,right_lower,0.6830912232398987
330,345,980,450,425.20000000000005,152.25,451.63602878866965,19.700759472122783,-1,-1,1.4142135623730951,-1.2785738142919538,0.9040882143333899,True,inward,right_lower,0.6300707459449768
330,345,400,470,-154.79999999999995,172.25,231.58821753275788,131.94583640649654,-5,8,9.433981132056603,9.292355297374325,0.9849876915482654,True,outward,left_lower,0.7161517143249512
330,345,980,470,425.20000000000005,172.25,458.76475725582935,22.053040820448288,6,-1,6.082762530298219,5.185555259802538,0.8525000333275061,True,outward,right_lower,0.5589781403541565
330,345,970,480,415.20000000000005,182.25,453.4380911436533,23.69883633487515,3,3,4.242640687119285,3.9527998088545395,0.931683849837978,True,outward,right_lower,0.602439820766449
330,345,180,490,-374.79999999999995,192.25,421.23046245493686,152.84488733440978,-8,-1,8.06225774829855,6.661792652995036,0.8262936836025782,True,outward,left_lower,0.7269109487533569
330,345,970,490,415.20000000000005,192.25,457.54901649987187,24.845545660028034,5,-1,5.0990195135927845,4.1170452390220085,0.8074190004660574,True,outward,right_lower,0.6846380829811096
330,345,1000,490,445.20000000000005,192.25,484.93618394588793,23.356057905399634,7,1,7.0710678118654755,6.822856510887212,0.964897621182227,True,outward,right_lower,0.7116992473602295
330,345,970,510,415.20000000000005,212.25,466.3058036310507,27.07609190900014,-2,-1,2.23606797749979,-2.2359790332460947,0.9999602229205059,True,inward,right_lower,0.6651777029037476
330,345,220,540,-334.79999999999995,242.25,413.25065335701527,144.11176799208502,6,-2,6.324555320336759,-6.033384290492553,0.9539618178517724,True,inward,left_lower,0.579785168170929
330,345,240,540,-314.79999999999995,242.25,397.22047089746013,142.42041475201142,-8,6,10.0,9.999232897101418,0.9999232897101418,True,outward,left_lower,0.5616434216499329
330,345,630,540,75.20000000000005,242.25,253.65350874766153,72.75444913467398,0,-1,1.0,-0.9550429686387428,0.9550429686387428,True,inward,right_lower,0.7691887021064758
330,345,220,550,-334.79999999999995,252.25,419.19100956485215,143.00435500207544,2,0,2.0,-1.5973625023472922,0.7986812511736461,True,inward,left_lower,0.6944072246551514
330,345,790,550,235.20000000000005,252.25,344.8899860825188,47.00327200212688,-8,-2,8.246211251235321,-6.918438041947379,0.8389838473894256,True,inward,right_lower,0.6468271613121033
345,360,560,20,5.2000000000000455,-277.75,277.7986726030202,-88.92744104105485,0,-2,2.0,1.9996495836170554,0.9998247918085277,True,outward,right_upper,0.9505138993263245
345,360,540,30,-14.799999999999955,-267.75,268.1587263170826,-93.16383001636795,0,-8,8.0,7.987806436204525,0.9984758045255656,True,outward,left_upper,0.947446346282959
345,360,550,30,-4.7999999999999545,-267.75,267.79302175374175,-91.02704121410923,0,-8,8.0,7.99871477595764,0.999839346994705,True,outward,left_upper,0.9418929815292358
345,360,560,30,5.2000000000000455,-267.75,267.80049010410715,-88.88739270489401,0,-6,6.0,5.998868782411394,0.9998114637352323,True,outward,right_upper,0.9475077390670776
345,360,540,40,-14.799999999999955,-257.75,258.1745581965814,-93.28631399975535,0,-8,8.0,7.986844305665219,0.9983555382081524,True,outward,left_upper,0.9429134130477905
345,360,550,40,-4.7999999999999545,-257.75,257.79469059699426,-91.06687858604278,0,-8,8.0,7.9986131414300035,0.9998266426787504,True,outward,left_upper,0.9365866780281067
345,360,560,40,5.2000000000000455,-257.75,257.8024485919402,-88.84423805360119,0,-8,8.0,7.998372440844478,0.9997965551055598,True,outward,right_upper,0.942245602607727
345,360,550,50,-4.7999999999999545,-247.75,247.79649412370628,-91.10993073006469,0,-8,8.0,7.998498957820345,0.9998123697275432,True,outward,left_upper,0.9361626505851746
345,360,560,50,5.2000000000000455,-247.75,247.80456513147615,-88.79760115268768,0,-8,8.0,7.998238446286986,0.9997798057858732,True,outward,right_upper,0.9380804300308228
345,360,540,60,-14.799999999999955,-237.75,238.21020654035797,-93.56208094737228,0,-8,8.0,7.984544523190949,0.9980680653988686,True,outward,left_upper,0.9530084133148193
345,360,550,60,-4.7999999999999545,-237.75,237.79844932210975,-91.15660308794732,0,-8,8.0,7.998370071049736,0.999796258881217,True,outward,left_upper,0.9406189322471619
345,360,560,60,5.2000000000000455,-237.75,237.8068596571596,-88.74704286559611,0,-6,6.0,5.998565399066076,0.999760899844346,True,outward,right_upper,0.9391770958900452
345,360,810,60,255.20000000000005,-237.75,348.7866145654102,-42.972625934479616,7,-5,8.602325267042627,8.530000509644132,0.9915924177297055,True,outward,right_upper,0.6965219378471375
345,360,540,70,-14.799999999999955,-227.75,228.23037155470786,-93.71805454202563,0,-8,8.0,7.983161871001284,0.9978952338751605,True,outward,left_upper,0.9476257562637329
345,360,550,70,-4.7999999999999545,-227.75,227.80057616257253,-91.20737226107681,0,-8,8.0,7.99822384426152,0.99977798053269,True,outward,left_upper,0.9415141940116882
345,360,560,70,5.2000000000000455,-227.75,227.80935560244228,-88.69204699147441,0,-8,8.0,7.997915604395252,0.9997394505494065,True,outward,right_upper,0.9453912377357483
345,360,540,80,-14.799999999999955,-217.75,218.2523825757694,-93.8882909927584,0,-7,7.0,6.983887103595926,0.9976981576565608,True,outward,left_upper,0.9374554753303528
345,360,550,80,-4.7999999999999545,-217.75,217.80289828190993,-91.26280233589301,0,-8,8.0,7.998057021928461,0.9997571277410576,True,outward,left_upper,0.9336643815040588
345,360,560,80,5.2000000000000455,-217.75,217.81208070260934,-88.63200258777364,0,-8,8.0,7.997719843549207,0.9997149804436509,True,outward,right_upper,0.9415665864944458
345,360,540,90,-14.799999999999955,-207.75,208.27650491594102,-94.07483694952286,0,-7,7.0,6.9823046079389774,0.9974720868484254,True,outward,left_upper,0.9420543909072876
345,360,550,90,-4.7999999999999545,-207.75,207.80544386516922,-91.32356591909029,0,-8,8.0,7.997865547152646,0.9997331933940807,True,outward,left_upper,0.9313009977340698
345,360,560,90,5.2000000000000455,-207.75,207.81506802924565,-88.56618119402542,0,-8,8.0,7.997495156444132,0.9996868945555165,True,outward,right_upper,0.9302114248275757
345,360,540,100,-14.799999999999955,-197.75,198.30305721294366,-94.28014954175754,0,-8,8.0,7.977688403972521,0.9972110504965651,True,outward,left_upper,0.9444260597229004
345,360,550,100,-4.7999999999999545,-197.75,197.80824679471783,-91.3904715475041,0,-8,8.0,7.99764431278628,0.999705539098285,True,outward,left_upper,0.9299583435058594
345,360,560,100,5.2000000000000455,-197.75,197.818357338241,-88.49370715476223,0,-8,8.0,7.997235551273976,0.999654443909247,True,outward,right_upper,0.932241678237915
345,360,540,110,-14.799999999999955,-187.75,188.33242551403623,-94.50720449216269,0,-8,8.0,7.975259681918435,0.9969074602398044,True,outward,left_upper,0.9419493675231934
345,360,550,110,-4.7999999999999545,-187.75,187.8113481661851,-91.46449984586806,0,-8,8.0,7.997386817493869,0.9996733521867336,True,outward,left_upper,0.9337300658226013
345,360,560,110,5.2000000000000455,-187.75,187.82199684807955,-88.41351847317469,0,-8,8.0,7.996933400803409,0.9996166751004262,True,outward,right_upper,0.9410300850868225
345,360,780,110,225.20000000000005,-187.75,293.1980601914004,-39.81808136074322,-1,0,1.0,-0.7680814799831519,0.7680814799831519,True,inward,right_upper,0.8695030212402344
345,360,410,180,-144.79999999999995,-117.75,186.6336049590212,-140.88231471984798,1,0,1.0,-0.7758517016900222,0.7758517016900222,True,inward,left_upper,0.6294951438903809
345,360,910,250,355.20000000000005,-47.75,358.3951764463356,-7.656444821557555,-2,0,2.0,-1.9821695343223238,0.9910847671611619,True,inward,right_middle,0.63962721824646
345,360,1020,310,465.20000000000005,12.25,465.36126020544515,1.5084074308836786,6,3,6.708203932499369,6.0768917437423395,0.9058895353943401,True,outward,right_middle,0.6299247741699219
345,360,180,340,-374.79999999999995,42.25,377.1738359165439,173.568382019387,-8,1,8.06225774829855,8.06166735455318,0.99992677066849,True,outward,left_middle,0.5826154947280884
345,360,770,340,215.20000000000005,42.25,219.30823627944307,11.107547150691484,-7,-1,7.0710678118654755,-7.061522295162262,0.9986500600818456,True,inward,right_middle,0.7793006300926208
345,360,770,350,215.20000000000005,52.25,221.45225783450488,13.647186600067084,-8,-6,10.0,-9.189791153634866,0.9189791153634866,True,inward,right_middle,0.7274386286735535
345,360,770,410,215.20000000000005,112.25,242.71609443957362,27.546896915384504,-1,-1,1.4142135623730951,-1.3491070740738278,0.9539627606243455,True,inward,right_lower,0.7533396482467651
345,360,320,430,-234.79999999999995,132.25,269.483028222558,150.60981740039597,4,-3,5.0,-4.957455053149687,0.9914910106299374,True,inward,left_lower,0.7153109312057495
345,360,460,460,-94.79999999999995,162.25,187.9151470744176,120.2970397737935,-6,5,7.810249675906654,7.34400617238948,0.9403036365206788,True,outward,left_lower,0.5777839422225952
345,360,510,460,-44.799999999999955,162.25,168.32142614652477,105.43573945587859,1,-1,1.4142135623730951,-1.230087011143559,0.8698028670291027,True,inward,left_lower,0.7306257486343384
345,360,240,480,-314.79999999999995,182.25,363.7500549828137,149.9317759067767,-8,4,8.94427190999916,8.927558788007417,0.9981314161555109,True,outward,left_lower,0.7035477161407471
345,360,180,490,-374.79999999999995,192.25,421.23046245493686,152.84488733440978,-3,6,6.708203932499369,5.407728554873186,0.806136576837543,True,outward,left_lower,0.6999872922897339
345,360,970,490,415.20000000000005,192.25,457.54901649987187,24.845545660028034,1,0,1.0,0.90744376018152,0.90744376018152,True,outward,right_lower,0.6848134994506836
345,360,240,510,-314.79999999999995,212.25,379.66972818490547,146.01066949049147,-6,3,6.708203932499369,6.65196567573071,0.991616495661946,True,outward,left_lower,0.738537073135376
345,360,170,530,-384.79999999999995,232.25,449.4564522843119,148.88648664415226,4,0,4.0,-3.4245809403273415,0.8561452350818354,True,inward,left_lower,0.5891191959381104
345,360,140,540,-414.79999999999995,242.25,480.35830637140015,149.71437125600684,-8,1,8.06225774829855,7.412487621785811,0.9194059348139961,True,outward,left_lower,0.6485697627067566
345,360,230,560,-324.79999999999995,262.25,417.4567073362218,141.08190163509082,7,-3,7.615773105863909,-7.330939822545904,0.9625995576077901,True,inward,left_lower,0.5901408791542053
345,360,1030,570,475.20000000000005,272.25,547.6633112597557,29.809114206706532,-4,-2,4.47213595499958,-4.464969534612844,0.9983975396859919,True,inward,right_lower,0.7595818638801575
360,375,430,20,-124.79999999999995,-277.75,304.49975779957526,-114.19557210502383,0,3,3.0,-2.7364553785571593,0.9121517928523865,True,inward,left_upper,0.6138069033622742
360,375,550,20,-4.7999999999999545,-277.75,277.7914730512799,-90.9900715305399,0,1,1.0,-0.9998507043761121,0.9998507043761121,True,inward,left_upper,0.9781969785690308
360,375,560,20,5.2000000000000455,-277.75,277.7986726030202,-88.92744104105485,0,3,3.0,-2.9994743754255833,0.9998247918085278,True,inward,right_upper,0.9793925881385803
360,375,540,30,-14.799999999999955,-267.75,268.1587263170826,-93.16383001636795,0,2,2.0,-1.9969516090511312,0.9984758045255656,True,inward,left_upper,0.9743929505348206
360,375,550,30,-4.7999999999999545,-267.75,267.79302175374175,-91.02704121410923,0,5,5.0,-4.999196734973525,0.999839346994705,True,inward,left_upper,0.9763457775115967
360,375,540,40,-14.799999999999955,-257.75,258.1745581965814,-93.28631399975535,0,4,4.0,-3.9934221528326095,0.9983555382081524,True,inward,left_upper,0.9729650616645813
360,375,550,40,-4.7999999999999545,-257.75,257.79469059699426,-91.06687858604278,0,4,4.0,-3.9993065707150017,0.9998266426787504,True,inward,left_upper,0.9716976881027222
360,375,550,50,-4.7999999999999545,-247.75,247.79649412370628,-91.10993073006469,0,8,8.0,-7.998498957820345,0.9998123697275432,True,inward,left_upper,0.9735322594642639
360,375,560,50,5.2000000000000455,-247.75,247.80456513147615,-88.79760115268768,0,6,6.0,-5.998678834715239,0.9997798057858732,True,inward,right_upper,0.9706215262413025
360,375,550,60,-4.7999999999999545,-237.75,237.79844932210975,-91.15660308794732,0,7,7.0,-6.9985738121685195,0.999796258881217,True,inward,left_upper,0.9777492880821228
360,375,560,60,5.2000000000000455,-237.75,237.8068596571596,-88.74704286559611,0,7,7.0,-6.998326298910422,0.999760899844346,True,inward,right_upper,0.9762304425239563
360,375,550,70,-4.7999999999999545,-227.75,227.80057616257253,-91.20737226107681,0,8,8.0,-7.99822384426152,0.99977798053269,True,inward,left_upper,0.9714377522468567
360,375,560,70,5.2000000000000455,-227.75,227.80935560244228,-88.69204699147441,0,8,8.0,-7.997915604395252,0.9997394505494065,True,inward,right_upper,0.973523736000061
360,375,540,80,-14.799999999999955,-217.75,218.2523825757694,-93.8882909927584,0,8,8.0,-7.981585261252487,0.9976981576565609,True,inward,left_upper,0.9666958451271057
360,375,550,80,-4.7999999999999545,-217.75,217.80289828190993,-91.26280233589301,0,8,8.0,-7.998057021928461,0.9997571277410576,True,inward,left_upper,0.9695109128952026
360,375,560,80,5.2000000000000455,-217.75,217.81208070260934,-88.63200258777364,0,8,8.0,-7.997719843549207,0.9997149804436509,True,inward,right_upper,0.9755516648292542
360,375,1040,80,485.20000000000005,-217.75,531.8214949585998,-24.169780258038173,3,-1,3.1622776601683795,3.1464504835974405,0.994995007310618,True,outward,right_upper,0.7791114449501038
360,375,540,90,-14.799999999999955,-207.75,208.27650491594102,-94.07483694952286,0,8,8.0,-7.979776694787402,0.9974720868484253,True,inward,left_upper,0.9637458920478821
360,375,550,90,-4.7999999999999545,-207.75,207.80544386516922,-91.32356591909029,0,8,8.0,-7.997865547152646,0.9997331933940807,True,inward,left_upper,0.9682722091674805
360,375,560,90,5.2000000000000455,-207.75,207.81506802924565,-88.56618119402542,0,5,5.0,-4.998434472777583,0.9996868945555166,True,inward,right_upper,0.9767470359802246
360,375,1040,90,485.20000000000005,-207.75,527.8059326115992,-23.179347719018192,7,-7,9.899494936611665,9.190215001939903,0.9283519069191493,True,outward,right_upper,0.690004289150238
360,375,540,100,-14.799999999999955,-197.75,198.30305721294366,-94.28014954175754,0,8,8.0,-7.977688403972521,0.9972110504965651,True,inward,left_upper,0.9651031494140625
360,375,550,100,-4.7999999999999545,-197.75,197.80824679471783,-91.3904715475041,0,8,8.0,-7.99764431278628,0.999705539098285,True,inward,left_upper,0.9685034155845642
360,375,560,100,5.2000000000000455,-197.75,197.818357338241,-88.49370715476223,0,5,5.0,-4.998272219546235,0.999654443909247,True,inward,right_upper,0.9747707843780518
360,375,550,110,-4.7999999999999545,-187.75,187.8113481661851,-91.46449984586806,0,5,5.0,-4.998366760933668,0.9996733521867336,True,inward,left_upper,0.9526523947715759
360,375,810,130,255.20000000000005,-167.75,305.3966314483512,-33.31802223877649,-2,0,2.0,-1.6712692526417705,0.8356346263208853,True,inward,right_upper,0.7120811939239502
360,375,1000,170,445.20000000000005,-127.75,463.1663874894205,-16.010815591680633,8,3,8.54400374531753,6.862220760941119,0.8031621901736526,True,outward,right_upper,0.7947074770927429
360,375,150,180,-404.79999999999995,-117.75,421.57810960722327,-163.7811112852953,6,8,10.0,-7.995671319700431,0.7995671319700431,True,inward,left_upper,0.733780562877655
360,375,1040,200,485.20000000000005,-97.75,494.94858571370827,-11.390526781348848,-2,2,2.8284271247461903,-2.3555982048494797,0.8328297321999625,True,inward,right_upper,0.7302234172821045
360,375,1050,200,495.20000000000005,-97.75,504.75548783544696,-11.166345488413036,-3,0,3.0,-2.9432072276632955,0.9810690758877652,True,inward,right_upper,0.7214148044586182
360,375,370,290,-184.79999999999995,-7.75,184.9624353754026,-177.5985809060287,6,1,6.082762530298219,-6.036631155584823,0.9924160487141137,True,inward,left_middle,0.679732084274292
360,375,190,320,-364.79999999999995,22.25,365.4779097291654,176.50972095489055,-6,-4,7.211102550927978,5.7453540805134855,0.7967372589610628,True,outward,left_middle,0.5928525924682617
360,375,910,320,355.20000000000005,22.25,355.89619624266857,3.584368206388402,-2,-1,2.23606797749979,-2.0586058736644692,0.9206365344788194,True,inward,right_middle,0.5514670610427856
360,375,170,340,-384.79999999999995,42.25,387.1125191723977,173.73417692298634,-8,-4,8.94427190999916,7.515644304710073,0.8402745780020433,True,outward,left_middle,0.7088369131088257
360,375,130,400,-424.79999999999995,102.25,436.9326063593789,166.46626845554712,1,0,1.0,-0.9722323164195262,0.9722323164195262,True,inward,left_middle,0.5928217768669128
360,375,990,420,435.20000000000005,122.25,452.0443589958844,15.690335696983075,-7,1,7.0710678118654755,-6.4687235706145,0.914815660480554,True,inward,right_lower,0.6045230627059937
360,375,1000,430,445.20000000000005,132.25,464.4277150429333,16.544447041851626,7,6,9.219544457292887,8.418748221428938,0.9131414529672885,True,outward,right_lower,0.686286985874176
360,375,110,480,-444.79999999999995,182.25,480.6891953227157,157.71938452473015,5,-6,7.810249675906654,-6.901548926583968,0.8836527912640386,True,inward,left_lower,0.6133830547332764
360,375,110,490,-444.79999999999995,192.25,484.56898631670595,156.62519177068444,8,-8,11.313708498984761,-10.517387913615009,0.9296145392608259,True,inward,left_lower,0.5506353378295898
360,375,220,490,-334.79999999999995,192.25,386.07136969736564,150.134548503915,-8,3,8.54400374531753,8.43147214607406,0.986829172528729,True,outward,left_lower,0.78756183385849
360,375,230,490,-324.79999999999995,192.25,377.4322488871347,149.378595181658,-8,3,8.54400374531753,8.412503195903325,0.98460902483964,True,outward,left_lower,0.7319339513778687
360,375,980,490,425.20000000000005,192.25,466.6423710937532,24.32963672063364,-3,-6,6.708203932499369,-5.2054852933874916,0.7759879314593244,True,inward,right_lower,0.7089916467666626
360,375,160,500,-394.79999999999995,202.25,443.5900162312041,152.87463088786103,1,0,1.0,-0.8900110136703928,0.8900110136703928,True,inward,left_lower,0.6930180191993713
360,375,220,500,-334.79999999999995,202.25,391.14716220369024,148.86416195545297,-8,-1,8.06225774829855,6.330481821853388,0.7851996325953938,True,outward,left_lower,0.6362836956977844
360,375,260,510,-294.79999999999995,212.25,363.2590019531518,144.24688075118644,-7,0,7.0,5.680795214721573,0.8115421735316533,True,outward,left_lower,0.6986855864524841
360,375,960,510,405.20000000000005,212.25,457.42442271920726,27.646239546898467,-1,-1,1.4142135623730951,-1.3498404749127824,0.9544813533308981,True,inward,right_lower,0.6258231997489929
360,375,1010,510,455.20000000000005,212.25,502.25203085701907,24.998630502840058,-7,-8,10.63014581273465,-9.72499800879947,0.9148508571866593,True,inward,right_lower,0.7303129434585571
360,375,80,520,-474.79999999999995,222.25,524.2424081472234,154.91609008366993,-1,0,1.0,0.9056878890779502,0.9056878890779502,True,outward,left_lower,0.7432506680488586
360,375,150,550,-404.79999999999995,252.25,476.9623701090055,148.07101706156607,-4,1,4.123105625617661,3.9236847962917842,0.9516333445141847,True,outward,left_lower,0.6735157370567322
360,375,960,560,405.20000000000005,262.25,482.66147816041837,32.91139862184213,3,8,8.54400374531753,6.8652671695060885,0.8035187453269248,True,outward,right_lower,0.6123889684677124
375,390,550,20,-4.7999999999999545,-277.75,277.7914730512799,-90.9900715305399,0,6,6.0,-5.999104226256673,0.9998507043761121,True,inward,left_upper,0.9574366211891174
375,390,560,20,5.2000000000000455,-277.75,277.7986726030202,-88.92744104105485,0,8,8.0,-7.998598334468221,0.9998247918085277,True,inward,right_upper,0.9634519815444946
375,390,540,30,-14.799999999999955,-267.75,268.1587263170826,-93.16383001636795,0,4,4.0,-3.9939032181022625,0.9984758045255656,True,inward,left_upper,0.965241014957428
375,390,550,30,-4.7999999999999545,-267.75,267.79302175374175,-91.02704121410923,0,8,8.0,-7.99871477595764,0.999839346994705,True,inward,left_upper,0.9659277200698853
375,390,560,30,5.2000000000000455,-267.75,267.80049010410715,-88.88739270489401,0,8,8.0,-7.9984917098818595,0.9998114637352324,True,inward,right_upper,0.9701828956604004
375,390,550,40,-4.7999999999999545,-257.75,257.79469059699426,-91.06687858604278,0,8,8.0,-7.9986131414300035,0.9998266426787504,True,inward,left_upper,0.9664314985275269
375,390,560,40,5.2000000000000455,-257.75,257.8024485919402,-88.84423805360119,0,8,8.0,-7.998372440844478,0.9997965551055598,True,inward,right_upper,0.9710200428962708
375,390,980,40,425.20000000000005,-257.75,497.22238736806696,-31.22362868315793,2,-5,5.385164807134504,4.302199688399192,0.7988984260424951,True,outward,right_upper,0.8038714528083801
375,390,540,50,-14.799999999999955,-247.75,248.19166484795576,-93.41865185721998,0,8,8.0,-7.985763749214501,0.9982204686518126,True,inward,left_upper,0.9655672907829285
375,390,550,50,-4.7999999999999545,-247.75,247.79649412370628,-91.10993073006469,0,8,8.0,-7.998498957820345,0.9998123697275432,True,inward,left_upper,0.9676804542541504
375,390,560,50,5.2000000000000455,-247.75,247.80456513147615,-88.79760115268768,0,8,8.0,-7.998238446286986,0.9997798057858732,True,inward,right_upper,0.9684329032897949
375,390,980,50,425.20000000000005,-247.75,492.1128960919436,-30.227942852092482,3,0,3.0,2.592088136949929,0.8640293789833097,True,outward,right_upper,0.8051955103874207
375,390,550,60,-4.7999999999999545,-237.75,237.79844932210975,-91.15660308794732,0,8,8.0,-7.998370071049736,0.999796258881217,True,inward,left_upper,0.9676530361175537
375,390,560,60,5.2000000000000455,-237.75,237.8068596571596,-88.74704286559611,0,8,8.0,-7.998087198754768,0.999760899844346,True,inward,right_upper,0.9712206721305847
375,390,990,60,435.20000000000005,-237.75,495.9073527383921,-28.647804223019484,-6,7,9.219544457292887,-8.621469265158174,0.935129637380118,True,inward,right_upper,0.6422264575958252
375,390,550,70,-4.7999999999999545,-227.75,227.80057616257253,-91.20737226107681,0,8,8.0,-7.99822384426152,0.99977798053269,True,inward,left_upper,0.9634867906570435
375,390,560,70,5.2000000000000455,-227.75,227.80935560244228,-88.69204699147441,0,8,8.0,-7.997915604395252,0.9997394505494065,True,inward,right_upper,0.9724626541137695
375,390,540,80,-14.799999999999955,-217.75,218.2523825757694,-93.8882909927584,0,8,8.0,-7.981585261252487,0.9976981576565609,True,inward,left_upper,0.9610286951065063
375,390,550,80,-4.7999999999999545,-217.75,217.80289828190993,-91.26280233589301,0,8,8.0,-7.998057021928461,0.9997571277410576,True,inward,left_upper,0.9643162488937378
375,390,560,80,5.2000000000000455,-217.75,217.81208070260934,-88.63200258777364,0,8,8.0,-7.997719843549207,0.9997149804436509,True,inward,right_upper,0.9685185551643372
375,390,540,90,-14.799999999999955,-207.75,208.27650491594102,-94.07483694952286,0,6,6.0,-5.984832521090552,0.9974720868484254,True,inward,left_upper,0.9622659683227539
375,390,550,90,-4.7999999999999545,-207.75,207.80544386516922,-91.32356591909029,0,8,8.0,-7.997865547152646,0.9997331933940807,True,inward,left_upper,0.963512122631073
375,390,560,90,5.2000000000000455,-207.75,207.81506802924565,-88.56618119402542,0,6,6.0,-5.998121367333099,0.9996868945555165,True,inward,right_upper,0.9671248197555542
375,390,540,100,-14.799999999999955,-197.75,198.30305721294366,-94.28014954175754,0,6,6.0,-5.98326630297939,0.9972110504965651,True,inward,left_upper,0.9661105871200562
375,390,550,100,-4.7999999999999545,-197.75,197.80824679471783,-91.3904715475041,0,8,8.0,-7.99764431278628,0.999705539098285,True,inward,left_upper,0.9670017957687378
375,390,560,100,5.2000000000000455,-197.75,197.818357338241,-88.49370715476223,0,8,8.0,-7.997235551273976,0.999654443909247,True,inward,right_upper,0.9697586894035339
375,390,970,100,415.20000000000005,-197.75,459.8870540687137,-25.467362360156542,-7,8,10.63014581273465,-9.759787670233852,0.9181235932381915,True,inward,right_upper,0.6807786822319031
375,390,550,110,-4.7999999999999545,-187.75,187.8113481661851,-91.46449984586806,0,5,5.0,-4.998366760933668,0.9996733521867336,True,inward,left_upper,0.9594346880912781
375,390,390,150,-164.79999999999995,-147.75,221.33481989962624,-138.1224627772381,-5,-3,5.830951894845301,5.725488653681732,0.9819132033559048,True,outward,left_upper,0.6552670001983643
375,390,750,150,195.20000000000005,-147.75,244.81238224403606,-37.12266117856182,6,0,6.0,4.784071742059657,0.7973452903432762,True,outward,right_upper,0.7627967000007629
375,390,720,170,165.20000000000005,-127.75,208.8327141517823,-37.71496351582341,-6,2,6.324555320336759,-5.969850102574842,0.9439161806963164,True,inward,right_upper,0.7507442235946655
375,390,110,190,-444.79999999999995,-107.75,457.6648364250851,-166.38277540433833,7,1,7.0710678118654755,-7.038666167063722,0.9954177154478164,True,inward,left_upper,0.8580517768859863
375,390,1040,210,485.20000000000005,-87.75,493.0710927442411,-10.251320396487202,-8,3,8.54400374531753,-8.406191441748053,0.9838702898924869,True,inward,right_middle,0.6511803865432739
375,390,1010,290,455.20000000000005,-7.75,455.26596896759156,-0.9753940998954628,-8,2,8.246211251235321,-8.03288681623452,0.974130612410779,True,inward,right_middle,0.6811233162879944
375,390,920,300,365.20000000000005,2.25,365.2069310678537,0.3529952705805553,4,-3,5.0,3.9814414139085565,0.7962882827817113,True,outward,right_middle,0.5515334010124207
375,390,790,310,235.20000000000005,12.25,235.5187943668191,2.981461219982191,-1,0,1.0,-0.998646416445549,0.998646416445549,True,inward,right_middle,0.7325620651245117
375,390,1030,320,475.20000000000005,22.25,475.7206139111485,2.6807674625988955,-7,-6,9.219544457292887,-7.272966314312826,0.7888639561317728,True,inward,right_middle,0.7052083015441895
375,390,970,490,415.20000000000005,192.25,457.54901649987187,24.845545660028034,5,3,5.830951894845301,5.797739486564371,0.9943041189706452,True,outward,right_lower,0.6180644631385803
375,390,760,500,205.20000000000005,202.25,288.11820924752396,44.585177086071404,8,7,10.63014581273465,10.611443157254298,0.9982406021695444,True,outward,right_lower,0.6290544867515564
375,390,280,530,-274.79999999999995,232.25,359.79869719052624,139.79683820044303,1,0,1.0,-0.763760408655631,0.763760408655631,True,inward,left_lower,0.7150130867958069
375,390,160,560,-394.79999999999995,262.25,473.96424179467374,146.40548681904957,-4,4,5.656854249492381,5.545144059915312,0.9802522418556051,True,outward,left_lower,0.6400437355041504
375,390,180,580,-374.79999999999995,282.25,469.1909019791411,143.01775543799056,-2,8,8.246211251235321,6.410183972692867,0.7773489882074742,True,outward,left_lower,0.6498287916183472
390,405,550,30,-4.7999999999999545,-267.75,267.79302175374175,-91.02704121410923,0,-3,3.0,2.9995180409841153,0.9998393469947051,True,outward,left_upper,0.9438287615776062
390,405,560,30,5.2000000000000455,-267.75,267.80049010410715,-88.88739270489401,0,-7,7.0,6.998680246146627,0.9998114637352324,True,outward,right_upper,0.9429311156272888
390,405,880,30,325.20000000000005,-267.75,421.2423322744285,-39.46597486217044,1,0,1.0,0.7720021827914024,0.7720021827914024,True,outward,right_upper,0.8857427835464478
390,405,550,40,-4.7999999999999545,-257.75,257.79469059699426,-91.06687858604278,0,-7,7.0,6.998786498751253,0.9998266426787504,True,outward,left_upper,0.9465141892433167
390,405,560,40,5.2000000000000455,-257.75,257.8024485919402,-88.84423805360119,0,-7,7.0,6.998575885738918,0.9997965551055598,True,outward,right_upper,0.9438549876213074
390,405,940,40,385.20000000000005,-257.75,463.48042299540555,-33.78778329002399,1,0,1.0,0.8311030647432944,0.8311030647432944,True,outward,right_upper,0.7576741576194763
390,405,100,50,-454.79999999999995,-247.75,517.9025994335227,-151.42088423815096,-5,-5,7.0710678118654755,6.782646010740659,0.9592109977165209,True,outward,left_upper,0.655426025390625
390,405,540,50,-14.799999999999955,-247.75,248.19166484795576,-93.41865185721998,0,-8,8.0,7.985763749214501,0.9982204686518126,True,outward,left_upper,0.9583202600479126
390,405,550,50,-4.7999999999999545,-247.75,247.79649412370628,-91.10993073006469,0,-8,8.0,7.998498957820345,0.9998123697275432,True,outward,left_upper,0.9424426555633545
390,405,560,50,5.2000000000000455,-247.75,247.80456513147615,-88.79760115268768,0,-8,8.0,7.998238446286986,0.9997798057858732,True,outward,right_upper,0.934994101524353
390,405,540,60,-14.799999999999955,-237.75,238.21020654035797,-93.56208094737228,0,-8,8.0,7.984544523190949,0.9980680653988686,True,outward,left_upper,0.9581353664398193
390,405,550,60,-4.7999999999999545,-237.75,237.79844932210975,-91.15660308794732,0,-8,8.0,7.998370071049736,0.999796258881217,True,outward,left_upper,0.9385893940925598
390,405,560,60,5.2000000000000455,-237.75,237.8068596571596,-88.74704286559611,0,-8,8.0,7.998087198754768,0.999760899844346,True,outward,right_upper,0.931901752948761
390,405,540,70,-14.799999999999955,-227.75,228.23037155470786,-93.71805454202563,0,-8,8.0,7.983161871001284,0.9978952338751605,True,outward,left_upper,0.9539999961853027
390,405,550,70,-4.7999999999999545,-227.75,227.80057616257253,-91.20737226107681,0,-8,8.0,7.99822384426152,0.99977798053269,True,outward,left_upper,0.9444523453712463
390,405,560,70,5.2000000000000455,-227.75,227.80935560244228,-88.69204699147441,0,-8,8.0,7.997915604395252,0.9997394505494065,True,outward,right_upper,0.9424384832382202
390,405,1030,70,475.20000000000005,-227.75,526.9583498721697,-25.607090239900813,7,-8,10.63014581273465,9.770032112118361,0.9190873092647616,True,outward,right_upper,0.618289589881897
390,405,1040,70,485.20000000000005,-227.75,535.9935657263061,-25.145081854858297,7,-8,10.63014581273465,9.735937768075125,0.9158799831712293,True,outward,right_upper,0.8046332597732544
390,405,540,80,-14.799999999999955,-217.75,218.2523825757694,-93.8882909927584,0,-8,8.0,7.981585261252487,0.9976981576565609,True,outward,left_upper,0.9466220140457153
390,405,550,80,-4.7999999999999545,-217.75,217.80289828190993,-91.26280233589301,0,-8,8.0,7.998057021928461,0.9997571277410576,True,outward,left_upper,0.9402521848678589
390,405,560,80,5.2000000000000455,-217.75,217.81208070260934,-88.63200258777364,0,-8,8.0,7.997719843549207,0.9997149804436509,True,outward,right_upper,0.9385792016983032
390,405,540,90,-14.799999999999955,-207.75,208.27650491594102,-94.07483694952286,0,-7,7.0,6.9823046079389774,0.9974720868484254,True,outward,left_upper,0.9483582377433777
390,405,550,90,-4.7999999999999545,-207.75,207.80544386516922,-91.32356591909029,0,-8,8.0,7.997865547152646,0.9997331933940807,True,outward,left_upper,0.9385161399841309
390,405,560,90,5.2000000000000455,-207.75,207.81506802924565,-88.56618119402542,0,-8,8.0,7.997495156444132,0.9996868945555165,True,outward,right_upper,0.939130425453186
390,405,630,90,75.20000000000005,-207.75,220.9414006020601,-70.10108512383252,-4,8,8.94427190999916,-8.883803554478321,0.9932394323283891,True,inward,right_upper,0.7055303454399109
390,405,540,100,-14.799999999999955,-197.75,198.30305721294366,-94.28014954175754,0,-8,8.0,7.977688403972521,0.9972110504965651,True,outward,left_upper,0.9479551315307617
390,405,550,100,-4.7999999999999545,-197.75,197.80824679471783,-91.3904715475041,0,-8,8.0,7.99764431278628,0.999705539098285,True,outward,left_upper,0.9368825554847717
390,405,560,100,5.2000000000000455,-197.75,197.818357338241,-88.49370715476223,0,-8,8.0,7.997235551273976,0.999654443909247,True,outward,right_upper,0.9396435618400574
390,405,610,100,55.200000000000045,-197.75,205.30977205189237,-74.40343837554943,1,3,3.1622776601683795,-2.620674089804196,0.8287299128769909,True,inward,right_upper,0.6546344757080078
390,405,540,110,-14.799999999999955,-187.75,188.33242551403623,-94.50720449216269,0,-8,8.0,7.975259681918435,0.9969074602398044,True,outward,left_upper,0.9336411952972412
390,405,550,110,-4.7999999999999545,-187.75,187.8113481661851,-91.46449984586806,0,-8,8.0,7.997386817493869,0.9996733521867336,True,outward,left_upper,0.9279506206512451
390,405,560,110,5.2000000000000455,-187.75,187.82199684807955,-88.41351847317469,0,-8,8.0,7.996933400803409,0.9996166751004262,True,outward,right_upper,0.9357360601425171
390,405,1020,110,465.20000000000005,-187.75,501.6583523674255,-21.978503040086217,1,0,1.0,0.9273243389741819,0.9273243389741819,True,outward,right_upper,0.6913398504257202
390,405,150,120,-404.79999999999995,-177.75,442.1064379761959,-156.29344678847383,-8,-2,8.246211251235321,8.129037922296677,0.985790646714139,True,outward,left_upper,0.6206813454627991
390,405,350,120,-204.79999999999995,-177.75,271.17909672391784,-139.04463610773314,7,5,8.602325267042627,-8.563897542458218,0.9955328677547647,True,inward,left_upper,0.715100884437561
390,405,360,120,-194.79999999999995,-177.75,263.70836638225944,-137.62035126431698,4,4,5.656854249492381,-5.650939408724996,0.998954393995936,True,inward,left_upper,0.7262310981750488
390,405,700,120,145.20000000000005,-177.75,229.51710720554146,-50.7553822143065,2,-1,2.23606797749979,2.039717238073908,0.9121892798422762,True,outward,right_upper,0.6998811364173889
390,405,700,130,145.20000000000005,-167.75,221.86280107309565,-49.12139533128356,0,-2,2.0,1.512195818214091,0.7560979091070456,True,outward,right_upper,0.6782986521720886
390,405,120,140,-434.79999999999995,-157.75,462.53227184705713,-160.05869743999688,-3,0,3.0,2.820127544378824,0.9400425147929413,True,outward,left_upper,0.673543393611908
390,405,130,140,-424.79999999999995,-157.75,453.144681641526,-159.62745929056487,-3,1,3.1622776601683795,2.4642240000586835,0.7792560505036338,True,outward,left_upper,0.6261603236198425
390,405,1050,140,495.20000000000005,-157.75,519.7192535398318,-17.669702479722734,7,3,7.615773105863909,5.75916704954361,0.7562156815188245,True,outward,right_upper,0.700793981552124
390,405,1050,150,495.20000000000005,-147.75,516.7718089253709,-16.613224964196778,4,-4,5.656854249492381,4.976664662393386,0.8797583326174557,True,outward,right_upper,0.8089057207107544
390,405,140,190,-414.79999999999995,-107.75,428.5663338387652,-165.43846400995017,2,2,2.8284271247461903,-2.4385956559835296,0.8621737624590055,True,inward,left_upper,0.8105120658874512
390,405,1050,190,495.20000000000005,-107.75,506.7870386069478,-12.275581216134741,-7,0,7.0,-6.839953937118071,0.977136276731153,True,inward,right_upper,0.724823534488678
390,405,820,210,265.20000000000005,-87.75,279.34047773281986,-18.3084682788947,-5,4,6.4031242374328485,-6.003426404976641,0.9375776858865923,True,inward,right_middle,0.7051994204521179
390,405,190,220,-364.79999999999995,-77.75,372.99343492882014,-167.96854188872973,7,7,9.899494936611665,-8.305374062659238,0.8389694742853162,True,inward,left_middle,0.6081061363220215
390,405,410,220,-144.79999999999995,-77.75,164.3535898603982,-151.76653572495144,1,0,1.0,-0.8810273029204471,0.8810273029204471,True,inward,left_middle,0.6242132782936096
390,405,720,220,165.20000000000005,-77.75,182.5817693528026,-25.203628999638276,-2,2,2.8284271247461903,-2.6612733665708754,0.9409022220467093,True,inward,right_middle,0.6374958753585815
390,405,820,240,265.20000000000005,-57.75,271.4150005066043,-12.284953508050641,2,0,2.0,1.9542029696589813,0.9771014848294907,True,outward,right_middle,0.6335633397102356
390,405,990,240,435.20000000000005,-57.75,439.0149228670935,-7.55885237678723,8,4,8.94427190999916,7.404304115156651,0.8278263663785851,True,outward,right_middle,0.6031988263130188
390,405,990,250,435.20000000000005,-47.75,437.8117203776071,-6.261428254051539,7,3,7.615773105863909,6.631046783069375,0.8706990992107781,True,outward,right_middle,0.6324319839477539
390,405,990,260,435.20000000000005,-37.75,436.8341819271931,-4.957526082337139,7,-3,7.615773105863909,7.233064926513965,0.9497479541433199,True,outward,right_middle,0.5804756879806519
390,405,170,270,-384.79999999999995,-27.75,385.7993033949128,-175.87523339385763,3,-2,3.605551275463989,-2.8483721726037987,0.7899963015329047,True,inward,left_middle,0.5810158848762512
390,405,790,270,235.20000000000005,-27.75,236.83137988873017,-6.728917026677818,5,-3,5.830951894845301,5.317074116578767,0.9118706880911136,True,outward,right_middle,0.7446666359901428
390,405,770,280,215.20000000000005,-17.75,215.93078173340646,-4.715163454913183,-3,0,3.0,-2.9898470001237434,0.9966156667079145,True,inward,right_middle,0.7464850544929504
390,405,150,290,-404.79999999999995,-7.75,404.8741810735774,-178.90319157623497,-8,-2,8.246211251235321,8.036817737727443,0.9746073066614065,True,outward,left_middle,0.559932291507721
390,405,150,300,-404.79999999999995,2.25,404.80625303964854,179.6815361256745,-7,-2,7.280109889280518,6.988775441971507,0.9599821360199546,True,outward,left_middle,0.631804347038269
390,405,930,300,375.20000000000005,2.25,375.2067463412672,0.34358730970290646,-4,-1,4.123105625617661,-4.005924772559685,0.9715794685612932,True,inward,right_middle,0.6778954863548279
390,405,150,310,-404.79999999999995,12.25,404.9853114620331,178.26665226572823,-6,-2,6.324555320336759,5.936758524204896,0.9386839427453668,True,outward,left_middle,0.7098615169525146
390,405,150,320,-404.79999999999995,22.25,405.41102908036424,176.8538795014036,-4,0,4.0,3.993971263369422,0.9984928158423555,True,outward,left_middle,0.7483448386192322
390,405,750,320,195.20000000000005,22.25,196.4639979741836,6.502830743917231,3,0,3.0,2.9806987847053334,0.9935662615684445,True,outward,right_middle,0.5991527438163757
390,405,900,340,345.20000000000005,42.25,347.77593720670217,6.977886971173272,2,-1,2.23606797749979,1.8636999592492487,0.8334719597089816,True,outward,right_middle,0.657383382320404
390,405,940,340,385.20000000000005,42.25,387.5101321256001,6.259368183843615,-6,2,6.324555320336759,-5.746172333058586,0.908549620015439,True,inward,right_middle,0.5661323666572571
390,405,170,350,-384.79999999999995,52.25,388.33117631732836,172.26739462796354,-2,1,2.23606797749979,2.1163636867734197,0.9464666137474878,True,outward,left_middle,0.732174277305603
390,405,810,360,255.20000000000005,62.25,262.6825127411416,13.708253114174418,1,0,1.0,0.9715149948009096,0.9715149948009096,True,outward,right_middle,0.7835236191749573
390,405,1000,360,445.20000000000005,62.25,449.53098057864713,7.9597647827904945,5,-2,5.385164807134504,4.674872457722265,0.8681020219713217,True,outward,right_middle,0.6455563306808472
390,405,890,400,335.20000000000005,102.25,350.4484305857283,16.963895217908725,-4,1,4.123105625617661,-3.5341861794898817,0.8571660540373481,True,inward,right_middle,0.5986414551734924
390,405,790,410,235.20000000000005,112.25,260.6129361716337,25.51296856142308,2,3,3.605551275463989,3.0971217770572586,0.8589870287335458,True,outward,right_lower,0.6859351396560669
390,405,990,410,435.20000000000005,112.25,449.44310262813025,14.462927659157764,8,-4,8.94427190999916,6.74746143008268,0.7543891216611408,True,outward,right_lower,0.642153263092041
390,405,760,440,205.20000000000005,142.25,249.68400529469247,34.730710769170074,1,3,3.1622776601683795,2.5309991292959824,0.8003722004478304,True,outward,right_lower,0.6499133706092834
390,405,180,490,-374.79999999999995,192.25,421.23046245493686,152.84488733440978,-8,7,10.63014581273465,10.31300057142647,0.9701654853192843,True,outward,left_lower,0.644809901714325
390,405,220,490,-334.79999999999995,192.25,386.07136969736564,150.134548503915,-8,6,10.0,9.92536691597659,0.9925366915976589,True,outward,left_lower,0.797859251499176
390,405,230,490,-324.79999999999995,192.25,377.4322488871347,149.378595181658,8,-8,11.313708498984761,-10.959317896645675,0.9686760002371559,True,inward,left_lower,0.6851587295532227
390,405,470,490,-84.79999999999995,192.25,210.1216373912977,113.8019078293138,0,4,4.0,3.6597849205217003,0.9149462301304251,True,outward,left_lower,0.7610799074172974
390,405,200,510,-354.79999999999995,212.25,413.440567071012,149.1111088014337,-1,1,1.4142135623730951,1.3715393339778488,0.9698247637198177,True,outward,left_lower,0.8946014046669006
390,405,240,510,-314.79999999999995,212.25,379.66972818490547,146.01066949049147,-8,6,10.0,9.98736459218914,0.998736459218914,True,outward,left_lower,0.6758798956871033
390,405,930,510,375.20000000000005,212.25,431.0743584348297,29.49676709668407,4,0,4.0,3.4815339178354137,0.8703834794588534,True,outward,right_lower,0.5528401732444763
390,405,150,520,-404.79999999999995,222.25,461.7987684045941,151.23160428360285,6,-5,7.810249675906654,-7.6657848444031975,0.9815031737142659,True,inward,left_lower,0.6613279581069946
390,405,530,520,-24.799999999999955,222.25,223.62938648576576,96.36707058176304,-2,8,8.246211251235321,8.172450091286766,0.9910551454842361,True,outward,left_lower,0.6774252653121948
390,405,900,520,345.20000000000005,222.25,410.5582814899732,32.774636216604286,-1,0,1.0,-0.8408063253461144,0.8408063253461144,True,inward,right_lower,0.6432828903198242
390,405,710,540,155.20000000000005,242.25,287.7014120577096,57.35391877163188,-1,-4,4.123105625617661,-3.9075234005959567,0.9477136303076377,True,inward,right_lower,0.6720880270004272
390,405,970,540,415.20000000000005,242.25,480.70375752640007,30.261584916666784,2,1,2.23606797749979,2.231415883910769,0.9979195204994518,True,outward,right_lower,0.785808265209198
390,405,750,560,195.20000000000005,262.25,326.92216581321003,53.338660033372044,7,2,7.280109889280518,5.7839455311830505,0.7944860200118036,True,outward,right_lower,0.6796205043792725
390,405,780,560,225.20000000000005,262.25,345.67340438627906,49.34656844832086,-2,-5,5.385164807134504,-5.096284462866608,0.94635626677847,True,inward,right_lower,0.6355310678482056
405,420,100,20,-454.79999999999995,-277.75,532.9053410315944,-148.58725363028674,7,1,7.0710678118654755,-6.495243589226452,0.9185661574800948,True,inward,left_upper,0.5943077802658081
405,420,150,60,-404.79999999999995,-237.75,469.45511233769724,-149.57313039105287,-5,-2,5.385164807134504,5.324257707096845,0.9886898354611235,True,outward,left_upper,0.6653191447257996
405,420,1030,70,475.20000000000005,-227.75,526.9583498721697,-25.607090239900813,8,0,8.0,7.214232397915694,0.9017790497394618,True,outward,right_upper,0.5654429197311401
405,420,710,100,155.20000000000005,-197.75,251.38039402467334,-51.874137142502484,0,-1,1.0,0.7866564167314917,0.7866564167314917,True,outward,right_upper,0.7640028595924377
405,420,760,100,205.20000000000005,-197.75,284.9773719087184,-43.94079927975529,4,-1,4.123105625617661,3.574143424714625,0.8668571094826613,True,outward,right_upper,0.722945511341095
405,420,390,110,-164.79999999999995,-187.75,249.81813885304643,-131.2754632329703,-2,-4,4.47213595499958,4.325546595460206,0.9672216227291802,True,outward,left_upper,0.6864778399467468
405,420,680,110,125.20000000000005,-187.75,225.66590903368638,-56.30289065269352,5,-8,9.433981132056603,9.429869177458887,0.9995641336843738,True,outward,right_upper,0.6598923802375793
405,420,770,190,215.20000000000005,-107.75,240.66803381421477,-26.59699158788047,5,-1,5.0990195135927845,4.918600867923339,0.9646169925044429,True,outward,right_upper,0.7387734651565552
405,420,150,200,-404.79999999999995,-97.75,416.4349919255105,-166.42426192333158,7,7,9.899494936611665,-8.447536994271731,0.8533300989962523,True,inward,left_upper,0.8204153180122375
405,420,790,270,235.20000000000005,-27.75,236.83137988873017,-6.728917026677818,7,-7,9.899494936611665,7.7719852870206125,0.7850890713906216,True,outward,right_middle,0.7656494975090027
405,420,130,290,-424.79999999999995,-7.75,424.8706891514169,-178.95481865306522,8,2,8.246211251235321,-8.035150663884329,0.9744051442631457,True,inward,left_middle,0.6650968194007874
405,420,410,300,-144.79999999999995,2.25,144.81747995321555,179.10977120275535,-4,1,4.123105625617661,4.015053985111755,0.9737936278336989,True,outward,left_middle,0.7063223719596863
405,420,950,300,395.20000000000005,2.25,395.2064049329161,0.32619967370235187,7,5,8.602325267042627,7.028352691985066,0.8170294047020297,True,outward,right_middle,0.7011052966117859
405,420,980,310,425.20000000000005,12.25,425.3764244760163,1.6502333192688168,-5,2,5.385164807134504,-4.940330208917084,0.9173962888511632,True,inward,right_middle,0.6889244318008423
405,420,990,310,435.20000000000005,12.25,435.3723722286476,1.6123346055633638,8,2,8.246211251235321,8.053106314607113,0.9765825867486381,True,outward,right_middle,0.5923174619674683
405,420,1010,320,455.20000000000005,22.25,455.7434612805762,2.798368331692729,8,2,8.246211251235321,8.088102876215862,0.9808265432205883,True,outward,right_middle,0.7220619916915894
405,420,400,330,-154.79999999999995,32.25,158.12369367049325,168.23171106797935,-1,0,1.0,0.978980419737605,0.978980419737605,True,outward,left_middle,0.7648968696594238
405,420,960,330,405.20000000000005,32.25,406.48136796168166,4.550597166336215,-2,-1,2.23606797749979,-2.0730347475100883,0.927089323030334,True,inward,right_middle,0.5612582564353943
405,420,940,340,385.20000000000005,42.25,387.5101321256001,6.259368183843615,-7,2,7.280109889280518,-6.740210857643922,0.9258391645390461,True,inward,right_middle,0.6160876154899597
405,420,1030,390,475.20000000000005,92.25,484.0713816163893,10.986112920063299,-7,-8,10.63014581273465,-8.396282354945958,0.7898558028138637,True,inward,right_middle,0.751164972782135
405,420,900,410,345.20000000000005,112.25,362.991876630869,18.01316845847024,2,0,2.0,1.9019709377741159,0.9509854688870579,True,outward,right_lower,0.7590551376342773
405,420,880,420,325.20000000000005,122.25,347.41920283714893,20.602370565606357,-4,-7,8.06225774829855,-6.2073425486813765,0.7699260855299953,True,inward,right_lower,0.654536783695221
405,420,900,420,345.20000000000005,122.25,366.20773134929857,19.501219501077028,2,0,2.0,1.885268772060627,0.9426343860303135,True,outward,right_lower,0.7590287923812866
405,420,770,430,215.20000000000005,132.25,252.5888012165227,31.57258029760732,3,1,3.1622776601683795,3.0795110323723973,0.9738268941913294,True,outward,right_lower,0.6464254856109619
405,420,340,440,-214.79999999999995,142.25,257.6317187382019,146.48572368860547,4,-3,5.0,-4.991427322296234,0.9982854644592468,True,inward,left_lower,0.7035190463066101
405,420,1010,470,455.20000000000005,172.25,486.7002183069163,20.72689797611872,5,5,7.0710678118654755,6.445959713997149,0.9115963650045364,True,outward,right_lower,0.6280035376548767
405,420,170,480,-384.79999999999995,182.25,425.77705727293477,154.65670438478912,-5,7,8.602325267042627,7.515083176379023,0.8736106742174626,True,outward,left_lower,0.7168190479278564
405,420,210,480,-344.79999999999995,182.25,390.00269550350544,152.14053485259168,-5,6,7.810249675906654,7.22430904320423,0.9249779895628747,True,outward,left_lower,0.5882203578948975
405,420,180,490,-374.79999999999995,192.25,421.23046245493686,152.84488733440978,-8,7,10.63014581273465,10.31300057142647,0.9701654853192843,True,outward,left_lower,0.6803418397903442
405,420,970,490,415.20000000000005,192.25,457.54901649987187,24.845545660028034,7,5,8.602325267042627,8.452974130698593,0.9826382830562999,True,outward,right_lower,0.678583562374115
405,420,980,490,425.20000000000005,192.25,466.6423710937532,24.32963672063364,-4,-8,8.94427190999916,-6.940647057849988,0.7759879314593244,True,inward,right_lower,0.6538230180740356
405,420,510,510,-44.799999999999955,212.25,216.92649100559385,101.9185849626602,-2,-4,4.47213595499958,-3.5007250450587777,0.7827859171287441,True,inward,left_lower,0.7792308330535889
405,420,1000,520,445.20000000000005,222.25,497.5923055072295,26.52900476502778,-7,0,7.0,-6.262958581771563,0.894708368824509,True,inward,right_lower,0.7371390461921692
405,420,800,540,245.20000000000005,242.25,344.6855124602716,44.65325574705996,-2,-2,2.8284271247461903,-2.828375329851924,0.9999816877395167,True,inward,right_lower,0.7578754425048828
405,420,810,540,255.20000000000005,242.25,351.86943956530246,43.50876912608321,-4,-2,4.47213595499958,-4.278007211594276,0.9565914933359128,True,inward,right_lower,0.7197562456130981
420,435,540,30,-14.799999999999955,-267.75,268.1587263170826,-93.16383001636795,0,8,8.0,-7.987806436204525,0.9984758045255656,True,inward,left_upper,0.9184650182723999
420,435,550,30,-4.7999999999999545,-267.75,267.79302175374175,-91.02704121410923,0,7,7.0,-6.998875428962935,0.999839346994705,True,inward,left_upper,0.9204689860343933
420,435,540,40,-14.799999999999955,-257.75,258.1745581965814,-93.28631399975535,0,8,8.0,-7.986844305665219,0.9983555382081524,True,inward,left_upper,0.9126668572425842
420,435,550,40,-4.7999999999999545,-257.75,257.79469059699426,-91.06687858604278,0,5,5.0,-4.999133213393752,0.9998266426787504,True,inward,left_upper,0.9110398292541504
420,435,780,40,225.20000000000005,-257.75,342.27197153725575,-48.85580575691054,4,-1,4.123105625617661,3.384881311772541,0.8209543046245559,True,outward,right_upper,0.8589800000190735
420,435,540,50,-14.799999999999955,-247.75,248.19166484795576,-93.41865185721998,0,8,8.0,-7.985763749214501,0.9982204686518126,True,inward,left_upper,0.9168740510940552
420,435,550,50,-4.7999999999999545,-247.75,247.79649412370628,-91.10993073006469,0,8,8.0,-7.998498957820345,0.9998123697275432,True,inward,left_upper,0.9105629324913025
420,435,560,50,5.2000000000000455,-247.75,247.80456513147615,-88.79760115268768,0,8,8.0,-7.998238446286986,0.9997798057858732,True,inward,right_upper,0.9324813485145569
420,435,540,60,-14.799999999999955,-237.75,238.21020654035797,-93.56208094737228,-1,-8,8.06225774829855,8.046674522635337,0.9980671387408198,True,outward,left_upper,0.9270185232162476
420,435,550,60,-4.7999999999999545,-237.75,237.79844932210975,-91.15660308794732,0,8,8.0,-7.998370071049736,0.999796258881217,True,inward,left_upper,0.9225671887397766
420,435,560,60,5.2000000000000455,-237.75,237.8068596571596,-88.74704286559611,0,8,8.0,-7.998087198754768,0.999760899844346,True,inward,right_upper,0.9505418539047241
420,435,540,70,-14.799999999999955,-227.75,228.23037155470786,-93.71805454202563,-1,-8,8.06225774829855,8.04800863043642,0.9982326144478405,True,outward,left_upper,0.925067126750946
420,435,550,70,-4.7999999999999545,-227.75,227.80057616257253,-91.20737226107681,-1,-8,8.06225774829855,8.01929490598076,0.9946711152559149,True,outward,left_upper,0.9160302877426147
420,435,560,70,5.2000000000000455,-227.75,227.80935560244228,-88.69204699147441,0,8,8.0,-7.997915604395252,0.9997394505494065,True,inward,right_upper,0.9454778432846069
420,435,1010,70,455.20000000000005,-227.75,508.99617140013936,-26.580153521633495,4,-7,8.06225774829855,6.709382490257107,0.8321964764365227,True,outward,right_upper,0.7028385996818542
420,435,1020,70,465.20000000000005,-227.75,517.9585914916365,-26.08518581723302,4,-8,8.94427190999916,7.110220895060617,0.7949468628197468,True,outward,right_upper,0.566467821598053
420,435,540,80,-14.799999999999955,-217.75,218.2523825757694,-93.8882909927584,-1,-5,5.0990195135927845,5.056302190043158,0.9916224436019999,True,outward,left_upper,0.9158501029014587
420,435,550,80,-4.7999999999999545,-217.75,217.80289828190993,-91.26280233589301,0,8,8.0,-7.998057021928461,0.9997571277410576,True,inward,left_upper,0.9106222987174988
420,435,560,80,5.2000000000000455,-217.75,217.81208070260934,-88.63200258777364,0,8,8.0,-7.997719843549207,0.9997149804436509,True,inward,right_upper,0.9430940747261047
420,435,440,90,-114.79999999999995,-207.75,237.35859474643001,-118.92447989260062,-3,-2,3.605551275463989,3.2014850813040936,0.8879322014057622,True,outward,left_upper,0.7415034174919128
420,435,540,90,-14.799999999999955,-207.75,208.27650491594102,-94.07483694952286,-1,-6,6.082762530298219,6.055891904413568,0.9955824963163022,True,outward,left_upper,0.92277991771698
420,435,550,90,-4.7999999999999545,-207.75,207.80544386516922,-91.32356591909029,0,8,8.0,-7.997865547152646,0.9997331933940807,True,inward,left_upper,0.9065930843353271
420,435,560,90,5.2000000000000455,-207.75,207.81506802924565,-88.56618119402542,0,8,8.0,-7.997495156444132,0.9996868945555165,True,inward,right_upper,0.943405032157898
420,435,540,100,-14.799999999999955,-197.75,198.30305721294366,-94.28014954175754,-1,-8,8.06225774829855,8.05232164567846,0.998767578148666,True,outward,left_upper,0.933151364326477
420,435,550,100,-4.7999999999999545,-197.75,197.80824679471783,-91.3904715475041,-1,-8,8.06225774829855,8.021910237376277,0.9949955071914208,True,outward,left_upper,0.9085886478424072
420,435,560,100,5.2000000000000455,-197.75,197.818357338241,-88.49370715476223,0,6,6.0,-5.997926663455482,0.9996544439092471,True,inward,right_upper,0.9373543858528137
420,435,710,100,155.20000000000005,-197.75,251.38039402467334,-51.874137142502484,0,-1,1.0,0.7866564167314917,0.7866564167314917,True,outward,right_upper,0.7625986337661743
420,435,540,110,-14.799999999999955,-187.75,188.33242551403623,-94.50720449216269,-1,-8,8.06225774829855,8.053844131513904,0.9989564192751812,True,outward,left_upper,0.9299776554107666
420,435,550,110,-4.7999999999999545,-187.75,187.8113481661851,-91.46449984586806,-1,-8,8.06225774829855,8.022944378561759,0.9951237766188897,True,outward,left_upper,0.910739004611969
420,435,720,150,165.20000000000005,-147.75,221.63281007107233,-41.80850904260131,-3,6,6.708203932499369,-6.2359900574143055,0.9296065116927469,True,inward,right_upper,0.6592841744422913
420,435,990,170,435.20000000000005,-127.75,453.5626775871225,-16.359242648880986,-8,8,11.313708498984761,-9.929388423135691,0.8776422358793059,True,inward,right_upper,0.6422910094261169
420,435,120,180,-434.79999999999995,-117.75,450.4620988496146,-164.84695503608265,-5,2,5.385164807134504,4.303358717527004,0.7991136523483413,True,outward,left_upper,0.7106013298034668
420,435,750,190,195.20000000000005,-107.75,222.9643525319687,-28.898607611475366,-6,-1,6.082762530298219,-4.769596520356421,0.7841168378017516,True,inward,right_upper,0.6009204387664795
420,435,970,190,415.20000000000005,-107.75,428.9534968968082,-14.54810303250895,-8,-3,8.54400374531753,-6.989918538235632,0.8181080845225985,True,inward,right_upper,0.6996495127677917
420,435,1050,190,495.20000000000005,-107.75,506.7870386069478,-12.275581216134741,-8,5,9.433981132056603,-8.880160022187084,0.9412950797635541,True,inward,right_upper,0.6854356527328491
420,435,150,200,-404.79999999999995,-97.75,416.4349919255105,-166.42426192333158,5,1,5.0990195135927845,-5.0950329370484955,0.9992181680157015,True,inward,left_upper,0.7925791144371033
420,435,170,210,-384.79999999999995,-87.75,394.6784799048461,-167.15390915236708,-8,-4,8.94427190999916,8.689098024363531,0.9714706922817989,True,outward,left_middle,0.6870594024658203
420,435,180,240,-374.79999999999995,-57.75,379.22302474928915,-171.24062774019694,7,-4,8.06225774829855,-6.309216065089371,0.7825619400993303,True,inward,left_middle,0.6822895407676697
420,435,190,240,-364.79999999999995,-57.75,369.3427980887132,-171.00438878209383,7,-4,8.06225774829855,-6.288467006853967,0.7799883361681259,True,inward,left_middle,0.6431877613067627
420,435,990,250,435.20000000000005,-47.75,437.8117203776071,-6.261428254051539,8,3,8.54400374531753,7.62508138685898,0.8924482729818374,True,outward,right_middle,0.5725285410881042
420,435,1030,250,475.20000000000005,-47.75,477.59303020458754,-5.738048793063666,-1,0,1.0,-0.9949893946242004,0.9949893946242004,True,inward,right_middle,0.7787625193595886
420,435,990,260,435.20000000000005,-37.75,436.8341819271931,-4.957526082337139,4,-2,4.47213595499958,4.1578705951695,0.9297281292446511,True,outward,right_middle,0.5601704716682434
420,435,230,280,-324.79999999999995,-17.75,325.28464842349996,-176.87195360816727,4,-1,4.123105625617661,-3.9394727239990535,0.9554624794286957,True,inward,left_middle,0.7589507102966309
420,435,750,310,195.20000000000005,12.25,195.5840036915085,3.590953208853994,2,2,2.8284271247461903,2.121339128809405,0.7500066415887465,True,outward,right_middle,0.6316229104995728
420,435,100,350,-454.79999999999995,52.25,457.791549179318,173.44626914619192,-1,0,1.0,0.9934652590580123,0.9934652590580123,True,outward,left_middle,0.7616721987724304
420,435,200,360,-354.79999999999995,62.25,360.219519876422,170.0486861837665,1,-1,1.4142135623730951,-1.1577662424931174,0.818664361095752,True,inward,left_middle,0.7049757242202759
420,435,1010,400,455.20000000000005,102.25,466.54271240691355,12.660015121253961,-4,-1,4.123105625617661,-4.12191627660178,0.9997115404930471,True,inward,right_middle,0.7573163509368896
420,435,730,410,175.20000000000005,112.25,208.07475219257145,32.64753842632695,8,6,10.0,9.972858206648313,0.9972858206648313,True,outward,right_lower,0.6334790587425232
420,435,790,410,235.20000000000005,112.25,260.6129361716337,25.51296856142308,3,4,5.0,4.4303249752714,0.88606499505428,True,outward,right_lower,0.694107174873352
420,435,1010,410,455.20000000000005,112.25,468.83590146233473,13.852475528727762,-4,-1,4.123105625617661,-4.1230844181741855,0.9999948564394413,True,inward,right_lower,0.708950400352478
420,435,200,420,-354.79999999999995,122.25,375.2707056246197,160.9880812015588,8,-3,8.54400374531753,-8.540901146720698,0.9996368683009376,True,inward,left_lower,0.5987546443939209
420,435,210,420,-344.79999999999995,122.25,365.8307019647203,160.47786713754942,4,-3,5.0,-4.7725628019279105,0.9545125603855821,True,inward,left_lower,0.7107081413269043
420,435,1010,420,455.20000000000005,122.25,471.33014172658216,15.032822066749853,3,4,5.0,3.93482155248168,0.786964310496336,True,outward,right_lower,0.6090759634971619
420,435,990,430,435.20000000000005,132.25,454.8506375723794,16.90314938500758,-8,-1,8.06225774829855,-7.94513561482023,0.9854727872594948,True,inward,right_lower,0.6614941954612732
420,435,1000,430,445.20000000000005,132.25,464.4277150429333,16.544447041851626,-7,-1,7.0710678118654755,-6.9949529168380575,0.9892357283153621,True,inward,right_lower,0.6185677647590637
420,435,920,440,365.20000000000005,142.25,391.92614419045844,21.28154022914103,1,0,1.0,0.9318082128823978,0.9318082128823978,True,outward,right_lower,0.5688140392303467
420,435,180,490,-374.79999999999995,192.25,421.23046245493686,152.84488733440978,-4,4,5.656854249492381,5.384700780615199,0.9518896091583757,True,outward,left_lower,0.6535322666168213
420,435,980,490,425.20000000000005,192.25,466.6423710937532,24.32963672063364,-2,0,2.0,-1.8223805909582653,0.9111902954791327,True,inward,right_lower,0.7325021028518677
420,435,960,500,405.20000000000005,202.25,452.8709556816379,26.52544515399895,4,8,8.94427190999916,7.151706152418466,0.799585055595558,True,outward,right_lower,0.5693643689155579
420,435,220,530,-334.79999999999995,232.25,407.4691430034917,145.2510426203244,3,-8,8.54400374531753,-7.0248264172864525,0.8221937427328903,True,inward,left_lower,0.6298230886459351
420,435,910,530,355.20000000000005,232.25,424.3902714483451,33.17894626322946,-2,-1,2.23606797749979,-2.22118663743859,0.9933448624053732,True,inward,right_lower,0.6880312561988831
420,435,540,550,-14.799999999999955,252.25,252.6837994411197,93.35780581247518,-1,4,4.123105625617661,4.051704154617026,0.9826825996023475,True,outward,left_lower,0.650054931640625
420,435,230,560,-324.79999999999995,262.25,417.4567073362218,141.08190163509082,4,-7,8.06225774829855,-7.509640987694311,0.9314563267689052,True,inward,left_lower,0.6091942191123962
420,435,780,560,225.20000000000005,262.25,345.67340438627906,49.34656844832086,-8,-7,10.63014581273465,-10.522504635431476,0.9898739698213526,True,inward,right_lower,0.6308120489120483
435,450,540,40,-14.799999999999955,-257.75,258.1745581965814,-93.28631399975535,0,-3,3.0,2.995066614624457,0.9983555382081524,True,outward,left_upper,0.9798372983932495
435,450,550,40,-4.7999999999999545,-257.75,257.79469059699426,-91.06687858604278,0,-6,6.0,5.998959856072503,0.9998266426787504,True,outward,left_upper,0.9765764474868774
435,450,560,40,5.2000000000000455,-257.75,257.8024485919402,-88.84423805360119,0,-5,5.0,4.998982775527799,0.9997965551055599,True,outward,right_upper,0.9726994633674622
435,450,640,40,85.20000000000005,-257.75,271.4665771324345,-71.70854895608568,3,-4,5.0,4.739441641732324,0.9478883283464649,True,outward,right_upper,0.7220445275306702
435,450,650,40,95.20000000000005,-257.75,274.76918040420765,-69.72828360646622,-1,-3,3.1622776601683795,2.4677076191825216,0.7803576675968186,True,outward,right_upper,0.62690269947052
435,450,550,50,-4.7999999999999545,-247.75,247.79649412370628,-91.10993073006469,0,-8,8.0,7.998498957820345,0.9998123697275432,True,outward,left_upper,0.9691802859306335
435,450,550,60,-4.7999999999999545,-237.75,237.79844932210975,-91.15660308794732,0,-3,3.0,2.999388776643651,0.9997962588812169,True,outward,left_upper,0.9698824882507324
435,450,560,60,5.2000000000000455,-237.75,237.8068596571596,-88.74704286559611,0,-3,3.0,2.999282699533038,0.999760899844346,True,outward,right_upper,0.9658969640731812
435,450,140,70,-414.79999999999995,-227.75,473.2114775657919,-151.230581746208,-1,-2,2.23606797749979,1.8391354421005137,0.8224863736731755,True,outward,left_upper,0.7428649663925171
435,450,550,70,-4.7999999999999545,-227.75,227.80057616257253,-91.20737226107681,0,-7,7.0,6.99844586372883,0.99977798053269,True,outward,left_upper,0.9778459072113037
435,450,560,70,5.2000000000000455,-227.75,227.80935560244228,-88.69204699147441,0,-7,7.0,6.998176153845845,0.9997394505494065,True,outward,right_upper,0.976937472820282
435,450,800,70,245.20000000000005,-227.75,334.65370534329963,-42.886968950637176,-4,1,4.123105625617661,-3.611345043259649,0.8758798272888418,True,inward,right_upper,0.8642055988311768
435,450,400,80,-154.79999999999995,-217.75,267.166806508593,-125.40928759482186,5,5,7.0710678118654755,-6.972235901394012,0.9860230571816013,True,inward,left_upper,0.6558462381362915
435,450,550,80,-4.7999999999999545,-217.75,217.80289828190993,-91.26280233589301,0,-8,8.0,7.998057021928461,0.9997571277410576,True,outward,left_upper,0.9735474586486816
435,450,560,80,5.2000000000000455,-217.75,217.81208070260934,-88.63200258777364,0,-8,8.0,7.997719843549207,0.9997149804436509,True,outward,right_upper,0.9708775281906128
435,450,540,90,-14.799999999999955,-207.75,208.27650491594102,-94.07483694952286,0,-6,6.0,5.984832521090552,0.9974720868484254,True,outward,left_upper,0.9746776223182678
435,450,550,90,-4.7999999999999545,-207.75,207.80544386516922,-91.32356591909029,0,-8,8.0,7.997865547152646,0.9997331933940807,True,outward,left_upper,0.9704632759094238
435,450,560,90,5.2000000000000455,-207.75,207.81506802924565,-88.56618119402542,0,-8,8.0,7.997495156444132,0.9996868945555165,True,outward,right_upper,0.9642738103866577
435,450,540,100,-14.799999999999955,-197.75,198.30305721294366,-94.28014954175754,0,-8,8.0,7.977688403972521,0.9972110504965651,True,outward,left_upper,0.976134717464447
435,450,550,100,-4.7999999999999545,-197.75,197.80824679471783,-91.3904715475041,0,-8,8.0,7.99764431278628,0.999705539098285,True,outward,left_upper,0.967103898525238
435,450,560,100,5.2000000000000455,-197.75,197.818357338241,-88.49370715476223,0,-8,8.0,7.997235551273976,0.999654443909247,True,outward,right_upper,0.9601244330406189
435,450,960,100,405.20000000000005,-197.75,450.87925490091027,-26.013792027006424,-3,5,5.830951894845301,-4.889002933799761,0.8384570859042337,True,inward,right_upper,0.7647979855537415
435,450,540,110,-14.799999999999955,-187.75,188.33242551403623,-94.50720449216269,0,-8,8.0,7.975259681918435,0.9969074602398044,True,outward,left_upper,0.9709964990615845
435,450,550,110,-4.7999999999999545,-187.75,187.8113481661851,-91.46449984586806,0,-8,8.0,7.997386817493869,0.9996733521867336,True,outward,left_upper,0.9608962535858154
435,450,560,110,5.2000000000000455,-187.75,187.82199684807955,-88.41351847317469,0,-8,8.0,7.996933400803409,0.9996166751004262,True,outward,right_upper,0.9527665972709656
435,450,730,140,175.20000000000005,-157.75,235.7543265774777,-41.999857579763365,-7,8,10.63014581273465,-10.555055494102328,0.9929360970249002,True,inward,right_upper,0.6261458992958069
435,450,720,170,165.20000000000005,-127.75,208.8327141517823,-37.71496351582341,-2,1,2.23606797749979,-2.193861253304455,0.9811245791183292,True,inward,right_upper,0.7659510374069214
435,450,710,180,155.20000000000005,-117.75,194.81299366315383,-37.18753435824536,2,-1,2.23606797749979,2.197748681693703,0.9828630899455335,True,outward,right_upper,0.9041042923927307
435,450,1050,180,495.20000000000005,-117.75,509.0069768677047,-13.375550891234678,5,-2,5.385164807134504,5.327038966510556,0.9892063023685106,True,outward,right_upper,0.6857850551605225
435,450,700,190,145.20000000000005,-107.75,180.8123405633587,-36.57836696582145,4,-2,4.47213595499958,4.404013561900481,0.9847673698240452,True,outward,right_upper,0.6880187392234802
435,450,710,190,155.20000000000005,-107.75,188.93676852322847,-34.770912380108115,2,-1,2.23606797749979,2.2131742977735507,0.9897616351754042,True,outward,right_upper,0.7050439119338989
435,450,760,260,205.20000000000005,-37.75,208.64348180568695,-10.423972001507442,4,-1,4.123105625617661,4.114914075291274,0.9980132572215733,True,outward,right_middle,0.7352063655853271
435,450,790,270,235.20000000000005,-27.75,236.83137988873017,-6.728917026677818,7,-5,8.602325267042627,7.537641341441799,0.8762330076404037,True,outward,right_middle,0.7820744514465332
435,450,930,270,375.20000000000005,-27.75,376.2248031430145,-4.229926038697941,-3,0,3.0,-2.9918282649007732,0.9972760883002577,True,inward,right_middle,0.7061077356338501
435,450,740,280,185.20000000000005,-17.75,186.0486562703424,-5.474639128558035,7,5,8.602325267042627,6.491043924795651,0.7545685292399077,True,outward,right_middle,0.6897324323654175
435,450,800,290,245.20000000000005,-7.75,245.32244597671863,-1.810336520132175,-6,-3,6.708203932499369,-5.902232036841066,0.8798528035569111,True,inward,right_middle,0.7372574210166931
435,450,770,350,215.20000000000005,52.25,221.45225783450488,13.647186600067084,-4,-1,4.123105625617661,-4.123010570893968,0.9999769458431766,True,inward,right_middle,0.7103558778762817
435,450,760,370,205.20000000000005,72.25,217.5479315001639,19.396937727871023,-1,0,1.0,-0.9432404095271549,0.9432404095271549,True,inward,right_middle,0.8266445398330688
435,450,770,370,215.20000000000005,72.25,227.00463101003032,18.558663136817362,-2,-1,2.23606797749979,-2.214272007419048,0.9902525458527819,True,inward,right_middle,0.7334794402122498
435,450,770,410,215.20000000000005,112.25,242.71609443957362,27.546896915384504,-1,0,1.0,-0.88663259227573,0.88663259227573,True,inward,right_lower,0.7678443193435669
435,450,900,410,345.20000000000005,112.25,362.991876630869,18.01316845847024,1,0,1.0,0.9509854688870579,0.9509854688870579,True,outward,right_lower,0.7736396193504333
435,450,900,420,345.20000000000005,122.25,366.20773134929857,19.501219501077028,2,0,2.0,1.885268772060627,0.9426343860303135,True,outward,right_lower,0.8144100904464722
435,450,460,460,-94.79999999999995,162.25,187.9151470744176,120.2970397737935,-6,6,8.48528137423857,8.20742778861367,0.967254640904606,True,outward,left_lower,0.6202886700630188
435,450,660,470,105.20000000000005,172.25,201.83434420335902,58.58590991064184,0,5,5.0,4.267113227926383,0.8534226455852766,True,outward,right_lower,0.6111491322517395
435,450,990,500,435.20000000000005,202.25,479.900096374235,24.92565306920269,7,-2,7.280109889280518,5.505104124713069,0.7561842071668413,True,outward,right_lower,0.6888729333877563
435,450,170,570,-384.79999999999995,272.25,471.3715121854523,144.7201963379242,-1,0,1.0,0.8163412299057385,0.8163412299057385,True,outward,left_lower,0.6180689930915833
435,450,170,580,-384.79999999999995,282.25,477.2170391970513,143.7400304023215,-1,1,1.4142135623730951,1.3977916654492366,0.9883879653251931,True,outward,left_lower,0.8143820762634277
435,450,180,580,-374.79999999999995,282.25,469.1909019791411,143.01775543799056,-2,4,4.47213595499958,4.003913955014237,0.8953023779471869,True,outward,left_lower,0.586901843547821
450,465,550,20,-4.7999999999999545,-277.75,277.7914730512799,-90.9900715305399,0,-2,2.0,1.9997014087522242,0.9998507043761121,True,outward,left_upper,0.949317455291748
450,465,560,20,5.2000000000000455,-277.75,277.7986726030202,-88.92744104105485,0,-2,2.0,1.9996495836170554,0.9998247918085277,True,outward,right_upper,0.9503604173660278
450,465,1010,20,455.20000000000005,-277.75,533.2467557332159,-31.390345833852482,-7,4,8.06225774829855,-8.058933230809933,0.9995876443556623,True,inward,right_upper,0.5589818954467773
450,465,540,30,-14.799999999999955,-267.75,268.1587263170826,-93.16383001636795,0,-2,2.0,1.9969516090511312,0.9984758045255656,True,outward,left_upper,0.9663990139961243
450,465,550,30,-4.7999999999999545,-267.75,267.79302175374175,-91.02704121410923,0,-8,8.0,7.99871477595764,0.999839346994705,True,outward,left_upper,0.9498614072799683
450,465,560,30,5.2000000000000455,-267.75,267.80049010410715,-88.88739270489401,0,-8,8.0,7.9984917098818595,0.9998114637352324,True,outward,right_upper,0.9438432455062866
450,465,840,30,285.20000000000005,-267.75,391.1893435409508,-43.19245927471414,-3,2,3.605551275463989,-3.5560784642242584,0.9862787109487539,True,inward,right_upper,0.7111845016479492
450,465,110,40,-444.79999999999995,-257.75,514.0837504726247,-149.9088267085372,5,1,5.0990195135927845,-4.827520803212306,0.9467547222251794,True,inward,left_upper,0.6678290367126465
450,465,540,40,-14.799999999999955,-257.75,258.1745581965814,-93.28631399975535,0,-8,8.0,7.986844305665219,0.9983555382081524,True,outward,left_upper,0.9702070355415344
450,465,550,40,-4.7999999999999545,-257.75,257.79469059699426,-91.06687858604278,0,-8,8.0,7.9986131414300035,0.9998266426787504,True,outward,left_upper,0.9550880789756775
450,465,560,40,5.2000000000000455,-257.75,257.8024485919402,-88.84423805360119,0,-8,8.0,7.998372440844478,0.9997965551055598,True,outward,right_upper,0.9460284113883972
450,465,800,40,245.20000000000005,-257.75,355.75005621925067,-46.42939228434586,-4,8,8.94427190999916,-8.553196118470058,0.9562763972893197,True,inward,right_upper,0.8715941309928894
450,465,980,40,425.20000000000005,-257.75,497.22238736806696,-31.22362868315793,3,-2,3.605551275463989,3.602211094075588,0.999073600364213,True,outward,right_upper,0.7811745405197144
450,465,280,50,-274.79999999999995,-247.75,369.9933816975649,-137.96329289504806,-1,-1,1.4142135623730951,1.4123225599401015,0.9986628593563899,True,outward,left_upper,0.6973272562026978
450,465,550,50,-4.7999999999999545,-247.75,247.79649412370628,-91.10993073006469,0,-8,8.0,7.998498957820345,0.9998123697275432,True,outward,left_upper,0.9616488218307495
450,465,560,50,5.2000000000000455,-247.75,247.80456513147615,-88.79760115268768,0,-7,7.0,6.998458640501113,0.9997798057858732,True,outward,right_upper,0.9563982486724854
450,465,550,60,-4.7999999999999545,-237.75,237.79844932210975,-91.15660308794732,0,-7,7.0,6.9985738121685195,0.999796258881217,True,outward,left_upper,0.9608851075172424
450,465,560,60,5.2000000000000455,-237.75,237.8068596571596,-88.74704286559611,0,-7,7.0,6.998326298910422,0.999760899844346,True,outward,right_upper,0.9560697078704834
450,465,990,60,435.20000000000005,-237.75,495.9073527383921,-28.647804223019484,-4,1,4.123105625617661,-3.989757338895018,0.9676582899321997,True,inward,right_upper,0.6421269774436951
450,465,110,70,-444.79999999999995,-227.75,499.7170224236913,-152.88628806163854,5,1,5.0990195135927845,-4.9062767325969805,0.9622000307153175,True,inward,left_upper,0.5733479261398315
450,465,120,70,-434.79999999999995,-227.75,490.83714458056244,-152.35427083569977,5,0,5.0,-4.429167645528863,0.8858335291057726,True,inward,left_upper,0.7976602911949158
450,465,540,70,-14.799999999999955,-227.75,228.23037155470786,-93.71805454202563,0,-8,8.0,7.983161871001284,0.9978952338751605,True,outward,left_upper,0.9712584614753723
450,465,550,70,-4.7999999999999545,-227.75,227.80057616257253,-91.20737226107681,0,-8,8.0,7.99822384426152,0.99977798053269,True,outward,left_upper,0.9626572728157043
450,465,560,70,5.2000000000000455,-227.75,227.80935560244228,-88.69204699147441,0,-8,8.0,7.997915604395252,0.9997394505494065,True,outward,right_upper,0.956321120262146
450,465,1010,70,455.20000000000005,-227.75,508.99617140013936,-26.580153521633495,5,-5,7.0710678118654755,6.708793094861116,0.948766618190756,True,outward,right_upper,0.7458103895187378
450,465,520,80,-34.799999999999955,-217.75,220.5132705757184,-99.08001428567417,-3,-5,5.830951894845301,5.410785468307242,0.927942052324339,True,outward,left_upper,0.6601555347442627
450,465,540,80,-14.799999999999955,-217.75,218.2523825757694,-93.8882909927584,0,-8,8.0,7.981585261252487,0.9976981576565609,True,outward,left_upper,0.9732125997543335
450,465,550,80,-4.7999999999999545,-217.75,217.80289828190993,-91.26280233589301,0,-8,8.0,7.998057021928461,0.9997571277410576,True,outward,left_upper,0.9656100273132324
450,465,560,80,5.2000000000000455,-217.75,217.81208070260934,-88.63200258777364,0,-8,8.0,7.997719843549207,0.9997149804436509,True,outward,right_upper,0.9581376314163208
450,465,550,90,-4.7999999999999545,-207.75,207.80544386516922,-91.32356591909029,0,-8,8.0,7.997865547152646,0.9997331933940807,True,outward,left_upper,0.9691886901855469
450,465,560,90,5.2000000000000455,-207.75,207.81506802924565,-88.56618119402542,0,-6,6.0,5.998121367333099,0.9996868945555165,True,outward,right_upper,0.9630898237228394
450,465,540,100,-14.799999999999955,-197.75,198.30305721294366,-94.28014954175754,0,-4,4.0,3.9888442019862604,0.9972110504965651,True,outward,left_upper,0.9701181054115295
450,465,550,100,-4.7999999999999545,-197.75,197.80824679471783,-91.3904715475041,0,-8,8.0,7.99764431278628,0.999705539098285,True,outward,left_upper,0.9685789346694946
450,465,560,100,5.2000000000000455,-197.75,197.818357338241,-88.49370715476223,0,-6,6.0,5.997926663455482,0.9996544439092471,True,outward,right_upper,0.9688996076583862
450,465,540,110,-14.799999999999955,-187.75,188.33242551403623,-94.50720449216269,0,-7,7.0,6.978352221678631,0.9969074602398045,True,outward,left_upper,0.9716697931289673
450,465,550,110,-4.7999999999999545,-187.75,187.8113481661851,-91.46449984586806,0,-8,8.0,7.997386817493869,0.9996733521867336,True,outward,left_upper,0.9721807837486267
450,465,560,110,5.2000000000000455,-187.75,187.82199684807955,-88.41351847317469,0,-6,6.0,5.997700050602557,0.9996166751004262,True,outward,right_upper,0.9729224443435669
450,465,360,120,-194.79999999999995,-177.75,263.70836638225944,-137.62035126431698,5,4,6.4031242374328485,-6.389634212657105,0.9978932120828017,True,inward,left_upper,0.6981832385063171
450,465,400,120,-154.79999999999995,-177.75,235.70766321865733,-131.05215293506072,5,3,5.830951894845301,-5.546064910020817,0.9511422851770857,True,inward,left_upper,0.6536471843719482
450,465,780,140,225.20000000000005,-157.75,274.95472809173515,-35.0107987029036,-8,1,8.06225774829855,-7.126082223057056,0.8838817171977585,True,inward,right_upper,0.5995637774467468
450,465,720,160,165.20000000000005,-137.75,215.09556597010553,-39.822623914617424,-2,1,2.23606797749979,-2.1764744330669497,0.9733489567256031,True,inward,right_upper,0.8035964965820312
450,465,720,170,165.20000000000005,-127.75,208.8327141517823,-37.71496351582341,-2,1,2.23606797749979,-2.193861253304455,0.9811245791183292,True,inward,right_upper,0.754458487033844
450,465,990,170,435.20000000000005,-127.75,453.5626775871225,-16.359242648880986,-4,6,7.211102550927978,-5.528012166561888,0.7665973583818334,True,inward,right_upper,0.5874764323234558
450,465,970,180,415.20000000000005,-117.75,431.5739826495569,-15.833244465811639,-7,8,10.63014581273465,-8.917126969456234,0.8388527426193664,True,inward,right_upper,0.6921094655990601
450,465,280,190,-274.79999999999995,-107.75,295.1696164919418,-158.58968806168429,3,-1,3.1622776601683795,-2.427926046445111,0.7677776297214309,True,inward,left_upper,0.738045334815979
450,465,280,200,-274.79999999999995,-97.75,291.6677947597231,-160.41885358313462,4,3,5.0,-4.774095820716527,0.9548191641433054,True,inward,left_upper,0.6262899041175842
450,465,750,200,195.20000000000005,-97.75,218.3073578695872,-26.600263164561174,-2,0,2.0,-1.7883043604660263,0.8941521802330131,True,inward,right_upper,0.7406365871429443
450,465,380,210,-174.79999999999995,-87.75,195.58911651725404,-153.34324421240171,4,5,6.4031242374328485,-5.81806401226632,0.9086289437043483,True,inward,left_middle,0.6410521864891052
450,465,950,210,395.20000000000005,-87.75,404.82477999747005,-12.51882934291434,-8,1,8.06225774829855,-8.026559046163891,0.9955721209555485,True,inward,right_middle,0.802552342414856
450,465,750,220,195.20000000000005,-77.75,210.11449854781563,-21.717858475140158,1,-1,1.4142135623730951,1.2990536202235705,0.9185696239850206,True,outward,right_middle,0.6431355476379395
450,465,820,220,265.20000000000005,-77.75,276.3622667803983,-16.33981610631114,-1,0,1.0,-0.9596100187249226,0.9596100187249226,True,inward,right_middle,0.8351048231124878
450,465,1020,220,465.20000000000005,-77.75,471.65252305060346,-9.488284496761628,2,0,2.0,1.9726386577607213,0.9863193288803607,True,outward,right_middle,0.6500311493873596
450,465,820,230,265.20000000000005,-67.75,273.71719438135415,-14.330703257415841,-1,0,1.0,-0.9688832321966314,0.9688832321966314,True,inward,right_middle,0.7731183171272278
450,465,900,230,345.20000000000005,-67.75,351.78559166060234,-11.10390811996394,6,0,6.0,5.887677179224168,0.9812795298706947,True,outward,right_middle,0.7362254858016968
450,465,730,240,175.20000000000005,-57.75,184.47249795023652,-18.243423402666135,-1,0,1.0,-0.9497350659135226,0.9497350659135226,True,inward,right_middle,0.7142013907432556
450,465,780,240,225.20000000000005,-57.75,232.48677919400066,-14.382924878033847,2,0,2.0,1.9373144639083317,0.9686572319541659,True,outward,right_middle,0.8605022430419922
450,465,930,240,375.20000000000005,-57.75,379.618364281814,-8.750178509535388,-4,0,4.0,-3.953444146042061,0.9883610365105152,True,inward,right_middle,0.5755757689476013
450,465,170,250,-384.79999999999995,-47.75,387.7513410679581,-172.92630177074594,-3,-2,3.605551275463989,3.223457581236166,0.8940262764177019,True,outward,left_middle,0.7191312909126282
450,465,990,250,435.20000000000005,-47.75,437.8117203776071,-6.261428254051539,8,4,8.94427190999916,7.516016239039693,0.8403161615242531,True,outward,right_middle,0.6583583950996399
450,465,250,280,-304.79999999999995,-17.75,305.316397365094,-176.66714971238068,-3,1,3.1622776601683795,2.9367895328851126,0.9286943932458921,True,outward,left_middle,0.6354805827140808
450,465,760,280,205.20000000000005,-17.75,205.96626544169803,-4.943834665659759,2,1,2.23606797749979,1.906380149962693,0.8525591212545649,True,outward,right_middle,0.7166113257408142
450,465,780,280,225.20000000000005,-17.75,225.89843403618366,-4.506669162331083,8,3,8.54400374531753,7.739540149800044,0.9058446579031094,True,outward,right_middle,0.681520938873291
450,465,150,290,-404.79999999999995,-7.75,404.8741810735774,-178.90319157623497,-6,-2,6.324555320336759,6.037184177856477,0.954562632797877,True,outward,left_middle,0.6381123661994934
450,465,770,290,215.20000000000005,-7.75,215.33950520050897,-2.062502209633361,-8,-3,8.54400374531753,-7.886848251177212,0.9230857670795771,True,inward,right_middle,0.7022689580917358
450,465,780,290,225.20000000000005,-7.75,225.3333142258375,-1.970990766471491,8,2,8.246211251235321,7.926479962079215,0.9612268859704256,True,outward,right_middle,0.7498422861099243
450,465,800,290,245.20000000000005,-7.75,245.32244597671863,-1.810336520132175,-6,1,6.082762530298219,-6.028596340264577,0.9910951332122796,True,inward,right_middle,0.7363989353179932
450,465,1020,290,465.20000000000005,-7.75,465.2645510889477,-0.9544308219771171,-1,0,1.0,-0.9998612593871667,0.9998612593871667,True,inward,right_middle,0.6149740219116211
450,465,150,300,-404.79999999999995,2.25,404.80625303964854,179.6815361256745,-6,-3,6.708203932499369,5.9832326744290025,0.8919276656814078,True,outward,left_middle,0.6703193187713623
450,465,200,300,-354.79999999999995,2.25,354.80713422928795,179.63665790362165,6,-2,6.324555320336759,-6.0125623027111725,0.9506695725117045,True,inward,left_middle,0.551802396774292
450,465,770,300,215.20000000000005,2.25,215.21176199269414,0.5990279123530362,-8,-3,8.54400374531753,-8.030927231842808,0.9399489362635276,True,inward,right_middle,0.7542058229446411
450,465,200,310,-354.79999999999995,12.25,355.01141178840993,178.02256312779613,8,-5,9.433981132056603,-8.167765608977714,0.8657814229905233,True,inward,left_middle,0.5872744917869568
450,465,1010,310,455.20000000000005,12.25,455.3648015602436,1.5415288594854828,-8,0,8.0,-7.997104711480924,0.9996380889351155,True,inward,right_middle,0.5849632620811462
450,465,990,330,435.20000000000005,32.25,436.3932887889089,4.238092106934803,6,3,6.708203932499369,6.2052970785026975,0.9250310725408587,True,outward,right_middle,0.6768568158149719
450,465,210,350,-344.79999999999995,52.25,348.7364370122514,171.38312119937612,-3,1,3.1622776601683795,3.1159634746220255,0.9853541685697872,True,outward,left_middle,0.5573306083679199
450,465,770,350,215.20000000000005,52.25,221.45225783450488,13.647186600067084,-4,-1,4.123105625617661,-4.123010570893968,0.9999769458431766,True,inward,right_middle,0.7018997073173523
450,465,1010,350,455.20000000000005,52.25,458.18893755742295,6.548021899745431,7,-4,8.06225774829855,6.498192679797851,0.8060016043482638,True,outward,right_middle,0.6072903871536255
450,465,320,360,-234.79999999999995,62.25,242.9117175024704,165.15138891598534,-1,1,1.4142135623730951,1.2228722560367182,0.8647012647684553,True,outward,left_middle,0.7108744978904724
450,465,810,360,255.20000000000005,62.25,262.6825127411416,13.708253114174418,2,0,2.0,1.9430299896018193,0.9715149948009096,True,outward,right_middle,0.7465788125991821
450,465,1000,360,445.20000000000005,62.25,449.53098057864713,7.9597647827904945,4,0,4.0,3.9614622282711447,0.9903655570677862,True,outward,right_middle,0.6036450266838074
450,465,230,370,-324.79999999999995,72.25,332.73879019435043,167.45905216758803,-4,0,4.0,3.904564295738246,0.9761410739345615,True,outward,left_middle,0.6191089153289795
450,465,370,370,-184.79999999999995,72.25,198.42152730991663,158.64633035487392,1,0,1.0,-0.9313505570963524,0.9313505570963524,True,inward,left_middle,0.7839383482933044
450,465,320,380,-234.79999999999995,82.25,248.7892732816268,160.6947379436732,6,-4,7.211102550927978,-6.985027839334651,0.9686490782794048,True,inward,left_middle,0.7185527086257935
450,465,380,380,-174.79999999999995,82.25,193.18411554783685,154.801244209639,-1,1,1.4142135623730951,1.3305959409294623,0.9408734128505175,True,outward,left_middle,0.7726687788963318
450,465,900,390,345.20000000000005,92.25,357.3137311943106,14.961888159502008,-8,-3,8.54400374531753,-8.503311613142897,0.9952373461684243,True,inward,right_middle,0.5656706094741821
450,465,980,390,425.20000000000005,92.25,435.09206209720725,12.240995716404003,-2,-2,2.8284271247461903,-2.3785770648437734,0.8409539860629132,True,inward,right_middle,0.6399197578430176
450,465,360,400,-194.79999999999995,102.25,220.00477835719838,152.3051388702418,-1,0,1.0,0.8854353139717898,0.8854353139717898,True,outward,left_middle,0.6163833737373352
450,465,1010,400,455.20000000000005,102.25,466.54271240691355,12.660015121253961,-5,1,5.0990195135927845,-4.659273293082925,0.9137586707919827,True,inward,right_middle,0.764507532119751
450,465,360,410,-194.79999999999995,112.25,224.82682780308932,150.04807593448484,-1,0,1.0,0.8664446405417958,0.8664446405417958,True,outward,left_lower,0.7013293504714966
450,465,740,410,185.20000000000005,112.25,216.56200613219303,31.220116851998526,-6,-3,6.708203932499369,-6.686075853564764,0.9967013407527161,True,inward,right_lower,0.7360613942146301
450,465,200,420,-354.79999999999995,122.25,375.2707056246197,160.9880812015588,2,-3,3.605551275463989,-2.8681961684391752,0.7954944887228305,True,inward,left_lower,0.5539403557777405
450,465,740,420,185.20000000000005,122.25,221.91012257218014,33.428690017549954,4,7,8.06225774829855,7.194579415730323,0.8923777483110932,True,outward,right_lower,0.7322867512702942
450,465,1010,420,455.20000000000005,122.25,471.33014172658216,15.032822066749853,8,8,11.313708498984761,9.801197909977551,0.8663116882370678,True,outward,right_lower,0.6664056181907654
450,465,840,430,285.20000000000005,132.25,314.3709631947582,24.877611194528516,3,3,4.242640687119285,3.983669443491662,0.9389598924995315,True,outward,right_lower,0.6441471576690674
450,465,910,430,355.20000000000005,132.25,379.02124280836824,20.42157948090604,-4,-7,8.06225774829855,-6.191077794514033,0.7679086910636902,True,inward,right_lower,0.7646536827087402
450,465,1000,430,445.20000000000005,132.25,464.4277150429333,16.544447041851626,7,8,10.63014581273465,8.988266343265291,0.8455449719699585,True,outward,right_lower,0.6421990394592285
450,465,1010,430,455.20000000000005,132.25,474.0222594984333,16.20025243549169,5,0,5.0,4.8014622824005215,0.9602924564801043,True,outward,right_lower,0.6950615644454956
450,465,700,440,145.20000000000005,142.25,203.26854773919158,44.41201385979006,-1,-1,1.4142135623730951,-1.4141390943020828,0.9999473431220053,True,inward,right_lower,0.7970595359802246
450,465,910,440,355.20000000000005,142.25,382.6252768702037,21.82504521060493,-3,-5,5.830951894845301,-4.643838521423019,0.7964117360543279,True,inward,right_lower,0.6583312749862671
450,465,730,450,175.20000000000005,152.25,232.1101085691875,40.99086459931173,-2,-1,2.23606797749979,-2.1655670366901316,0.9684710207743831,True,inward,right_lower,0.7280853986740112
450,465,830,450,275.20000000000005,152.25,314.5077145317743,28.95286064671767,-1,0,1.0,-0.8750182818558396,0.8750182818558396,True,inward,right_lower,0.8323478698730469
450,465,520,460,-34.799999999999955,162.25,165.9400569482848,102.10560900700602,0,1,1.0,0.9777627113299425,0.9777627113299425,True,outward,left_lower,0.7966090440750122
450,465,670,460,115.20000000000005,162.25,198.98769434314275,54.62466121023436,-3,-3,4.242640687119285,-4.182921977902115,0.9859241652496106,True,inward,right_lower,0.7783697247505188
450,465,240,470,-314.79999999999995,172.25,358.84412005772083,151.31372028441436,8,0,8.0,-7.018089078887261,0.8772611348609076,True,inward,left_lower,0.6049941778182983
450,465,250,480,-304.79999999999995,182.25,355.1311060721096,149.12340105153342,-6,1,6.082762530298219,5.662838218378017,0.9309648683754197,True,outward,left_lower,0.6768591403961182
450,465,260,480,-294.79999999999995,182.25,346.5863564827675,148.27499088543746,4,0,4.0,-3.4023266581142253,0.8505816645285563,True,inward,left_lower,0.7139565348625183
450,465,530,480,-24.799999999999955,182.25,183.92961289580316,97.74903189547949,2,-5,5.385164807134504,-5.224009254802951,0.9700741652106827,True,inward,left_lower,0.625788152217865
450,465,770,480,215.20000000000005,182.25,282.00372781224013,40.260816406011344,1,0,1.0,0.7631104796716786,0.7631104796716786,True,outward,right_lower,0.7784621715545654
450,465,180,490,-374.79999999999995,192.25,421.23046245493686,152.84488733440978,-2,2,2.8284271247461903,2.6923503903075994,0.9518896091583757,True,outward,left_lower,0.6600605249404907
450,465,220,490,-334.79999999999995,192.25,386.07136969736564,150.134548503915,-2,3,3.605551275463989,3.2282891139454115,0.8953663024886455,True,outward,left_lower,0.8152759671211243
450,465,970,490,415.20000000000005,192.25,457.54901649987187,24.845545660028034,3,0,3.0,2.72233128054456,0.9074437601815201,True,outward,right_lower,0.6725913286209106
450,465,220,500,-334.79999999999995,202.25,391.14716220369024,148.86416195545297,-2,0,2.0,1.7118876594362331,0.8559438297181166,True,outward,left_lower,0.6437538266181946
450,465,250,500,-304.79999999999995,202.25,365.79789843573457,146.43374225296483,6,-1,6.082762530298219,-5.55238291057822,0.9128061276306315,True,inward,left_lower,0.6957218050956726
450,465,290,500,-264.79999999999995,202.25,333.20279485622564,142.62798826550195,1,0,1.0,-0.7947112211776587,0.7947112211776587,True,inward,left_lower,0.8594188690185547
450,465,970,500,415.20000000000005,202.25,461.83991003376923,25.971391271293133,2,3,3.605551275463989,3.1117925687602814,0.8630559742517689,True,outward,right_lower,0.7151305079460144
450,465,940,510,385.20000000000005,212.25,439.80575541936696,28.855311934009556,-3,-1,3.1622776601683795,-3.1101230103178557,0.9835072515903784,True,inward,right_lower,0.6215898990631104
450,465,530,520,-24.799999999999955,222.25,223.62938648576576,96.36707058176304,1,8,8.06225774829855,7.839756784878507,0.9724021520563518,True,outward,left_lower,0.6750129461288452
450,465,200,530,-354.79999999999995,232.25,424.0555417631044,146.79147700363634,3,-6,6.708203932499369,-5.796174693958104,0.864042708343624,True,inward,left_lower,0.6716194152832031
450,465,230,530,-324.79999999999995,232.25,399.2932537621942,144.43313094626097,-4,8,8.94427190999916,7.906970554229106,0.8840261827672734,True,outward,left_lower,0.624128520488739
450,465,550,530,-4.7999999999999545,232.25,232.29959642668345,91.18398533611825,4,-7,8.06225774829855,-7.08115737307863,0.8783094753542245,True,inward,left_lower,0.7149527668952942
450,465,710,540,155.20000000000005,242.25,287.7014120577096,57.35391877163188,-4,-5,6.4031242374328485,-6.367886715941846,0.9944968237091195,True,inward,right_lower,0.6875644326210022
450,465,150,550,-404.79999999999995,252.25,476.9623701090055,148.07101706156607,-2,1,2.23606797749979,2.226276256882327,0.9956210094165333,True,outward,left_lower,0.6702051758766174
450,465,790,550,235.20000000000005,252.25,344.8899860825188,47.00327200212688,-8,-4,8.94427190999916,-8.381223336848034,0.9370492557899911,True,inward,right_lower,0.6301602125167847
450,465,220,560,-334.79999999999995,262.25,425.2835554074481,141.92827870886995,4,-8,8.94427190999916,-8.082137097229044,0.9036103976438484,True,inward,left_lower,0.5580996870994568
450,465,230,560,-324.79999999999995,262.25,417.4567073362218,141.08190163509082,4,-2,4.47213595499958,-4.3685967142245055,0.9768479219288216,True,inward,left_lower,0.597708523273468
450,465,750,560,195.20000000000005,262.25,326.92216581321003,53.338660033372044,7,6,9.219544457292887,8.992660355981306,0.9753909640153521,True,outward,right_lower,0.6827722787857056
450,465,780,560,225.20000000000005,262.25,345.67340438627906,49.34656844832086,-7,-6,9.219544457292887,-9.112358544309897,0.9883740554124447,True,inward,right_lower,0.6266913414001465
450,465,750,570,195.20000000000005,272.25,334.99716789847645,54.359928540857325,0,1,1.0,0.812693437702457,0.812693437702457,True,outward,right_lower,0.7576401829719543
450,465,650,580,95.20000000000005,282.25,297.8726279804843,71.36128234419955,1,7,7.0710678118654755,6.952468288343977,0.983227494534491,True,outward,right_lower,0.6600249409675598
450,465,900,580,345.20000000000005,282.25,445.9014493136348,39.27087317088857,-7,-6,9.219544457292887,-9.217059075107894,0.9997304224523775,True,inward,right_lower,0.6111679673194885
465,480,310,20,-244.79999999999995,-277.75,370.2324978982801,-131.39192470497517,-4,-2,4.47213595499958,4.145233086539185,0.9269022964082886,True,outward,left_upper,0.764498770236969
465,480,560,20,5.2000000000000455,-277.75,277.7986726030202,-88.92744104105485,0,7,7.0,-6.998773542659694,0.9998247918085277,True,inward,right_upper,0.9685147404670715
465,480,690,20,135.20000000000005,-277.75,308.9079191280146,-64.04463187580238,0,2,2.0,-1.7982705058778214,0.8991352529389107,True,inward,right_upper,0.781046986579895
465,480,1000,20,445.20000000000005,-277.75,524.736221829597,-31.959086871829637,3,-8,8.54400374531753,6.779787352197114,0.7935140894469668,True,outward,right_upper,0.7333623766899109
465,480,160,30,-394.79999999999995,-267.75,477.0294566376378,-145.85521361232708,-6,-3,6.708203932499369,6.649589361542425,0.9912622556578858,True,outward,left_upper,0.7697115540504456
465,480,270,30,-284.79999999999995,-267.75,390.8978159314784,-136.76741139801547,2,3,3.605551275463989,-3.5120431582064677,0.9740655145043006,True,inward,left_upper,0.6518850326538086
465,480,540,30,-14.799999999999955,-267.75,268.1587263170826,-93.16383001636795,0,7,7.0,-6.989330631678959,0.9984758045255655,True,inward,left_upper,0.9488455653190613
465,480,550,30,-4.7999999999999545,-267.75,267.79302175374175,-91.02704121410923,0,8,8.0,-7.99871477595764,0.999839346994705,True,inward,left_upper,0.9528671503067017
465,480,910,30,355.20000000000005,-267.75,444.8113111196702,-37.00901169516252,1,0,1.0,0.7985408444445751,0.7985408444445751,True,outward,right_upper,0.7434183955192566
465,480,110,40,-444.79999999999995,-257.75,514.0837504726247,-149.9088267085372,6,-1,6.082762530298219,-4.689994573419978,0.7710303583378655,True,inward,left_upper,0.600674569606781
465,480,120,40,-434.79999999999995,-257.75,505.45633095253635,-149.3404831903102,-2,-3,3.605551275463989,3.250231324443076,0.9014519767229803,True,outward,left_upper,0.7011393308639526
465,480,540,40,-14.799999999999955,-257.75,258.1745581965814,-93.28631399975535,0,8,8.0,-7.986844305665219,0.9983555382081524,True,inward,left_upper,0.9548407793045044
465,480,550,40,-4.7999999999999545,-257.75,257.79469059699426,-91.06687858604278,0,8,8.0,-7.9986131414300035,0.9998266426787504,True,inward,left_upper,0.9563260078430176
465,480,710,40,155.20000000000005,-257.75,300.86891248515525,-58.946430565935145,8,-4,8.94427190999916,7.553455693472916,0.8445020197819127,True,outward,right_upper,0.7292364239692688
465,480,720,40,165.20000000000005,-257.75,306.14719090659645,-57.34292524412542,2,-2,2.8284271247461903,2.763050013606294,0.9768857006892964,True,outward,right_upper,0.7766954302787781
465,480,280,50,-274.79999999999995,-247.75,369.9933816975649,-137.96329289504806,-5,-4,6.4031242374328485,6.39200622764968,0.9982636585874483,True,outward,left_upper,0.7302867770195007
465,480,540,50,-14.799999999999955,-247.75,248.19166484795576,-93.41865185721998,0,8,8.0,-7.985763749214501,0.9982204686518126,True,inward,left_upper,0.9566248059272766
465,480,550,50,-4.7999999999999545,-247.75,247.79649412370628,-91.10993073006469,0,8,8.0,-7.998498957820345,0.9998123697275432,True,inward,left_upper,0.9556717872619629
465,480,560,50,5.2000000000000455,-247.75,247.80456513147615,-88.79760115268768,0,7,7.0,-6.998458640501113,0.9997798057858732,True,inward,right_upper,0.9600964188575745
465,480,980,50,425.20000000000005,-247.75,492.1128960919436,-30.227942852092482,3,-3,4.242640687119285,4.102412304234371,0.966947853182418,True,outward,right_upper,0.7843883037567139
465,480,120,60,-434.79999999999995,-237.75,495.5563565327358,-151.33002353746545,8,4,8.94427190999916,-8.938236674010657,0.9993252401034728,True,inward,left_upper,0.5718785524368286
465,480,150,60,-404.79999999999995,-237.75,469.45511233769724,-149.57313039105287,-8,-1,8.06225774829855,7.404648301070093,0.9184335867496624,True,outward,left_upper,0.6001659631729126
465,480,280,60,-274.79999999999995,-237.75,363.3732275498568,-139.13447040149399,2,4,4.47213595499958,-4.129638306372225,0.9234151975535398,True,inward,left_upper,0.7474473118782043
465,480,540,60,-14.799999999999955,-237.75,238.21020654035797,-93.56208094737228,0,6,6.0,-5.988408392393212,0.9980680653988686,True,inward,left_upper,0.9527140855789185
465,480,550,60,-4.7999999999999545,-237.75,237.79844932210975,-91.15660308794732,0,8,8.0,-7.998370071049736,0.999796258881217,True,inward,left_upper,0.9538059234619141
465,480,560,60,5.2000000000000455,-237.75,237.8068596571596,-88.74704286559611,0,8,8.0,-7.998087198754768,0.999760899844346,True,inward,right_upper,0.9632458686828613
465,480,130,70,-424.79999999999995,-227.75,482.0011436708423,-151.80269880413778,-2,0,2.0,1.7626514193090592,0.8813257096545296,True,outward,left_upper,0.80801922082901
465,480,210,70,-344.79999999999995,-227.75,413.227664248172,-146.55412738439236,-8,-7,10.63014581273465,10.533297686928167,0.9908892946990001,True,outward,left_upper,0.6198031306266785
465,480,320,70,-234.79999999999995,-227.75,327.11022989200444,-135.87321148207644,-3,-2,3.605551275463989,3.5458994981078433,0.9834555736976811,True,outward,left_upper,0.6660969853401184
465,480,550,70,-4.7999999999999545,-227.75,227.80057616257253,-91.20737226107681,0,8,8.0,-7.99822384426152,0.99977798053269,True,inward,left_upper,0.9497645497322083
465,480,560,70,5.2000000000000455,-227.75,227.80935560244228,-88.69204699147441,0,8,8.0,-7.997915604395252,0.9997394505494065,True,inward,right_upper,0.9657871723175049
465,480,680,70,125.20000000000005,-227.75,259.8944064423088,-61.20127930300168,2,-7,7.280109889280518,7.097690270642566,0.9749427383085861,True,outward,right_upper,0.7560640573501587
465,480,740,70,185.20000000000005,-227.75,293.5457417507534,-50.882944826484874,-5,7,8.602325267042627,-8.585544402616195,0.9980492641343471,True,inward,right_upper,0.7869036793708801
465,480,1000,70,445.20000000000005,-227.75,500.0730971568057,-27.09282458642384,-7,4,8.06225774829855,-8.053622606171006,0.9989289424380701,True,inward,right_upper,0.710938572883606
465,480,70,80,-484.79999999999995,-217.75,531.4565857151456,-155.8125631404888,5,0,5.0,-4.561049886583276,0.9122099773166552,True,inward,left_upper,0.6168672442436218
465,480,550,80,-4.7999999999999545,-217.75,217.80289828190993,-91.26280233589301,0,8,8.0,-7.998057021928461,0.9997571277410576,True,inward,left_upper,0.9477605819702148
465,480,560,80,5.2000000000000455,-217.75,217.81208070260934,-88.63200258777364,0,7,7.0,-6.998004863105556,0.9997149804436508,True,inward,right_upper,0.9697406888008118
465,480,280,90,-274.79999999999995,-207.75,344.4925289465651,-142.91056025186796,-7,-2,7.280109889280518,6.789987600464978,0.9326765260044751,True,outward,left_upper,0.7787548899650574
465,480,440,90,-114.79999999999995,-207.75,237.35859474643001,-118.92447989260062,0,-1,1.0,0.8752579624173253,0.8752579624173253,True,outward,left_upper,0.7534624338150024
465,480,450,90,-104.79999999999995,-207.75,232.68670460514068,-116.76877353996447,-5,-4,6.4031242374328485,5.823280716873688,0.9094436560875426,True,outward,left_upper,0.6318435668945312
465,480,540,90,-14.799999999999955,-207.75,208.27650491594102,-94.07483694952286,0,8,8.0,-7.979776694787402,0.9974720868484253,True,inward,left_upper,0.9338483214378357
465,480,550,90,-4.7999999999999545,-207.75,207.80544386516922,-91.32356591909029,0,8,8.0,-7.997865547152646,0.9997331933940807,True,inward,left_upper,0.9443896412849426
465,480,560,90,5.2000000000000455,-207.75,207.81506802924565,-88.56618119402542,0,8,8.0,-7.997495156444132,0.9996868945555165,True,inward,right_upper,0.9673928618431091
465,480,760,90,205.20000000000005,-207.75,292.0053124516744,-45.35380162425569,5,-3,5.830951894845301,5.648013682192662,0.968626355361573,True,outward,right_upper,0.7129606604576111
465,480,890,90,335.20000000000005,-207.75,394.35910348310716,-31.789775233863235,-4,1,4.123105625617661,-3.926750989954855,0.95237700571074,True,inward,right_upper,0.7122073769569397
465,480,1010,90,455.20000000000005,-207.75,500.3669678346084,-24.531614378490563,-6,-1,6.082762530298219,-5.043198616648298,0.829096745356759,True,inward,right_upper,0.627216100692749
465,480,1040,90,485.20000000000005,-207.75,527.8059326115992,-23.179347719018192,2,-4,4.47213595499958,3.41299687763383,0.7631693025383776,True,outward,right_upper,0.684439480304718
465,480,1050,90,495.20000000000005,-207.75,537.0131306588322,-22.759387279812113,2,-4,4.47213595499958,3.3917233974622247,0.7584124077602071,True,outward,right_upper,0.7443119287490845
465,480,540,100,-14.799999999999955,-197.75,198.30305721294366,-94.28014954175754,0,8,8.0,-7.977688403972521,0.9972110504965651,True,inward,left_upper,0.9325875639915466
465,480,550,100,-4.7999999999999545,-197.75,197.80824679471783,-91.3904715475041,0,8,8.0,-7.99764431278628,0.999705539098285,True,inward,left_upper,0.9427210092544556
465,480,560,100,5.2000000000000455,-197.75,197.818357338241,-88.49370715476223,0,8,8.0,-7.997235551273976,0.999654443909247,True,inward,right_upper,0.9666372537612915
465,480,890,100,335.20000000000005,-197.75,389.1838929092519,-30.538322515548106,-4,0,4.0,-3.4451579945335555,0.8612894986333889,True,inward,right_upper,0.7271750569343567
465,480,960,100,405.20000000000005,-197.75,450.87925490091027,-26.013792027006424,-3,4,5.0,-4.450415445352416,0.8900830890704832,True,inward,right_upper,0.7960657477378845
465,480,150,110,-404.79999999999995,-187.75,446.22091221725583,-155.11769172362477,-2,-1,2.23606797749979,2.2351036732998533,0.9995687500515906,True,outward,left_upper,0.6284685730934143
465,480,540,110,-14.799999999999955,-187.75,188.33242551403623,-94.50720449216269,0,2,2.0,-1.9938149204796087,0.9969074602398044,True,inward,left_upper,0.9191315770149231
465,480,680,110,125.20000000000005,-187.75,225.66590903368638,-56.30289065269352,2,-6,6.324555320336759,6.101497589493958,0.964731476041398,True,outward,right_upper,0.6782512068748474
465,480,940,110,385.20000000000005,-187.75,428.5196640762242,-25.985027093436923,-7,7,9.899494936611665,-9.359313787025172,0.9454334637226066,True,inward,right_upper,0.7814227342605591
465,480,350,120,-204.79999999999995,-177.75,271.17909672391784,-139.04463610773314,8,7,10.63014581273465,-10.630059745846744,0.999991903508247,True,inward,left_upper,0.7023390531539917
465,480,760,120,205.20000000000005,-177.75,271.48131151149244,-40.900029371595615,6,-4,7.211102550927978,7.154083605927263,0.992092895004887,True,outward,right_upper,0.8037733435630798
465,480,150,130,-404.79999999999995,-167.75,438.18158621740366,-157.49077656648046,-5,-1,5.0990195135927845,5.001921735051103,0.9809575589419021,True,outward,left_upper,0.6701528429985046
465,480,810,130,255.20000000000005,-167.75,305.3966314483512,-33.31802223877649,-4,5,6.4031242374328485,-6.088966964635588,0.9509368768825869,True,inward,right_upper,0.685383677482605
465,480,910,130,355.20000000000005,-167.75,392.8194273454408,-25.279920430936336,2,-1,2.23606797749979,2.2355055245976043,0.9997484634153142,True,outward,right_upper,0.7306015491485596
465,480,120,140,-434.79999999999995,-157.75,462.53227184705713,-160.05869743999688,-1,0,1.0,0.9400425147929413,0.9400425147929413,True,outward,left_upper,0.7135193943977356
465,480,770,140,215.20000000000005,-157.75,266.82597793318405,-36.242870933460964,-7,0,7.0,-5.645627204923871,0.8065181721319815,True,inward,right_upper,0.8435608148574829
465,480,910,140,355.20000000000005,-157.75,388.65421971207263,-23.946772226843244,6,0,6.0,5.483537530041127,0.9139229216735211,True,outward,right_upper,0.7063595652580261
465,480,290,150,-264.79999999999995,-147.75,303.23110411037976,-150.83986879136697,2,0,2.0,-1.7465226779876089,0.8732613389938044,True,inward,left_upper,0.784188449382782
465,480,720,150,165.20000000000005,-147.75,221.63281007107233,-41.80850904260131,-1,4,4.123105625617661,-3.411949700757324,0.8275193532657068,True,inward,right_upper,0.7434670925140381
465,480,730,150,175.20000000000005,-147.75,229.1835563473087,-40.141669186859986,8,-8,11.313708498984761,11.273060079776267,0.996407153391645,True,outward,right_upper,0.7335548400878906
465,480,1030,150,475.20000000000005,-147.75,497.63953068461115,-17.271603993617248,5,0,5.0,4.774540311802192,0.9549080623604385,True,outward,right_upper,0.5723820924758911
465,480,1040,160,485.20000000000005,-137.75,504.37496220569875,-15.849432308637146,7,0,7.0,6.7338790671668,0.9619827238809714,True,outward,right_upper,0.8638580441474915
465,480,1050,160,495.20000000000005,-137.75,514.0020452293941,-15.544994969887398,7,0,7.0,6.743942037143024,0.963420291020432,True,outward,right_upper,0.8225720524787903
465,480,1010,170,455.20000000000005,-127.75,472.78652952468946,-15.676556001912948,-3,0,3.0,-2.8884071662805,0.9628023887601667,True,inward,right_upper,0.8642460107803345
465,480,1050,170,495.20000000000005,-127.75,511.4128493692743,-14.465569959264617,-8,1,8.06225774829855,-7.996181568459607,0.9918042585710081,True,inward,right_upper,0.755325973033905
465,480,130,180,-424.79999999999995,-117.75,440.81753878447256,-164.50719759897825,-5,1,5.0990195135927845,4.551202761877651,0.8925642958896738,True,outward,left_upper,0.6800433993339539
465,480,980,180,425.20000000000005,-117.75,441.20301732875765,-15.478926978891494,6,2,6.324555320336759,5.248604177778053,0.8298771869226981,True,outward,right_upper,0.766705334186554
465,480,1010,180,455.20000000000005,-117.75,470.1830521190657,-14.503217892896549,-5,1,5.0990195135927845,-5.0911022615800805,0.9984472991343535,True,inward,right_upper,0.7387118339538574
465,480,1040,180,485.20000000000005,-117.75,499.28358925564544,-13.641020051014962,1,0,1.0,0.9717924050405065,0.9717924050405065,True,outward,right_upper,0.697629451751709
465,480,100,190,-454.79999999999995,-107.75,467.3896687989583,-166.67138787567706,3,4,5.0,-3.8413343722671547,0.7682668744534309,True,inward,left_upper,0.6933847665786743
465,480,110,190,-444.79999999999995,-107.75,457.6648364250851,-166.38277540433833,7,0,7.0,-6.803231867934129,0.9718902668477327,True,inward,left_upper,0.8660533428192139
465,480,130,190,-424.79999999999995,-107.75,438.2523274324963,-165.76716424179307,-4,-1,4.123105625617661,4.12308135494916,0.9999941134982451,True,outward,left_upper,0.8916561007499695
465,480,140,190,-414.79999999999995,-107.75,428.5663338387652,-165.43846400995017,-7,3,7.615773105863909,6.020888241237297,0.7905813576039181,True,outward,left_upper,0.8210508227348328
465,480,150,190,-404.79999999999995,-107.75,418.89509724989614,-165.09457429317868,-8,2,8.246211251235321,7.21636519464122,0.8751128214863735,True,outward,left_upper,0.7709376215934753
465,480,190,190,-364.79999999999995,-107.75,380.3802078184405,-163.54458147038952,7,5,8.602325267042627,-8.129629082793947,0.9450501847378777,True,inward,left_upper,0.7021066546440125
465,480,150,200,-404.79999999999995,-97.75,416.4349919255105,-166.42426192333158,8,8,11.313708498984761,-9.654327993453407,0.8533300989962522,True,inward,left_upper,0.7694083452224731
465,480,190,200,-364.79999999999995,-97.75,377.6693030946518,-164.99968719660507,4,-1,4.123105625617661,-3.604873334539429,0.8743102073693303,True,inward,left_upper,0.6658551096916199
465,480,340,200,-214.79999999999995,-97.75,235.99597983864044,-155.53092915295167,-3,-2,3.605551275463989,3.558958930462595,0.9870776085425665,True,outward,left_upper,0.6765864491462708
465,480,720,200,165.20000000000005,-97.75,191.953386268646,-30.613101013183705,1,0,1.0,0.8606256092236707,0.8606256092236707,True,outward,right_upper,0.7055260539054871
465,480,760,220,205.20000000000005,-77.75,219.43587332065835,-20.75162970078008,-1,1,1.4142135623730951,-1.2894427684872174,0.9117737255492668,True,inward,right_middle,0.8229318261146545
465,480,800,220,245.20000000000005,-77.75,257.2316125595764,-17.593201352290592,3,1,3.1622776601683795,2.557422835607494,0.8087281100646048,True,outward,right_middle,0.8217493891716003
465,480,900,220,345.20000000000005,-77.75,353.84756958328825,-12.693021322735602,4,-3,5.0,4.561427401919986,0.9122854803839973,True,outward,right_middle,0.7565138936042786
465,480,940,220,385.20000000000005,-77.75,392.96832251467805,-11.411442045802247,-4,-1,4.123105625617661,-3.7230736325963085,0.9029779905380364,True,inward,right_middle,0.6551558375358582
465,480,1040,220,485.20000000000005,-77.75,491.3899698813561,-9.10386285012027,-8,-2,8.246211251235321,-7.582775857023803,0.9195466409968417,True,inward,right_middle,0.570594072341919
465,480,1050,230,495.20000000000005,-67.75,499.8130675562615,-7.790464104179504,-2,1,2.23606797749979,-2.117091506177736,0.9467921044801667,True,inward,right_middle,0.7134162187576294
465,480,790,250,235.20000000000005,-47.75,239.99813020104975,-11.476142440692088,-7,3,7.615773105863909,-7.456933095690311,0.9791432848687028,True,inward,right_middle,0.7906373143196106
465,480,180,260,-374.79999999999995,-37.75,376.69630008801516,-174.24854347256286,5,1,5.0990195135927845,-5.075043210016449,0.9952978600077091,True,inward,left_middle,0.7234781980514526
465,480,290,260,-264.79999999999995,-37.75,267.4772934288067,-171.88655911931215,3,0,3.0,-2.969971730372103,0.989990576790701,True,inward,left_middle,0.7656994462013245
465,480,810,260,255.20000000000005,-37.75,257.9769417990686,-8.414356691999197,-8,7,10.63014581273465,-8.938201933550967,0.8408353084718014,True,inward,right_middle,0.7830520272254944
465,480,1050,260,495.20000000000005,-37.75,496.63679132742476,-4.359330467353118,-3,2,3.605551275463989,-3.1433434398354745,0.8718066114400123,True,inward,right_middle,0.6553774476051331
465,480,140,270,-414.79999999999995,-27.75,415.727197209901,-176.17263201337502,-2,1,2.23606797749979,1.9287888918057607,0.8625806152648335,True,outward,left_middle,0.716737687587738
465,480,290,270,-264.79999999999995,-27.75,266.25007511736027,-174.01746406674053,-6,-3,6.708203932499369,6.279998228218255,0.9361668624582837,True,outward,left_middle,0.6562318801879883
465,480,810,270,255.20000000000005,-27.75,256.7043094690855,-6.205859756409157,-8,-5,9.433981132056603,-7.412614162712986,0.7857355297780885,True,inward,right_middle,0.728155255317688
465,480,140,280,-414.79999999999995,-17.75,415.17960270225217,-177.5497106694976,-2,0,2.0,1.9981713807721693,0.9990856903860846,True,outward,left_middle,0.7817159295082092
465,480,290,280,-264.79999999999995,-17.75,265.3942397641667,-176.16510208741246,-7,4,8.06225774829855,6.716799888287119,0.8331164914325179,True,outward,left_middle,0.6902780532836914
465,480,790,280,235.20000000000005,-17.75,235.86882477343212,-4.3157990058366495,4,-4,5.656854249492381,4.289672452355254,0.7583141200323817,True,outward,right_middle,0.8162481188774109
465,480,890,280,335.20000000000005,-17.75,335.66963297265966,-3.031178708192996,-4,-3,5.0,-3.8357655072863603,0.7671531014572721,True,inward,right_middle,0.6903494000434875
465,480,920,280,365.20000000000005,-17.75,365.6311016584886,-2.7825859789421528,5,1,5.0990195135927845,4.94555849269345,0.9699038176868624,True,outward,right_middle,0.7581622004508972
465,480,1010,280,455.20000000000005,-17.75,455.5459389567643,-2.233051624991495,-8,5,9.433981132056603,-8.188746031943106,0.8680053433770185,True,inward,right_middle,0.6265437602996826
465,480,250,290,-304.79999999999995,-7.75,304.898511803518,-178.54348216494702,-4,-3,5.0,4.074962493751549,0.8149924987503099,True,outward,left_middle,0.7028144598007202
465,480,260,290,-294.79999999999995,-7.75,294.9018523170039,-178.4940975600343,4,-1,4.123105625617661,-3.972338562121858,0.9634336160201531,True,inward,left_middle,0.7004760503768921
465,480,370,290,-184.79999999999995,-7.75,184.9624353754026,-177.5985809060287,6,-1,6.082762530298219,-5.952830355878975,0.9786392821070932,True,inward,left_middle,0.7432982325553894
465,480,800,290,245.20000000000005,-7.75,245.32244597671863,-1.810336520132175,-5,0,5.0,-4.9975043870072495,0.9995008774014499,True,inward,right_middle,0.7330618500709534
465,480,880,290,325.20000000000005,-7.75,325.29233390905483,-1.3651852913853857,-1,0,1.0,-0.9997161509835009,0.9997161509835009,True,inward,right_middle,0.8378608822822571
465,480,890,290,335.20000000000005,-7.75,335.2895800647554,-1.3244725369145967,-5,0,5.0,-4.998664138850691,0.9997328277701382,True,inward,right_middle,0.6987417936325073
465,480,1000,290,445.20000000000005,-7.75,445.2674505283314,-0.9972988452309771,-5,0,5.0,-4.999242584111512,0.9998485168223024,True,inward,right_middle,0.7696357369422913
465,480,1010,290,455.20000000000005,-7.75,455.26596896759156,-0.9753940998954628,-8,0,8.0,-7.998840783680957,0.9998550979601196,True,inward,right_middle,0.660882294178009
465,480,200,300,-354.79999999999995,2.25,354.80713422928795,179.63665790362165,4,-3,5.0,-4.018943990789386,0.8037887981578772,True,inward,left_middle,0.5860695838928223
465,480,750,300,195.20000000000005,2.25,195.21296703856538,0.6603985398301895,4,1,4.123105625617661,4.01126017333318,0.9728734933227121,True,outward,right_middle,0.7502713203430176
465,480,760,300,205.20000000000005,2.25,205.2123351555652,0.6282180204846266,-3,-1,3.1622776601683795,-3.0107839254966176,0.9520934747192011,True,inward,right_middle,0.8808493614196777
465,480,150,310,-404.79999999999995,12.25,404.9853114620331,178.26665226572823,-4,1,4.123105625617661,4.028417707571466,0.9770348066132772,True,outward,left_middle,0.701650083065033
465,480,750,310,195.20000000000005,12.25,195.5840036915085,3.590953208853994,3,-1,3.1622776601683795,2.9314769571050188,0.9270144092751579,True,outward,right_middle,0.6635239124298096
465,480,980,310,425.20000000000005,12.25,425.3764244760163,1.6502333192688168,-6,4,7.211102550927978,-5.8823194141100785,0.8157309333165839,True,inward,right_middle,0.6657453775405884
465,480,1030,310,475.20000000000005,12.25,475.3578678217076,1.476679055875201,-3,-2,3.605551275463989,-3.0505438074370717,0.8460686242895007,True,inward,right_middle,0.6788889765739441
465,480,1050,310,495.20000000000005,12.25,495.3514938909542,1.4170641817109857,-7,1,7.0710678118654755,-6.973129268002957,0.9861493982990553,True,inward,right_middle,0.6460126638412476
465,480,150,320,-404.79999999999995,22.25,405.41102908036424,176.8538795014036,-4,0,4.0,3.993971263369422,0.9984928158423555,True,outward,left_middle,0.7792969346046448
465,480,400,320,-154.79999999999995,22.25,156.3908645030137,171.82067670525765,6,-3,6.708203932499369,-6.365781039472515,0.9489546089426544,True,inward,left_middle,0.8159933090209961
465,480,120,330,-434.79999999999995,32.25,435.9943835647427,175.75802322974207,2,-2,2.8284271247461903,-2.1424587912410376,0.7574735698496357,True,inward,left_middle,0.6947343349456787
465,480,130,330,-424.79999999999995,32.25,426.0224201846658,175.65854244108127,8,0,8.0,-7.977044960513844,0.9971306200642305,True,inward,left_middle,0.6717743873596191
465,480,140,330,-414.79999999999995,32.25,416.0518026640432,175.5542932418465,8,0,8.0,-7.975929869193639,0.9969912336492048,True,inward,left_middle,0.7902525067329407
465,480,1000,330,445.20000000000005,32.25,446.3665562068915,4.143232168401972,8,1,8.06225774829855,8.051342444961863,0.9986461232476734,True,outward,right_middle,0.6391801834106445
465,480,1010,330,455.20000000000005,32.25,456.34099366592085,4.0525187775209615,1,0,1.0,0.9974996906222365,0.9974996906222365,True,outward,right_middle,0.7584431767463684
465,480,1020,330,465.20000000000005,32.25,466.31652608501884,3.9656862931291386,-1,-1,1.4142135623730951,-1.0667646805837308,0.7543165395710573,True,inward,right_middle,0.6723019480705261
465,480,130,340,-424.79999999999995,42.25,426.8958918752908,174.32012308655618,6,-1,6.082762530298219,-6.069512612590153,0.9978217269469146,True,inward,left_middle,0.6294997930526733
465,480,180,340,-374.79999999999995,42.25,377.1738359165439,173.568382019387,-1,1,1.4142135623730951,1.1057235690449094,0.781864633789447,True,outward,left_middle,0.6046545505523682
465,480,940,340,385.20000000000005,42.25,387.5101321256001,6.259368183843615,-5,-3,5.830951894845301,-5.2972808446068225,0.9084761699525842,True,inward,right_middle,0.631365954875946
465,480,1010,340,455.20000000000005,42.25,457.15654047601686,5.302792005089415,7,-1,7.0710678118654755,6.877622262007094,0.9726426679809556,True,outward,right_middle,0.7047200798988342
465,480,160,350,-394.79999999999995,52.25,398.24251719272763,172.46097435394623,1,0,1.0,-0.9913557266135357,0.9913557266135357,True,inward,left_middle,0.5529786944389343
465,480,170,360,-384.79999999999995,62.25,389.80264557850296,170.81073715671494,3,1,3.1622776601683795,-2.801802431020315,0.8860077235820998,True,inward,left_middle,0.5516465306282043
465,480,290,360,-264.79999999999995,62.25,272.0185701381433,166.7709377932732,-7,-1,7.0710678118654755,6.585395986348548,0.9313156317491461,True,outward,left_middle,0.7499251365661621
465,480,70,370,-484.79999999999995,72.25,490.154161973557,171.52356645390788,-6,-3,6.708203932499369,5.492251640097736,0.8187365344528832,True,outward,left_middle,0.7118362188339233
465,480,110,370,-444.79999999999995,72.25,450.6296733460858,170.77387875173775,3,-3,4.242640687119285,-3.442183441854059,0.8113304179410185,True,inward,left_middle,0.7193803191184998
465,480,380,370,-174.79999999999995,72.25,189.14307415287502,157.54324763430117,-6,2,6.324555320336759,6.3089806769002506,0.997537432649782,True,outward,left_middle,0.8120654821395874
465,480,980,370,425.20000000000005,72.25,431.29468174323694,9.64359243741267,-2,-1,2.23606797749979,-2.1392566128354957,0.9567046415232234,True,inward,right_middle,0.7566021680831909
465,480,1010,370,455.20000000000005,72.25,460.8981476421879,9.018835224029397,7,1,7.0710678118654755,7.070217176333306,0.9998797019693769,True,outward,right_middle,0.6410518288612366
465,480,330,380,-224.79999999999995,82.25,239.37439817156718,159.90339816780588,-1,0,1.0,0.9391146326303397,0.9391146326303397,True,outward,left_middle,0.7368879914283752
465,480,340,380,-214.79999999999995,82.25,230.0089183053561,159.04744043720882,-1,0,1.0,0.9338768321793286,0.9338768321793286,True,outward,left_middle,0.7060041427612305
465,480,380,380,-174.79999999999995,82.25,193.18411554783685,154.801244209639,-3,2,3.605551275463989,3.5660281801451337,0.9890382656356013,True,outward,left_middle,0.7802412509918213
465,480,920,380,365.20000000000005,82.25,374.3475691119151,12.69232925057311,-3,-4,5.0,-3.805554296451438,0.7611108592902875,True,inward,right_middle,0.589793860912323
465,480,1010,380,455.20000000000005,82.25,462.57118641350763,10.242251765774824,8,1,8.06225774829855,8.05032848862127,0.9985203574420829,True,outward,right_middle,0.6459836363792419
465,480,150,390,-404.79999999999995,92.25,415.17839840242164,167.1620911678166,8,3,8.54400374531753,-7.133439532008959,0.8349059462805574,True,inward,left_middle,0.6297686100006104
465,480,1010,390,455.20000000000005,92.25,464.4535525754971,11.456301612407547,6,7,9.219544457292887,7.270802389763346,0.788629245560171,True,outward,right_middle,0.6416929364204407
465,480,1020,390,465.20000000000005,92.25,474.25847646615665,11.216344909541025,5,-1,5.0990195135927845,4.7099843457608745,0.9237039264519711,True,outward,right_middle,0.7348843216896057
465,480,170,400,-384.79999999999995,102.25,398.1533655515171,165.11910246551608,-4,0,4.0,3.8658470156792952,0.9664617539198238,True,outward,left_middle,0.7079666256904602
465,480,990,400,435.20000000000005,102.25,447.05044737702707,13.221806357208482,8,5,9.433981132056603,8.931542342541416,0.946741594828094,True,outward,right_middle,0.6521077752113342
465,480,730,410,175.20000000000005,112.25,208.07475219257145,32.64753842632695,7,0,7.0,5.894035614974456,0.8420050878534937,True,outward,right_lower,0.6842687726020813
465,480,780,410,225.20000000000005,112.25,251.62492424241287,26.493768807991703,-1,0,1.0,-0.8949828824709141,0.8949828824709141,True,inward,right_lower,0.7023992538452148
465,480,790,410,235.20000000000005,112.25,260.6129361716337,25.51296856142308,3,5,5.830951894845301,4.861040355900376,0.833661543357552,True,outward,right_lower,0.7136949896812439
465,480,990,410,435.20000000000005,112.25,449.44310262813025,14.462927659157764,2,0,2.0,1.936618884371155,0.9683094421855775,True,outward,right_lower,0.7008163928985596
465,480,210,420,-344.79999999999995,122.25,365.8307019647203,160.47786713754942,1,0,1.0,-0.9425124740712756,0.9425124740712756,True,inward,left_lower,0.7116116881370544
465,480,1020,420,465.20000000000005,122.25,480.9949090167172,14.723858043789633,-1,0,1.0,-0.9671620037538314,0.9671620037538314,True,inward,right_lower,0.7221114635467529
465,480,860,430,305.20000000000005,132.25,332.621560485787,23.428165963114157,-1,0,1.0,-0.9175592813474319,0.9175592813474319,True,inward,right_lower,0.821621835231781
465,480,870,430,315.20000000000005,132.25,341.8202780702163,22.761697065171482,-1,0,1.0,-0.9221220045209022,0.9221220045209022,True,inward,right_lower,0.703764021396637
465,480,1000,430,445.20000000000005,132.25,464.4277150429333,16.544447041851626,2,1,2.23606797749979,2.2019573054667134,0.984745243715168,True,outward,right_lower,0.5861645936965942
465,480,1010,430,455.20000000000005,132.25,474.0222594984333,16.20025243549169,-2,-2,2.8284271247461903,-2.47857558681563,0.8763088025603791,True,inward,right_lower,0.6355539560317993
465,480,1020,430,465.20000000000005,132.25,483.63323138510657,15.869726265365047,-2,-2,2.8284271247461903,-2.4706738959559362,0.8735151329655145,True,inward,right_lower,0.7671525478363037
465,480,830,440,275.20000000000005,142.25,309.79041705643516,27.334297885870082,-3,0,3.0,-2.665027562326432,0.8883425207754773,True,inward,right_lower,0.7568368315696716
465,480,850,440,295.20000000000005,142.25,327.68598154330624,25.72833342766991,-2,0,2.0,-1.8017249234141381,0.9008624617070691,True,inward,right_lower,0.7675800919532776
465,480,970,440,415.20000000000005,142.25,438.8919029783986,18.9117661851441,4,0,4.0,3.7840752785128084,0.9460188196282021,True,outward,right_lower,0.5565636157989502
465,480,590,450,35.200000000000045,152.25,156.2661271677263,76.98202353717781,8,6,10.0,7.647850635712336,0.7647850635712337,True,outward,right_lower,0.694067120552063
465,480,660,450,105.20000000000005,152.25,185.0597268451459,55.35673682409061,4,3,5.0,4.741982574816593,0.9483965149633186,True,outward,right_lower,0.7150283455848694
465,480,800,450,245.20000000000005,152.25,288.6227685058821,31.837043080211984,4,5,6.4031242374328485,6.035733109408163,0.9426231454518864,True,outward,right_lower,0.6892722249031067
465,480,990,460,435.20000000000005,162.25,464.46108825175014,20.446315132287737,7,-1,7.0710678118654755,6.209669815088396,0.8781799270356838,True,outward,right_lower,0.5577329993247986
465,480,990,470,435.20000000000005,172.25,468.0481839511826,21.59341342224662,7,-1,7.0710678118654755,6.1407139233762615,0.8684280913092007,True,outward,right_lower,0.5795242786407471
465,480,180,480,-374.79999999999995,182.25,416.7614455536884,154.06822939063616,-4,4,5.656854249492381,5.346463843457796,0.9451302097694249,True,outward,left_lower,0.6241397857666016
465,480,230,480,-324.79999999999995,182.25,372.4380518958824,150.70258380445605,-7,7,9.899494936611665,9.530041256343605,0.962679542478304,True,outward,left_lower,0.7238819599151611
465,480,410,480,-144.79999999999995,182.25,232.77049319018076,128.46759930853733,0,-1,1.0,-0.7829600629453324,0.7829600629453324,True,inward,left_lower,0.6973334550857544
465,480,470,480,-84.79999999999995,182.25,201.01269238533172,114.95231984376514,-2,6,6.324555320336759,6.283682811325653,0.9935374888919574,True,outward,left_lower,0.600005567073822
465,480,810,480,255.20000000000005,182.25,313.59544400389495,35.53236800573922,3,2,3.605551275463989,3.6036875586303605,0.999483097953339,True,outward,right_lower,0.7403704524040222
465,480,180,490,-374.79999999999995,192.25,421.23046245493686,152.84488733440978,-3,4,5.0,4.494926575265328,0.8989853150530657,True,outward,left_lower,0.7664647102355957
465,480,210,490,-344.79999999999995,192.25,394.7747490658438,150.8572909077,-1,1,1.4142135623730951,1.3603960265210029,0.9619452554522354,True,outward,left_lower,0.8144749999046326
465,480,220,490,-334.79999999999995,192.25,386.07136969736564,150.134548503915,-8,5,9.433981132056603,9.427401992675746,0.9993026126204024,True,outward,left_lower,0.815527081489563
465,480,230,490,-324.79999999999995,192.25,377.4322488871347,149.378595181658,-7,1,7.0710678118654755,6.533225518674145,0.9239376134550974,True,outward,left_lower,0.7165765762329102
465,480,240,490,-314.79999999999995,192.25,368.86190166510823,148.5873702222861,-3,0,3.0,2.5603077892750927,0.8534359297583642,True,outward,left_lower,0.6899532079696655
465,480,290,490,-264.79999999999995,192.25,327.2294340367321,144.01961357192457,-1,3,3.1622776601683795,2.5717429805093097,0.8132565374959433,True,outward,left_lower,0.7980334758758545
465,480,770,490,215.20000000000005,192.25,288.5673274991471,41.776168399840316,4,8,8.94427190999916,8.31279140569748,0.9293983332957798,True,outward,right_lower,0.796428918838501
465,480,790,490,235.20000000000005,192.25,303.7747561928081,39.2622018365765,-7,-8,10.63014581273465,-10.482767034067958,0.9861357707351356,True,inward,right_lower,0.6485229134559631
465,480,980,490,425.20000000000005,192.25,466.6423710937532,24.32963672063364,-2,0,2.0,-1.8223805909582653,0.9111902954791327,True,inward,right_lower,0.7296993136405945
465,480,40,500,-514.8,202.25,553.1040611855964,158.5515749865193,-8,5,9.433981132056603,9.274294585732077,0.9830732599430465,True,outward,left_lower,0.7908477783203125
465,480,220,500,-334.79999999999995,202.25,391.14716220369024,148.86416195545297,-8,-1,8.06225774829855,6.330481821853388,0.7851996325953938,True,outward,left_lower,0.6898835301399231
465,480,590,500,35.200000000000045,202.25,205.2902883723436,80.12701995125617,-4,-6,7.211102550927978,-6.596999842211968,0.9148392767431961,True,inward,right_lower,0.7188798785209656
465,480,980,500,425.20000000000005,202.25,470.85040352536606,25.438494587915823,-2,0,2.0,-1.8060938116073773,0.9030469058036886,True,inward,right_lower,0.7152748107910156
465,480,180,510,-374.79999999999995,212.25,430.72625007073805,150.4770343803474,-3,1,3.1622776601683795,3.1032471315144647,0.9813329077969796,True,outward,left_lower,0.8488755822181702
465,480,250,510,-304.79999999999995,212.25,371.4203851433036,145.14825702931324,-2,3,3.605551275463989,3.3556316504252344,0.9306847674752335,True,outward,left_lower,0.7101073861122131
465,480,260,510,-294.79999999999995,212.25,363.2590019531518,144.24688075118644,-1,1,1.4142135623730951,1.39583602133387,0.9870051161096299,True,outward,left_lower,0.7250781655311584
465,480,410,510,-144.79999999999995,212.25,256.9379351127427,124.30237024469645,2,-1,2.23606797749979,-1.9531954274474548,0.8734955498228535,True,inward,left_lower,0.7940185070037842
465,480,1010,510,455.20000000000005,212.25,502.25203085701907,24.998630502840058,-8,-4,8.94427190999916,-8.940929501743284,0.9996263073965653,True,inward,right_lower,0.6945609450340271
465,480,40,520,-514.8,222.25,560.726406101942,156.64912558311818,-6,4,7.211102550927978,7.094012261082676,0.9837624983116854,True,outward,left_lower,0.7083181142807007
465,480,200,520,-354.79999999999995,222.25,418.6622773787961,147.9365906276493,2,-2,2.8284271247461903,-2.7566371807503365,0.9746184218897647,True,inward,left_lower,0.8275970220565796
465,480,240,520,-314.79999999999995,222.25,385.3493252881079,144.77776254815655,3,0,3.0,-2.450763341272015,0.8169211137573383,True,inward,left_lower,0.7414159774780273
465,480,250,520,-304.79999999999995,222.25,377.22420720309026,143.90171603289198,6,-1,6.082762530298219,-5.437217338747706,0.8938730242492526,True,inward,left_lower,0.8119072318077087
465,480,200,530,-354.79999999999995,232.25,424.0555417631044,146.79147700363634,3,-6,6.708203932499369,-5.796174693958104,0.864042708343624,True,inward,left_lower,0.634255051612854
465,480,990,530,435.20000000000005,232.25,493.2941338593031,28.08717640917207,-2,0,2.0,-1.7644645258405907,0.8822322629202953,True,inward,right_lower,0.7837268710136414
465,480,210,540,-344.79999999999995,242.25,421.3930498952255,144.90884358199216,3,-7,7.615773105863909,-6.4788681272242625,0.850717062754369,True,inward,left_lower,0.5605152249336243
465,480,220,540,-334.79999999999995,242.25,413.25065335701527,144.11176799208502,6,-6,8.48528137423857,-8.378208169483162,0.9873813018056793,True,inward,left_lower,0.618294894695282
465,480,600,540,45.200000000000045,242.25,246.4307255599431,79.43104767632686,0,2,2.0,1.966069770314204,0.983034885157102,True,outward,right_lower,0.7324613332748413
465,480,970,540,415.20000000000005,242.25,480.70375752640007,30.261584916666784,1,0,1.0,0.8637336269983232,0.8637336269983232,True,outward,right_lower,0.7361199259757996
465,480,260,550,-294.79999999999995,252.25,387.991111367258,139.44755836026974,-2,1,2.23606797749979,2.1697662016878936,0.9703489444511297,True,outward,left_lower,0.647668719291687
465,480,560,550,5.2000000000000455,252.25,252.30359192845432,88.81904515096821,0,2,2.0,1.9995751790290046,0.9997875895145023,True,outward,right_lower,0.6917334794998169
465,480,780,550,225.20000000000005,252.25,338.1495268368714,48.24263437446429,-8,-2,8.246211251235321,-6.819764089489614,0.8270178730223509,True,inward,right_lower,0.7793543338775635
465,480,970,550,415.20000000000005,252.25,485.8200309785508,31.280293404989234,1,0,1.0,0.854637465572784,0.854637465572784,True,outward,right_lower,0.8147485256195068
465,480,550,560,-4.7999999999999545,262.25,262.2939238716749,91.04857592688107,0,-2,2.0,-1.9996650789997226,0.9998325394998613,True,inward,left_lower,0.7322397232055664
465,480,280,570,-274.79999999999995,272.25,386.8269671313002,135.2670746359051,4,-3,5.0,-4.952989741663154,0.9905979483326307,True,inward,left_lower,0.617550790309906
465,480,180,580,-374.79999999999995,282.25,469.1909019791411,143.01775543799056,-2,7,7.280109889280518,5.808616468273209,0.7978748338436504,True,outward,left_lower,0.711749792098999
465,480,200,580,-354.79999999999995,282.25,453.3741308235396,141.49709850045204,-1,4,4.123105625617661,3.272793701980139,0.7937690661247271,True,outward,left_lower,0.610169529914856
465,480,710,580,155.20000000000005,282.25,322.10573186455406,61.19505101566867,-2,-8,8.246211251235321,-7.973779246747513,0.9669627667558242,True,inward,right_lower,0.7373638153076172
480,495,120,20,-434.79999999999995,-277.75,515.9419565222429,-147.42958216987125,7,0,7.0,-5.899113188071934,0.8427304554388477,True,inward,left_upper,0.7909961342811584
480,495,100,30,-454.79999999999995,-267.75,527.7623541898379,-149.5138136068413,-5,-5,7.0710678118654755,6.8454105741321625,0.9680872473949899,True,outward,left_upper,0.6645202040672302
480,495,140,70,-414.79999999999995,-227.75,473.2114775657919,-151.230581746208,-4,-7,8.06225774829855,6.875255893487207,0.852770539981577,True,outward,left_upper,0.6625610589981079
480,495,1030,70,475.20000000000005,-227.75,526.9583498721697,-25.607090239900813,7,-5,8.602325267042627,8.473440075640063,0.9850174008304068,True,outward,right_upper,0.6188857555389404
480,495,230,80,-324.79999999999995,-217.75,391.03721370222553,-146.1616034237159,6,7,9.219544457292887,-8.881635502458147,0.9633486278633382,True,inward,left_upper,0.5526247620582581
480,495,570,80,15.200000000000045,-217.75,218.27987195341672,-86.00695555471907,0,-1,1.0,0.9975725111588402,0.9975725111588402,True,outward,right_upper,0.5754905939102173
480,495,160,100,-394.79999999999995,-197.75,441.556454487985,-153.39432792968313,-3,-1,3.1622776601683795,3.130177321499462,0.9898489816143443,True,outward,left_upper,0.6259227395057678
480,495,160,110,-394.79999999999995,-187.75,437.16942081989214,-154.56623734774598,-1,-2,2.23606797749979,1.762017111250224,0.7879980076546621,True,outward,left_upper,0.5674797892570496
480,495,810,120,255.20000000000005,-177.75,311.00177250298754,-34.857695140034494,-8,7,10.63014581273465,-10.565373867663201,0.9939067679585492,True,inward,right_upper,0.6334645748138428
480,495,1040,120,485.20000000000005,-177.75,516.7340732910885,-20.11999393281695,-1,0,1.0,-0.938974271446341,0.938974271446341,True,inward,right_upper,0.7507965564727783
480,495,720,170,165.20000000000005,-127.75,208.8327141517823,-37.71496351582341,-4,2,4.47213595499958,-4.38772250660891,0.9811245791183292,True,inward,right_upper,0.7281498908996582
480,495,840,170,285.20000000000005,-127.75,312.5045639666724,-24.129100119306216,-1,0,1.0,-0.9126266713673203,0.9126266713673203,True,inward,right_upper,0.798581600189209
480,495,1050,180,495.20000000000005,-117.75,509.0069768677047,-13.375550891234678,-8,6,10.0,-9.170994135927689,0.9170994135927689,True,inward,right_upper,0.6466270685195923
480,495,110,190,-444.79999999999995,-107.75,457.6648364250851,-166.38277540433833,7,0,7.0,-6.803231867934129,0.9718902668477327,True,inward,left_upper,0.8510622382164001
480,495,970,190,415.20000000000005,-107.75,428.9534968968082,-14.54810303250895,-8,-3,8.54400374531753,-6.989918538235632,0.8181080845225985,True,inward,right_upper,0.7801894545555115
480,495,1050,260,495.20000000000005,-37.75,496.63679132742476,-4.359330467353118,-8,3,8.54400374531753,-8.20488951112266,0.9603096809992951,True,inward,right_middle,0.6367760300636292
480,495,270,280,-284.79999999999995,-17.75,285.35259329468164,-176.43368554458888,3,2,3.605551275463989,-3.1185979062787292,0.8649434352801999,True,inward,left_middle,0.7228949666023254
480,495,200,300,-354.79999999999995,2.25,354.80713422928795,179.63665790362165,5,-3,5.830951894845301,-5.01892388344486,0.8607383449487395,True,inward,left_middle,0.5602165460586548
480,495,850,300,295.20000000000005,2.25,295.2085745705907,0.4366971801478778,1,0,1.0,0.9999709541953409,0.9999709541953409,True,outward,right_middle,0.6411058902740479
480,495,390,310,-164.79999999999995,12.25,165.25465954096418,175.74887818433695,6,-1,6.082762530298219,-6.057620419180098,0.995866662393462,True,inward,left_middle,0.8390196561813354
480,495,840,310,285.20000000000005,12.25,285.4629616955587,2.459474569455885,6,0,6.0,5.994472942605301,0.9990788237675502,True,outward,right_middle,0.6361921429634094
480,495,400,320,-154.79999999999995,22.25,156.3908645030137,171.82067670525765,7,-6,9.219544457292887,-7.782423889450051,0.8441223886386232,True,inward,left_middle,0.8117805123329163
480,495,1000,350,445.20000000000005,52.25,448.2556218275461,6.693782131854848,1,0,1.0,0.9931833050635522,0.9931833050635522,True,outward,right_middle,0.5860960483551025
480,495,1000,360,445.20000000000005,62.25,449.53098057864713,7.9597647827904945,2,1,2.23606797749979,2.119208777943905,0.9477389771993656,True,outward,right_middle,0.6505846381187439
480,495,1020,390,465.20000000000005,92.25,474.25847646615665,11.216344909541025,5,3,5.830951894845301,5.488041077080746,0.9411912799233182,True,outward,right_middle,0.7675856947898865
480,495,1000,400,445.20000000000005,102.25,456.79109284223136,12.934917551104286,7,2,7.280109889280518,7.270062950082497,0.9986199467658017,True,outward,right_middle,0.7063071131706238
480,495,220,420,-334.79999999999995,122.25,356.4212430537775,159.94066945281176,-2,0,2.0,1.8786759011975316,0.9393379505987658,True,outward,left_lower,0.694921612739563
480,495,1010,430,455.20000000000005,132.25,474.0222594984333,16.20025243549169,4,1,4.123105625617661,4.120165162848128,0.9992868330242953,True,outward,right_lower,0.7101556658744812
480,495,1000,450,445.20000000000005,152.25,470.5136581439481,18.879720110802005,2,0,2.0,1.8923999008071148,0.9461999504035574,True,outward,right_lower,0.686059296131134
480,495,540,460,-14.799999999999955,162.25,162.92360940023394,95.21194032878505,0,2,2.0,1.991730978675053,0.9958654893375265,True,outward,left_lower,0.7302795648574829
480,495,970,480,415.20000000000005,182.25,453.4380911436533,23.69883633487515,2,4,4.47213595499958,3.439058231889848,0.7689967985085935,True,outward,right_lower,0.6761658787727356
480,495,1000,490,445.20000000000005,192.25,484.93618394588793,23.356057905399634,5,5,7.0710678118654755,6.572514292634539,0.9294938851534774,True,outward,right_lower,0.7302265763282776
480,495,970,500,415.20000000000005,202.25,461.83991003376923,25.971391271293133,1,0,1.0,0.8990128201991922,0.8990128201991922,True,outward,right_lower,0.692166805267334
480,495,230,520,-324.79999999999995,222.25,393.5607989879073,145.61744197297267,-1,0,1.0,0.8252854472174702,0.8252854472174702,True,outward,left_lower,0.7040897607803345
480,495,530,520,-24.799999999999955,222.25,223.62938648576576,96.36707058176304,5,8,9.433981132056603,7.396165709667495,0.783991997242328,True,outward,left_lower,0.6706709265708923
480,495,170,530,-384.79999999999995,232.25,449.4564522843119,148.88648664415226,5,-3,5.830951894845301,-5.8309319772368,0.9999965841583226,True,inward,left_lower,0.591323733329773
480,495,710,530,155.20000000000005,232.25,279.3333179196496,56.247354573604355,0,1,1.0,0.831443959960433,0.831443959960433,True,outward,right_lower,0.7822414040565491
480,495,960,560,405.20000000000005,262.25,482.66147816041837,32.91139862184213,8,8,11.313708498984761,11.062826104024237,0.9778249196553865,True,outward,right_lower,0.6553494334220886
480,495,690,570,135.20000000000005,272.25,303.97220678871287,63.59089546166436,0,1,1.0,0.8956410945466388,0.8956410945466388,True,outward,right_lower,0.5586980581283569
480,495,930,570,375.20000000000005,272.25,463.56779709121304,35.96512699557516,1,0,1.0,0.8093745992588319,0.8093745992588319,True,outward,right_lower,0.5584418177604675
495,510,560,20,5.2000000000000455,-277.75,277.7986726030202,-88.92744104105485,0,-2,2.0,1.9996495836170554,0.9998247918085277,True,outward,right_upper,0.9367761015892029
495,510,550,30,-4.7999999999999545,-267.75,267.79302175374175,-91.02704121410923,0,-8,8.0,7.99871477595764,0.999839346994705,True,outward,left_upper,0.9484095573425293
495,510,560,30,5.2000000000000455,-267.75,267.80049010410715,-88.88739270489401,0,-8,8.0,7.9984917098818595,0.9998114637352324,True,outward,right_upper,0.9460074305534363
495,510,540,40,-14.799999999999955,-257.75,258.1745581965814,-93.28631399975535,0,-8,8.0,7.986844305665219,0.9983555382081524,True,outward,left_upper,0.9725849032402039
495,510,550,40,-4.7999999999999545,-257.75,257.79469059699426,-91.06687858604278,0,-8,8.0,7.9986131414300035,0.9998266426787504,True,outward,left_upper,0.9544445872306824
495,510,560,40,5.2000000000000455,-257.75,257.8024485919402,-88.84423805360119,0,-8,8.0,7.998372440844478,0.9997965551055598,True,outward,right_upper,0.9422069787979126
495,510,540,50,-14.799999999999955,-247.75,248.19166484795576,-93.41865185721998,0,-8,8.0,7.985763749214501,0.9982204686518126,True,outward,left_upper,0.9711475968360901
495,510,550,50,-4.7999999999999545,-247.75,247.79649412370628,-91.10993073006469,0,-8,8.0,7.998498957820345,0.9998123697275432,True,outward,left_upper,0.9494855999946594
495,510,560,50,5.2000000000000455,-247.75,247.80456513147615,-88.79760115268768,0,-8,8.0,7.998238446286986,0.9997798057858732,True,outward,right_upper,0.93055260181427
495,510,540,60,-14.799999999999955,-237.75,238.21020654035797,-93.56208094737228,0,-8,8.0,7.984544523190949,0.9980680653988686,True,outward,left_upper,0.9660152196884155
495,510,550,60,-4.7999999999999545,-237.75,237.79844932210975,-91.15660308794732,0,-8,8.0,7.998370071049736,0.999796258881217,True,outward,left_upper,0.9482150077819824
495,510,560,60,5.2000000000000455,-237.75,237.8068596571596,-88.74704286559611,0,-7,7.0,6.998326298910422,0.999760899844346,True,outward,right_upper,0.9356716275215149
495,510,540,70,-14.799999999999955,-227.75,228.23037155470786,-93.71805454202563,0,-6,6.0,5.987371403250964,0.9978952338751607,True,outward,left_upper,0.9600907564163208
495,510,550,70,-4.7999999999999545,-227.75,227.80057616257253,-91.20737226107681,0,-8,8.0,7.99822384426152,0.99977798053269,True,outward,left_upper,0.9506443738937378
495,510,560,70,5.2000000000000455,-227.75,227.80935560244228,-88.69204699147441,0,-8,8.0,7.997915604395252,0.9997394505494065,True,outward,right_upper,0.9464148879051208
495,510,540,80,-14.799999999999955,-217.75,218.2523825757694,-93.8882909927584,0,-8,8.0,7.981585261252487,0.9976981576565609,True,outward,left_upper,0.9530386328697205
495,510,550,80,-4.7999999999999545,-217.75,217.80289828190993,-91.26280233589301,0,-8,8.0,7.998057021928461,0.9997571277410576,True,outward,left_upper,0.9467699527740479
495,510,560,80,5.2000000000000455,-217.75,217.81208070260934,-88.63200258777364,0,-8,8.0,7.997719843549207,0.9997149804436509,True,outward,right_upper,0.9433295726776123
495,510,540,90,-14.799999999999955,-207.75,208.27650491594102,-94.07483694952286,0,-8,8.0,7.979776694787402,0.9974720868484253,True,outward,left_upper,0.9525552988052368
495,510,550,90,-4.7999999999999545,-207.75,207.80544386516922,-91.32356591909029,0,-8,8.0,7.997865547152646,0.9997331933940807,True,outward,left_upper,0.9453485608100891
495,510,560,90,5.2000000000000455,-207.75,207.81506802924565,-88.56618119402542,0,-8,8.0,7.997495156444132,0.9996868945555165,True,outward,right_upper,0.9396310448646545
495,510,540,100,-14.799999999999955,-197.75,198.30305721294366,-94.28014954175754,0,-8,8.0,7.977688403972521,0.9972110504965651,True,outward,left_upper,0.9523516297340393
495,510,550,100,-4.7999999999999545,-197.75,197.80824679471783,-91.3904715475041,0,-8,8.0,7.99764431278628,0.999705539098285,True,outward,left_upper,0.9436947703361511
495,510,560,100,5.2000000000000455,-197.75,197.818357338241,-88.49370715476223,0,-8,8.0,7.997235551273976,0.999654443909247,True,outward,right_upper,0.9441899657249451
495,510,540,110,-14.799999999999955,-187.75,188.33242551403623,-94.50720449216269,0,-8,8.0,7.975259681918435,0.9969074602398044,True,outward,left_upper,0.952184796333313
495,510,550,110,-4.7999999999999545,-187.75,187.8113481661851,-91.46449984586806,0,-8,8.0,7.997386817493869,0.9996733521867336,True,outward,left_upper,0.9420362114906311
495,510,560,110,5.2000000000000455,-187.75,187.82199684807955,-88.41351847317469,0,-8,8.0,7.996933400803409,0.9996166751004262,True,outward,right_upper,0.941796064376831
495,510,970,160,415.20000000000005,-137.75,437.45411473662017,-18.354183509697584,-2,0,2.0,-1.8982562331136432,0.9491281165568216,True,inward,right_upper,0.7456569075584412
495,510,970,190,415.20000000000005,-107.75,428.9534968968082,-14.54810303250895,-4,2,4.47213595499958,-4.374133824700758,0.9780860574712043,True,inward,right_upper,0.7132645845413208
495,510,960,200,405.20000000000005,-97.75,416.8238266942043,-13.562831839482797,-8,6,10.0,-9.183975950608074,0.9183975950608074,True,inward,right_upper,0.6730297207832336
495,510,1000,260,445.20000000000005,-37.75,446.79760798374923,-4.846707547085724,3,2,3.605551275463989,2.8202926279897005,0.782208437079227,True,outward,right_middle,0.8216370940208435
495,510,1020,330,465.20000000000005,32.25,466.31652608501884,3.9656862931291386,-6,-3,6.708203932499369,-6.193110984605056,0.9232144769185039,True,inward,right_middle,0.7177748680114746
495,510,160,360,-394.79999999999995,62.25,399.6774981156682,171.03967029582037,1,0,1.0,-0.9877964155133481,0.9877964155133481,True,inward,left_middle,0.573569655418396
495,510,650,450,95.20000000000005,152.25,179.56364470571432,57.98277882111117,-1,7,7.0710678118654755,5.40504733901246,0.7643891252100028,True,outward,right_lower,0.7331154346466064
495,510,240,480,-314.79999999999995,182.25,363.7500549828137,149.9317759067767,-8,4,8.94427190999916,8.927558788007417,0.9981314161555109,True,outward,left_lower,0.7450875639915466
495,510,1010,510,455.20000000000005,212.25,502.25203085701907,24.998630502840058,-6,-5,7.810249675906654,-7.55089032398484,0.966792437798513,True,inward,right_lower,0.6911411881446838
495,510,990,540,435.20000000000005,242.25,498.08041770380817,29.102089401907307,-3,-3,4.242640687119285,-4.080365193575169,0.9617512993648539,True,inward,right_lower,0.6759480834007263
495,510,250,550,-304.79999999999995,252.25,395.64264494616856,140.38911940447053,-7,6,9.219544457292887,9.21816706714269,0.9998506010620615,True,outward,left_lower,0.6936885714530945
495,510,960,560,405.20000000000005,262.25,482.66147816041837,32.91139862184213,1,0,1.0,0.8395117869036297,0.8395117869036297,True,outward,right_lower,0.6068945527076721
510,525,1000,20,445.20000000000005,-277.75,524.736221829597,-31.959086871829637,-8,0,8.0,-6.787410229813705,0.8484262787267132,True,inward,right_upper,0.6420978307723999
510,525,1020,50,465.20000000000005,-247.75,527.0589174845636,-28.038275732285317,-3,8,8.54400374531753,-6.408391714762938,0.7500455179780326,True,inward,right_upper,0.6403921246528625
510,525,1030,60,475.20000000000005,-237.75,531.3568504310451,-26.57951798134399,-1,0,1.0,-0.8943142440235978,0.8943142440235978,True,inward,right_upper,0.7991277575492859
510,525,950,70,395.20000000000005,-227.75,456.1283837912305,-29.95443826605486,6,-5,7.810249675906654,7.695092269474949,0.9852556049793201,True,outward,right_upper,0.6874390840530396
510,525,100,80,-454.79999999999995,-217.75,504.24012384973884,-154.41574496499234,-1,0,1.0,0.9019512301554332,0.9019512301554332,True,outward,left_upper,0.703385055065155
510,525,540,80,-14.799999999999955,-217.75,218.2523825757694,-93.8882909927584,0,7,7.0,-6.983887103595926,0.9976981576565608,True,inward,left_upper,0.9795605540275574
510,525,550,80,-4.7999999999999545,-217.75,217.80289828190993,-91.26280233589301,0,8,8.0,-7.998057021928461,0.9997571277410576,True,inward,left_upper,0.9825463891029358
510,525,540,90,-14.799999999999955,-207.75,208.27650491594102,-94.07483694952286,0,5,5.0,-4.9873604342421265,0.9974720868484253,True,inward,left_upper,0.9768062233924866
510,525,600,90,45.200000000000045,-207.75,212.61021259572647,-77.72549426189272,0,-3,3.0,2.9314208023727244,0.9771402674575748,True,outward,right_upper,0.7492658495903015
510,525,1040,90,485.20000000000005,-207.75,527.8059326115992,-23.179347719018192,8,-8,11.313708498984761,10.503102859359888,0.9283519069191493,True,outward,right_upper,0.608332633972168
510,525,540,100,-14.799999999999955,-197.75,198.30305721294366,-94.28014954175754,0,1,1.0,-0.9972110504965651,0.9972110504965651,True,inward,left_upper,0.9742682576179504
510,525,1050,140,495.20000000000005,-157.75,519.7192535398318,-17.669702479722734,6,-3,6.708203932499369,6.62752048637739,0.9879724219874876,True,outward,right_upper,0.6899018287658691
510,525,1050,150,495.20000000000005,-147.75,516.7718089253709,-16.613224964196778,4,-3,5.0,4.690755103380779,0.9381510206761557,True,outward,right_upper,0.8278881311416626
510,525,970,160,415.20000000000005,-137.75,437.45411473662017,-18.354183509697584,-1,0,1.0,-0.9491281165568216,0.9491281165568216,True,inward,right_upper,0.7226083874702454
510,525,720,170,165.20000000000005,-127.75,208.8327141517823,-37.71496351582341,-4,1,4.123105625617661,-3.7759888492703872,0.9158118156880171,True,inward,right_upper,0.7707269191741943
510,525,990,170,435.20000000000005,-127.75,453.5626775871225,-16.359242648880986,8,0,8.0,7.676116603159523,0.9595145753949403,True,outward,right_upper,0.6134006381034851
510,525,410,180,-144.79999999999995,-117.75,186.6336049590212,-140.88231471984798,-1,0,1.0,0.7758517016900222,0.7758517016900222,True,outward,left_upper,0.5659518241882324
510,525,900,220,345.20000000000005,-77.75,353.84756958328825,-12.693021322735602,1,0,1.0,0.9755613141741454,0.9755613141741454,True,outward,right_middle,0.7911310195922852
510,525,1000,260,445.20000000000005,-37.75,446.79760798374923,-4.846707547085724,8,0,8.0,7.971394511426171,0.9964243139282714,True,outward,right_middle,0.7946951985359192
510,525,770,280,215.20000000000005,-17.75,215.93078173340646,-4.715163454913183,-1,0,1.0,-0.9966156667079145,0.9966156667079145,True,inward,right_middle,0.7464826107025146
510,525,200,300,-354.79999999999995,2.25,354.80713422928795,179.63665790362165,7,-4,8.06225774829855,-7.025225142144971,0.8713719359353858,True,inward,left_middle,0.627475917339325
510,525,400,300,-154.79999999999995,2.25,154.81635088064823,179.16727114532958,7,5,8.602325267042627,-6.926593954063036,0.8052001916970426,True,inward,left_middle,0.8073471188545227
510,525,980,310,425.20000000000005,12.25,425.3764244760163,1.6502333192688168,-6,2,6.324555320336759,-5.939915459848107,0.9391830980983227,True,inward,right_middle,0.6341853141784668
510,525,100,340,-454.79999999999995,42.25,456.75825389367617,174.69257077175405,-1,0,1.0,0.9957127126286545,0.9957127126286545,True,outward,left_middle,0.7699024081230164
510,525,170,350,-384.79999999999995,52.25,388.33117631732836,172.26739462796354,-1,0,1.0,0.9909067915926408,0.9909067915926408,True,outward,left_middle,0.7358038425445557
510,525,980,440,425.20000000000005,142.25,448.36380596564663,18.49758480195159,8,2,8.246211251235321,8.221225600628493,0.9969700448065668,True,outward,right_lower,0.6280045509338379
510,525,650,450,95.20000000000005,152.25,179.56364470571432,57.98277882111117,1,6,6.082762530298219,5.617506826914501,0.923512433525675,True,outward,right_lower,0.7383471727371216
510,525,660,450,105.20000000000005,152.25,185.0597268451459,55.35673682409061,1,4,4.123105625617661,3.859294575732448,0.9360164221245988,True,outward,right_lower,0.7232657074928284
510,525,980,560,425.20000000000005,262.25,499.5699175290682,31.664981338547793,-8,-1,8.06225774829855,-7.334008456958007,0.9096717924337967,True,inward,right_lower,0.681576669216156
525,540,540,20,-14.799999999999955,-277.75,278.14403193309755,-93.05013983670415,-1,-8,8.06225774829855,8.041876665317131,0.9974720377817592,True,outward,left_upper,0.9129416942596436
525,540,550,20,-4.7999999999999545,-277.75,277.7914730512799,-90.9900715305399,0,3,3.0,-2.9995521131283365,0.9998507043761121,True,inward,left_upper,0.9102150201797485
525,540,560,20,5.2000000000000455,-277.75,277.7986726030202,-88.92744104105485,0,7,7.0,-6.998773542659694,0.9998247918085277,True,inward,right_upper,0.9572574496269226
525,540,1000,20,445.20000000000005,-277.75,524.736221829597,-31.959086871829637,5,-8,9.433981132056603,8.476639909650538,0.8985220333806874,True,outward,right_upper,0.6562752723693848
525,540,100,30,-454.79999999999995,-267.75,527.7623541898379,-149.5138136068413,-8,-6,10.0,9.937995687569241,0.9937995687569241,True,outward,left_upper,0.6984777450561523
525,540,160,30,-394.79999999999995,-267.75,477.0294566376378,-145.85521361232708,-3,-1,3.1622776601683795,3.044151634231438,0.9626452707095139,True,outward,left_upper,0.8081799745559692
525,540,330,30,-224.79999999999995,-267.75,349.6070687214433,-130.01645553975723,2,2,2.8284271247461903,-2.8177347889521616,0.9962196884266593,True,inward,left_upper,0.7411810159683228
525,540,540,30,-14.799999999999955,-267.75,268.1587263170826,-93.16383001636795,0,8,8.0,-7.987806436204525,0.9984758045255656,True,inward,left_upper,0.9072105884552002
525,540,550,30,-4.7999999999999545,-267.75,267.79302175374175,-91.02704121410923,0,8,8.0,-7.99871477595764,0.999839346994705,True,inward,left_upper,0.9189462661743164
525,540,560,30,5.2000000000000455,-267.75,267.80049010410715,-88.88739270489401,0,7,7.0,-6.998680246146627,0.9998114637352324,True,inward,right_upper,0.9512131214141846
525,540,890,30,335.20000000000005,-267.75,429.0094433692574,-38.617050217614896,-1,0,1.0,-0.781334782207781,0.781334782207781,True,inward,right_upper,0.8682587742805481
525,540,260,40,-294.79999999999995,-257.75,391.58920120452757,-138.836097642527,1,0,1.0,-0.7528297488623173,0.7528297488623173,True,inward,left_upper,0.8583279848098755
525,540,310,40,-244.79999999999995,-257.75,355.4744751736754,-133.52389577110262,1,4,4.123105625617661,-3.5890059317949,0.8704617969269828,True,inward,left_upper,0.6390025615692139
525,540,540,40,-14.799999999999955,-257.75,258.1745581965814,-93.28631399975535,0,8,8.0,-7.986844305665219,0.9983555382081524,True,inward,left_upper,0.9228056073188782
525,540,550,40,-4.7999999999999545,-257.75,257.79469059699426,-91.06687858604278,0,8,8.0,-7.9986131414300035,0.9998266426787504,True,inward,left_upper,0.926667332649231
525,540,560,40,5.2000000000000455,-257.75,257.8024485919402,-88.84423805360119,0,6,6.0,-5.998779330633359,0.9997965551055598,True,inward,right_upper,0.9492373466491699
525,540,800,40,245.20000000000005,-257.75,355.75005621925067,-46.42939228434586,-3,8,8.54400374531753,-7.8639481599289605,0.9204055141289856,True,inward,right_upper,0.8551604151725769
525,540,940,40,385.20000000000005,-257.75,463.48042299540555,-33.78778329002399,1,0,1.0,0.8311030647432944,0.8311030647432944,True,outward,right_upper,0.7584031224250793
525,540,280,50,-274.79999999999995,-247.75,369.9933816975649,-137.96329289504806,-6,-7,9.219544457292887,9.143541931691436,0.9917563686629516,True,outward,left_upper,0.7544727325439453
525,540,540,50,-14.799999999999955,-247.75,248.19166484795576,-93.41865185721998,0,8,8.0,-7.985763749214501,0.9982204686518126,True,inward,left_upper,0.9297189116477966
525,540,550,50,-4.7999999999999545,-247.75,247.79649412370628,-91.10993073006469,0,8,8.0,-7.998498957820345,0.9998123697275432,True,inward,left_upper,0.9291969537734985
525,540,560,50,5.2000000000000455,-247.75,247.80456513147615,-88.79760115268768,0,8,8.0,-7.998238446286986,0.9997798057858732,True,inward,right_upper,0.948356568813324
525,540,770,50,215.20000000000005,-247.75,328.1632253924867,-49.02184585649029,-3,5,5.830951894845301,-5.742112016805958,0.9847640866120196,True,inward,right_upper,0.807986855506897
525,540,930,50,375.20000000000005,-247.75,449.61661724184535,-33.43736123573842,8,-5,9.433981132056603,9.431034880365972,0.9996876979453966,True,outward,right_upper,0.6422384977340698
525,540,1050,50,495.20000000000005,-247.75,553.7175295220479,-26.578933770881285,-1,0,1.0,-0.8943188062466463,0.8943188062466463,True,inward,right_upper,0.6532387137413025
525,540,100,60,-454.79999999999995,-237.75,513.1940203275949,-152.40135490805272,2,0,2.0,-1.7724290696515934,0.8862145348257967,True,inward,left_upper,0.5989634394645691
525,540,110,60,-444.79999999999995,-237.75,504.3531525627652,-151.87505543136137,2,0,2.0,-1.763843440810637,0.8819217204053185,True,inward,left_upper,0.6753141283988953
525,540,300,60,-254.79999999999995,-237.75,348.49404944704577,-136.98254620446522,3,2,3.605551275463989,-3.5578799751885137,0.9867783601914409,True,inward,left_upper,0.7048009634017944
525,540,550,60,-4.7999999999999545,-237.75,237.79844932210975,-91.15660308794732,0,8,8.0,-7.998370071049736,0.999796258881217,True,inward,left_upper,0.9336159825325012
525,540,560,60,5.2000000000000455,-237.75,237.8068596571596,-88.74704286559611,0,8,8.0,-7.998087198754768,0.999760899844346,True,inward,right_upper,0.9561704993247986
525,540,110,70,-444.79999999999995,-227.75,499.7170224236913,-152.88628806163854,3,0,3.0,-2.6703112764259855,0.8901037588086619,True,inward,left_upper,0.6869000792503357
525,540,320,70,-234.79999999999995,-227.75,327.11022989200444,-135.87321148207644,-3,-2,3.605551275463989,3.5458994981078433,0.9834555736976811,True,outward,left_upper,0.7210061550140381
525,540,540,70,-14.799999999999955,-227.75,228.23037155470786,-93.71805454202563,0,3,3.0,-2.993685701625482,0.9978952338751607,True,inward,left_upper,0.9199549555778503
525,540,550,70,-4.7999999999999545,-227.75,227.80057616257253,-91.20737226107681,0,8,8.0,-7.99822384426152,0.99977798053269,True,inward,left_upper,0.9334686398506165
525,540,560,70,5.2000000000000455,-227.75,227.80935560244228,-88.69204699147441,0,8,8.0,-7.997915604395252,0.9997394505494065,True,inward,right_upper,0.9577774405479431
525,540,110,80,-444.79999999999995,-217.75,495.23943956433834,-153.91613202790734,3,0,3.0,-2.694454224352306,0.8981514081174353,True,inward,left_upper,0.6922862529754639
525,540,540,80,-14.799999999999955,-217.75,218.2523825757694,-93.8882909927584,0,8,8.0,-7.981585261252487,0.9976981576565609,True,inward,left_upper,0.9243064522743225
525,540,550,80,-4.7999999999999545,-217.75,217.80289828190993,-91.26280233589301,0,8,8.0,-7.998057021928461,0.9997571277410576,True,inward,left_upper,0.936863362789154
525,540,560,80,5.2000000000000455,-217.75,217.81208070260934,-88.63200258777364,0,7,7.0,-6.998004863105556,0.9997149804436508,True,inward,right_upper,0.9617695808410645
525,540,760,80,205.20000000000005,-217.75,299.2024440073978,-46.699612505733455,1,-7,7.0710678118654755,5.780200110789334,0.8174437389908742,True,outward,right_upper,0.8187636733055115
525,540,800,80,245.20000000000005,-217.75,327.93002683499424,-41.60669645155598,-7,7,9.899494936611665,-9.882138672316854,0.9982467525458676,True,inward,right_upper,0.7181294560432434
525,540,540,90,-14.799999999999955,-207.75,208.27650491594102,-94.07483694952286,0,8,8.0,-7.979776694787402,0.9974720868484253,True,inward,left_upper,0.9257863759994507
525,540,550,90,-4.7999999999999545,-207.75,207.80544386516922,-91.32356591909029,0,8,8.0,-7.997865547152646,0.9997331933940807,True,inward,left_upper,0.936171293258667
525,540,560,90,5.2000000000000455,-207.75,207.81506802924565,-88.56618119402542,0,8,8.0,-7.997495156444132,0.9996868945555165,True,inward,right_upper,0.963167667388916
525,540,540,100,-14.799999999999955,-197.75,198.30305721294366,-94.28014954175754,0,8,8.0,-7.977688403972521,0.9972110504965651,True,inward,left_upper,0.9295923113822937
525,540,550,100,-4.7999999999999545,-197.75,197.80824679471783,-91.3904715475041,0,8,8.0,-7.99764431278628,0.999705539098285,True,inward,left_upper,0.9391692876815796
525,540,560,100,5.2000000000000455,-197.75,197.818357338241,-88.49370715476223,0,8,8.0,-7.997235551273976,0.999654443909247,True,inward,right_upper,0.9636906385421753
525,540,610,100,55.200000000000045,-197.75,205.30977205189237,-74.40343837554943,-3,8,8.54400374531753,-8.512015685051228,0.996256080729853,True,inward,right_upper,0.592509388923645
525,540,760,100,205.20000000000005,-197.75,284.9773719087184,-43.94079927975529,5,-2,5.385164807134504,4.988115338698973,0.9262697646858455,True,outward,right_upper,0.7659264802932739
525,540,460,110,-94.79999999999995,-187.75,210.32618120433793,-116.790432094327,-4,-8,8.94427190999916,8.944202710419393,0.9999922632517815,True,outward,left_upper,0.6650618314743042
525,540,540,110,-14.799999999999955,-187.75,188.33242551403623,-94.50720449216269,0,4,4.0,-3.9876298409592175,0.9969074602398044,True,inward,left_upper,0.9274643063545227
525,540,550,110,-4.7999999999999545,-187.75,187.8113481661851,-91.46449984586806,0,5,5.0,-4.998366760933668,0.9996733521867336,True,inward,left_upper,0.9376411437988281
525,540,560,110,5.2000000000000455,-187.75,187.82199684807955,-88.41351847317469,0,5,5.0,-4.998083375502131,0.9996166751004262,True,inward,right_upper,0.9620957970619202
525,540,140,120,-414.79999999999995,-177.75,451.28051420374885,-156.80391013867052,8,7,10.63014581273465,-10.11045205009673,0.9511113232317717,True,inward,left_upper,0.6985460519790649
525,540,380,120,-174.79999999999995,-177.75,249.2992228226955,-134.52058259843923,1,1,1.4142135623730951,-1.4141640555804604,0.9999649934112131,True,inward,left_upper,0.7646274566650391
525,540,920,130,365.20000000000005,-167.75,401.88443923595753,-24.6710860272605,5,-8,9.433981132056603,7.88286305890032,0.8355818130814789,True,outward,right_upper,0.8682498335838318
525,540,390,140,-164.79999999999995,-157.75,228.13176565309791,-136.25211886455696,-4,-3,5.0,4.964017162441235,0.992803432488247,True,outward,left_upper,0.7069571614265442
525,540,380,150,-174.79999999999995,-147.75,228.87792051659326,-139.79377685862764,-1,-6,6.082762530298219,4.636969776746366,0.7623131354626512,True,outward,left_upper,0.7187647223472595
525,540,970,150,415.20000000000005,-147.75,440.70523312073345,-19.58823375367738,-5,4,6.4031242374328485,-6.051664013867885,0.9451111347316492,True,inward,right_upper,0.6713838577270508
525,540,970,160,415.20000000000005,-137.75,437.45411473662017,-18.354183509697584,-7,0,7.0,-6.643896815897752,0.9491281165568217,True,inward,right_upper,0.597181499004364
525,540,720,170,165.20000000000005,-127.75,208.8327141517823,-37.71496351582341,-8,3,8.54400374531753,-8.163711355879297,0.9554901424701915,True,inward,right_upper,0.7477301359176636
525,540,910,170,355.20000000000005,-127.75,377.47463822090094,-19.781452976860656,-4,2,4.47213595499958,-4.440828151794975,0.9929993623808318,True,inward,right_upper,0.7201778292655945
525,540,970,190,415.20000000000005,-107.75,428.9534968968082,-14.54810303250895,-4,-1,4.123105625617661,-3.6205556342010934,0.8781137237197791,True,inward,right_upper,0.7679041624069214
525,540,1050,190,495.20000000000005,-107.75,506.7870386069478,-12.275581216134741,-6,2,6.324555320336759,-6.288045583722062,0.9942273037762356,True,inward,right_upper,0.7283322215080261
525,540,730,200,175.20000000000005,-97.75,200.62428193017917,-29.158624305372697,-1,1,1.4142135623730951,-1.3605033118323708,0.9620211176234255,True,inward,right_upper,0.7705708742141724
525,540,170,210,-384.79999999999995,-87.75,394.6784799048461,-167.15390915236708,-7,-2,7.280109889280518,7.26946146314265,0.9985373261805365,True,outward,left_middle,0.7251130938529968
525,540,750,230,195.20000000000005,-67.75,206.62309285266255,-19.140860948736286,1,-1,1.4142135623730951,1.2726070274608787,0.8998690589032422,True,outward,right_middle,0.6988367438316345
525,540,1020,250,465.20000000000005,-47.75,467.644205031988,-5.860545045362017,-7,-2,7.280109889280518,-6.759198480357064,0.9284473151029682,True,inward,right_middle,0.7640690207481384
525,540,1030,250,475.20000000000005,-47.75,477.59303020458754,-5.738048793063666,-1,0,1.0,-0.9949893946242004,0.9949893946242004,True,inward,right_middle,0.7559654712677002
525,540,1010,260,455.20000000000005,-37.75,456.7626325565611,-4.740724005170976,-6,-4,7.211102550927978,-5.6488859116129495,0.7833595309064089,True,inward,right_middle,0.8484534621238708
525,540,1020,260,465.20000000000005,-37.75,466.7291532570041,-4.639266467270147,-8,0,8.0,-7.9737894537535,0.9967236817191875,True,inward,right_middle,0.5783424973487854
525,540,1050,260,495.20000000000005,-37.75,496.63679132742476,-4.359330467353118,-3,1,3.1622776601683795,-3.0673321562189293,0.9699755953927225,True,inward,right_middle,0.685018002986908
525,540,250,290,-304.79999999999995,-7.75,304.898511803518,-178.54348216494702,-4,0,4.0,3.998707611881274,0.9996769029703185,True,outward,left_middle,0.5891301035881042
525,540,790,310,235.20000000000005,12.25,235.5187943668191,2.981461219982191,-7,-3,7.615773105863909,-7.14656341768846,0.9383897495824591,True,inward,right_middle,0.7402123808860779
525,540,130,330,-424.79999999999995,32.25,426.0224201846658,175.65854244108127,8,2,8.246211251235321,-7.825644477947594,0.9489987873855736,True,inward,left_middle,0.7347977757453918
525,540,140,340,-414.79999999999995,42.25,416.9461625917667,174.18412030306678,3,-2,3.605551275463989,-3.187222042624074,0.8839763462284747,True,inward,left_middle,0.6274304389953613
525,540,770,350,215.20000000000005,52.25,221.45225783450488,13.647186600067084,-8,-8,11.313708498984761,-9.661676159558331,0.8539795912565119,True,inward,right_middle,0.7055369019508362
525,540,1030,350,475.20000000000005,52.25,478.06391047641324,6.274677606552297,-6,3,6.708203932499369,-5.636171107990255,0.8401907820191011,True,inward,right_middle,0.6456824541091919
525,540,770,360,215.20000000000005,62.25,224.0225490882559,16.133348148681524,-8,0,8.0,-7.684940676760887,0.9606175845951109,True,inward,right_middle,0.7370353937149048
525,540,1030,360,475.20000000000005,62.25,479.259952948293,7.46310623616553,-4,-1,4.123105625617661,-4.096002572140201,0.9934265439844513,True,inward,right_middle,0.6783461570739746
525,540,170,370,-384.79999999999995,72.25,391.5240765265911,169.36596133542002,6,0,6.0,-5.896955355804774,0.982825892634129,True,inward,left_middle,0.5547744035720825
525,540,770,370,215.20000000000005,72.25,227.00463101003032,18.558663136817362,-8,2,8.246211251235321,-6.947435358401632,0.8425002885247299,True,inward,right_middle,0.7410537600517273
525,540,1010,380,455.20000000000005,82.25,462.57118641350763,10.242251765774824,8,-1,8.06225774829855,7.694707548900765,0.9544110085694852,True,outward,right_middle,0.6895909905433655
525,540,880,390,325.20000000000005,92.25,338.0312152745661,15.83713264046774,-7,-5,8.602325267042627,-8.098808264722956,0.9414673374129722,True,inward,right_middle,0.6720219850540161
525,540,990,400,435.20000000000005,102.25,447.05044737702707,13.221806357208482,7,2,7.280109889280518,7.2718862470085,0.9988703958598033,True,outward,right_middle,0.6485882997512817
525,540,1030,400,475.20000000000005,102.25,486.07623116132726,12.143329904011546,-1,0,1.0,-0.9776244332389142,0.9776244332389142,True,inward,right_middle,0.6863535046577454
525,540,990,410,435.20000000000005,112.25,449.44310262813025,14.462927659157764,7,1,7.0710678118654755,7.027919622149528,0.993897924491186,True,outward,right_lower,0.6254684925079346
525,540,190,420,-364.79999999999995,122.25,384.7390056908709,161.47321977578667,4,-3,5.0,-4.745944583188712,0.9491889166377424,True,inward,left_lower,0.5644171833992004
525,540,200,420,-354.79999999999995,122.25,375.2707056246197,160.9880812015588,4,-3,5.0,-4.759097827866349,0.9518195655732699,True,inward,left_lower,0.5921854972839355
525,540,390,420,-164.79999999999995,122.25,205.19284222408925,143.43167100008063,6,-2,6.324555320336759,-6.010443574114169,0.9503345721061912,True,inward,left_lower,0.5941377282142639
525,540,1010,420,455.20000000000005,122.25,471.33014172658216,15.032822066749853,-1,-1,1.4142135623730951,-1.225149738747194,0.8663116882370678,True,inward,right_lower,0.5574914813041687
525,540,600,450,45.200000000000045,152.25,158.81782802947535,73.46489195091533,3,7,7.615773105863909,7.564327096684882,0.9932448080498335,True,outward,right_lower,0.7903810739517212
525,540,610,450,55.200000000000045,152.25,161.94783882472777,70.0713011023381,1,7,7.0710678118654755,6.921673102493063,0.9788723975858747,True,outward,right_lower,0.7954822182655334
525,540,620,450,65.20000000000005,152.25,165.62337546373098,66.81730794618841,-1,8,8.06225774829855,6.960370157728405,0.8633276651564897,True,outward,right_lower,0.8153205513954163
525,540,160,470,-394.79999999999995,172.25,430.74017980680645,156.42850792994312,8,1,8.06225774829855,-6.932601461371292,0.859883382273947,True,inward,left_lower,0.6468981504440308
525,540,160,480,-394.79999999999995,182.25,434.8357189790185,155.2207181663331,8,0,8.0,-7.26343274516599,0.9079290931457488,True,inward,left_lower,0.7673580646514893
525,540,250,480,-304.79999999999995,182.25,355.1311060721096,149.12340105153342,-8,1,8.06225774829855,7.379387373258919,0.9153003542731263,True,outward,left_lower,0.6516547203063965
525,540,180,490,-374.79999999999995,192.25,421.23046245493686,152.84488733440978,-5,5,7.0710678118654755,6.730875975768999,0.9518896091583758,True,outward,left_lower,0.7256904244422913
525,540,180,500,-374.79999999999995,202.25,425.88742937541605,151.6477631040695,-1,0,1.0,0.8800447586576148,0.8800447586576148,True,outward,left_lower,0.8062149882316589
525,540,760,510,205.20000000000005,212.25,295.2238176367212,45.96753347613151,1,7,7.0710678118654755,5.727688279137246,0.8100174445401307,True,outward,right_lower,0.6516032814979553
525,540,930,510,375.20000000000005,212.25,431.0743584348297,29.49676709668407,-3,-2,3.605551275463989,-3.595899337711004,0.9973230341172327,True,inward,right_lower,0.5811123251914978
525,540,150,520,-404.79999999999995,222.25,461.7987684045941,151.23160428360285,8,-4,8.94427190999916,-8.93765917622343,0.9992606738880181,True,inward,left_lower,0.6609660387039185
525,540,200,520,-354.79999999999995,222.25,418.6622773787961,147.9365906276493,2,-3,3.605551275463989,-3.2874946570710737,0.9117869656833585,True,inward,left_lower,0.7826814651489258
525,540,170,530,-384.79999999999995,232.25,449.4564522843119,148.88648664415226,8,-3,8.54400374531753,-8.399367682482305,0.9830716292798336,True,inward,left_lower,0.610298752784729
525,540,540,530,-14.799999999999955,232.25,232.7210830586692,93.64621098793138,-2,2,2.8284271247461903,2.1231424050885708,0.7506441960314221,True,outward,left_lower,0.8206690549850464
525,540,230,540,-324.79999999999995,242.25,405.1914393222048,143.28281909280966,-7,1,7.0710678118654755,6.209040359313753,0.8780909085463424,True,outward,left_lower,0.6127013564109802
525,540,790,550,235.20000000000005,252.25,344.8899860825188,47.00327200212688,-6,-5,7.810249675906654,-7.74870279753668,0.9921197297238991,True,inward,right_lower,0.6630512475967407
525,540,160,560,-394.79999999999995,262.25,473.96424179467374,146.40548681904957,-5,4,6.4031242374328485,6.378118291273111,0.9960947273186499,True,outward,left_lower,0.5899258255958557
525,540,240,560,-314.79999999999995,262.25,409.7244226306262,140.2033812333308,5,-4,6.4031242374328485,-6.401863923949393,0.9998031721021299,True,inward,left_lower,0.7386568784713745
540,555,110,20,-444.79999999999995,-277.75,524.3968940602145,-148.01777993691582,8,1,8.06225774829855,-7.315356066085908,0.9073582480825217,True,inward,left_upper,0.6625913977622986
540,555,540,20,-14.799999999999955,-277.75,278.14403193309755,-93.05013983670415,0,-4,4.0,3.994333411644909,0.9985833529112272,True,outward,left_upper,0.9363322257995605
540,555,550,20,-4.7999999999999545,-277.75,277.7914730512799,-90.9900715305399,0,-2,2.0,1.9997014087522242,0.9998507043761121,True,outward,left_upper,0.9247562885284424
540,555,560,20,5.2000000000000455,-277.75,277.7986726030202,-88.92744104105485,0,-2,2.0,1.9996495836170554,0.9998247918085277,True,outward,right_upper,0.9344410300254822
540,555,920,20,365.20000000000005,-277.75,458.82033793196223,-37.25451949389866,-3,4,5.0,-4.809289862663442,0.9618579725326883,True,inward,right_upper,0.7676330804824829
540,555,1000,20,445.20000000000005,-277.75,524.736221829597,-31.959086871829637,8,-7,10.63014581273465,10.492605181328557,0.9870612657785631,True,outward,right_upper,0.6503002643585205
540,555,1020,20,465.20000000000005,-277.75,541.8081786942681,-30.83952594740188,-6,5,7.810249675906654,-7.7148152508023795,0.9877808739714591,True,inward,right_upper,0.6595767140388489
540,555,1030,20,475.20000000000005,-277.75,550.4181160717733,-30.30589046018609,-7,5,8.602325267042627,-8.566487661509228,0.99583396297851,True,inward,right_upper,0.6371296644210815
540,555,110,30,-444.79999999999995,-267.75,519.1696278674244,-148.9539124845788,4,7,8.06225774829855,-7.037102719215593,0.8728451680549032,True,inward,left_upper,0.6504344940185547
540,555,540,30,-14.799999999999955,-267.75,268.1587263170826,-93.16383001636795,0,-4,4.0,3.9939032181022625,0.9984758045255656,True,outward,left_upper,0.9393594264984131
540,555,550,30,-4.7999999999999545,-267.75,267.79302175374175,-91.02704121410923,0,-8,8.0,7.99871477595764,0.999839346994705,True,outward,left_upper,0.9307186007499695
540,555,560,30,5.2000000000000455,-267.75,267.80049010410715,-88.88739270489401,0,-8,8.0,7.9984917098818595,0.9998114637352324,True,outward,right_upper,0.939764678478241
540,555,110,40,-444.79999999999995,-257.75,514.0837504726247,-149.9088267085372,3,3,4.242640687119285,-4.099818362401698,0.9663364552291225,True,inward,left_upper,0.6373664736747742
540,555,180,40,-374.79999999999995,-257.75,454.8737214876234,-145.4836923037993,1,0,1.0,-0.8239649430049518,0.8239649430049518,True,inward,left_upper,0.607522189617157
540,555,360,40,-194.79999999999995,-257.75,323.08219155502826,-127.08093413615163,-1,-2,2.23606797749979,2.198511767489418,0.9832043522879101,True,outward,left_upper,0.7332246899604797
540,555,540,40,-14.799999999999955,-257.75,258.1745581965814,-93.28631399975535,0,-8,8.0,7.986844305665219,0.9983555382081524,True,outward,left_upper,0.9468747973442078
540,555,550,40,-4.7999999999999545,-257.75,257.79469059699426,-91.06687858604278,0,-8,8.0,7.9986131414300035,0.9998266426787504,True,outward,left_upper,0.929573655128479
540,555,560,40,5.2000000000000455,-257.75,257.8024485919402,-88.84423805360119,0,-8,8.0,7.998372440844478,0.9997965551055598,True,outward,right_upper,0.9256736040115356
540,555,650,40,95.20000000000005,-257.75,274.76918040420765,-69.72828360646622,0,-1,1.0,0.9380600823601429,0.9380600823601429,True,outward,right_upper,0.6491407155990601
540,555,100,50,-454.79999999999995,-247.75,517.9025994335227,-151.42088423815096,-2,-5,5.385164807134504,4.148173811735732,0.7702965387874571,True,outward,left_upper,0.6014655828475952
540,555,130,50,-424.79999999999995,-247.75,491.76732557175853,-149.7485947776901,3,3,4.242640687119285,-4.102854937859398,0.9670521829283638,True,inward,left_upper,0.6536778211593628
540,555,540,50,-14.799999999999955,-247.75,248.19166484795576,-93.41865185721998,0,-8,8.0,7.985763749214501,0.9982204686518126,True,outward,left_upper,0.95026034116745
540,555,550,50,-4.7999999999999545,-247.75,247.79649412370628,-91.10993073006469,0,-8,8.0,7.998498957820345,0.9998123697275432,True,outward,left_upper,0.9219967126846313
540,555,560,50,5.2000000000000455,-247.75,247.80456513147615,-88.79760115268768,0,-2,2.0,1.9995596115717464,0.9997798057858732,True,outward,right_upper,0.904019296169281
540,555,820,50,265.20000000000005,-247.75,362.9202426153714,-43.05161140309462,2,-1,2.23606797749979,2.1441350154300864,0.9588863294878467,True,outward,right_upper,0.8761741518974304
540,555,540,60,-14.799999999999955,-237.75,238.21020654035797,-93.56208094737228,0,-7,7.0,6.98647645779208,0.9980680653988686,True,outward,left_upper,0.9494674801826477
540,555,550,60,-4.7999999999999545,-237.75,237.79844932210975,-91.15660308794732,0,-7,7.0,6.9985738121685195,0.999796258881217,True,outward,left_upper,0.925864040851593
540,555,560,60,5.2000000000000455,-237.75,237.8068596571596,-88.74704286559611,0,-7,7.0,6.998326298910422,0.999760899844346,True,outward,right_upper,0.9172847867012024
540,555,540,70,-14.799999999999955,-227.75,228.23037155470786,-93.71805454202563,0,-6,6.0,5.987371403250964,0.9978952338751607,True,outward,left_upper,0.9475564956665039
540,555,550,70,-4.7999999999999545,-227.75,227.80057616257253,-91.20737226107681,0,-8,8.0,7.99822384426152,0.99977798053269,True,outward,left_upper,0.9370467662811279
540,555,560,70,5.2000000000000455,-227.75,227.80935560244228,-88.69204699147441,0,-8,8.0,7.997915604395252,0.9997394505494065,True,outward,right_upper,0.9398895502090454
540,555,540,80,-14.799999999999955,-217.75,218.2523825757694,-93.8882909927584,0,-3,3.0,2.9930944729696827,0.9976981576565609,True,outward,left_upper,0.9513478875160217
540,555,550,80,-4.7999999999999545,-217.75,217.80289828190993,-91.26280233589301,0,-8,8.0,7.998057021928461,0.9997571277410576,True,outward,left_upper,0.9402096271514893
540,555,560,80,5.2000000000000455,-217.75,217.81208070260934,-88.63200258777364,0,-8,8.0,7.997719843549207,0.9997149804436509,True,outward,right_upper,0.938838541507721
540,555,1040,80,485.20000000000005,-217.75,531.8214949585998,-24.169780258038173,8,-3,8.54400374531753,8.527015254155947,0.9980116475053169,True,outward,right_upper,0.6877848505973816
540,555,540,90,-14.799999999999955,-207.75,208.27650491594102,-94.07483694952286,0,-7,7.0,6.9823046079389774,0.9974720868484254,True,outward,left_upper,0.9528594613075256
540,555,550,90,-4.7999999999999545,-207.75,207.80544386516922,-91.32356591909029,0,-8,8.0,7.997865547152646,0.9997331933940807,True,outward,left_upper,0.9446353912353516
540,555,560,90,5.2000000000000455,-207.75,207.81506802924565,-88.56618119402542,0,-8,8.0,7.997495156444132,0.9996868945555165,True,outward,right_upper,0.9371219277381897
540,555,540,100,-14.799999999999955,-197.75,198.30305721294366,-94.28014954175754,0,-4,4.0,3.9888442019862604,0.9972110504965651,True,outward,left_upper,0.9569110870361328
540,555,550,100,-4.7999999999999545,-197.75,197.80824679471783,-91.3904715475041,0,-8,8.0,7.99764431278628,0.999705539098285,True,outward,left_upper,0.9444363117218018
540,555,560,100,5.2000000000000455,-197.75,197.818357338241,-88.49370715476223,0,-8,8.0,7.997235551273976,0.999654443909247,True,outward,right_upper,0.9400793313980103
540,555,230,110,-324.79999999999995,-187.75,375.16010248959043,-149.9700250162437,6,-1,6.082762530298219,-4.694129221933624,0.7717100903663725,True,inward,left_upper,0.6636075973510742
540,555,540,110,-14.799999999999955,-187.75,188.33242551403623,-94.50720449216269,0,-8,8.0,7.975259681918435,0.9969074602398044,True,outward,left_upper,0.9616996049880981
540,555,550,110,-4.7999999999999545,-187.75,187.8113481661851,-91.46449984586806,0,-8,8.0,7.997386817493869,0.9996733521867336,True,outward,left_upper,0.9455485343933105
540,555,560,110,5.2000000000000455,-187.75,187.82199684807955,-88.41351847317469,0,-8,8.0,7.996933400803409,0.9996166751004262,True,outward,right_upper,0.9369139075279236
540,555,140,120,-414.79999999999995,-177.75,451.28051420374885,-156.80391013867052,4,1,4.123105625617661,-4.07052806886901,0.9872480694110829,True,inward,left_upper,0.6893751621246338
540,555,150,120,-404.79999999999995,-177.75,442.1064379761959,-156.29344678847383,-5,-2,5.385164807134504,5.38218807871809,0.9994472354100528,True,outward,left_upper,0.5678391456604004
540,555,380,120,-174.79999999999995,-177.75,249.2992228226955,-134.52058259843923,1,2,2.23606797749979,-2.1271626682011577,0.9512960650595238,True,inward,left_upper,0.7168266773223877
540,555,150,130,-404.79999999999995,-167.75,438.18158621740366,-157.49077656648046,-6,-3,6.708203932499369,6.691403957228965,0.9974956075516707,True,outward,left_upper,0.6575456261634827
540,555,750,150,195.20000000000005,-147.75,244.81238224403606,-37.12266117856182,8,-1,8.06225774829855,6.982285717460447,0.8660459557912275,True,outward,right_upper,0.7643002867698669
540,555,1030,160,475.20000000000005,-137.75,494.762672904899,-16.165708134825703,-3,3,4.242640687119285,-3.716630418385373,0.8760181906681642,True,inward,right_upper,0.8688876628875732
540,555,120,170,-434.79999999999995,-127.75,453.1788857614617,-163.6265132004352,-2,0,2.0,1.918889046516012,0.959444523258006,True,outward,left_upper,0.6711581349372864
540,555,720,170,165.20000000000005,-127.75,208.8327141517823,-37.71496351582341,-8,4,8.94427190999916,-8.77544501321782,0.9811245791183292,True,inward,right_upper,0.7605293393135071
540,555,760,170,205.20000000000005,-127.75,241.71698843895936,-31.9048798279037,-1,0,1.0,-0.8489266779518025,0.8489266779518025,True,inward,right_upper,0.8184251189231873
540,555,910,170,355.20000000000005,-127.75,377.47463822090094,-19.781452976860656,-5,4,6.4031242374328485,-6.0586851894977665,0.9462076581426483,True,inward,right_upper,0.66594398021698
540,555,110,180,-444.79999999999995,-117.75,460.12183440910513,-165.17245787880955,4,2,4.47213595499958,-4.37862289797072,0.9790898447699655,True,inward,left_upper,0.6223389506340027
540,555,120,180,-434.79999999999995,-117.75,450.4620988496146,-164.84695503608265,-3,0,3.0,2.8956931189797386,0.9652310396599129,True,outward,left_upper,0.7408284544944763
540,555,200,180,-354.79999999999995,-117.75,373.82897493372553,-161.6401756598874,2,1,2.23606797749979,-2.2131778312440256,0.9897632153914397,True,inward,left_upper,0.602630615234375
540,555,910,180,355.20000000000005,-117.75,374.2086349885583,-18.340533249405333,-1,0,1.0,-0.9492031096793385,0.9492031096793385,True,inward,right_upper,0.6474770903587341
540,555,960,180,405.20000000000005,-117.75,421.9622050610695,-16.203718492597368,-6,8,10.0,-7.994080890519107,0.7994080890519106,True,inward,right_upper,0.6540889143943787
540,555,140,190,-414.79999999999995,-107.75,428.5663338387652,-165.43846400995017,-5,2,5.385164807134504,4.336551551665285,0.8052774069087042,True,outward,left_upper,0.8537296056747437
540,555,190,200,-364.79999999999995,-97.75,377.6693030946518,-164.99968719660507,5,-1,5.0990195135927845,-4.5707977478046855,0.8964071887977709,True,inward,left_upper,0.6126620769500732
540,555,720,200,165.20000000000005,-97.75,191.953386268646,-30.613101013183705,3,0,3.0,2.581876827671012,0.8606256092236707,True,outward,right_upper,0.6953662633895874
540,555,870,200,315.20000000000005,-97.75,330.0092460825909,-17.229737852082447,-2,3,3.605551275463989,-2.7988609742432478,0.7762643658099327,True,inward,right_upper,0.8116167783737183
540,555,180,220,-374.79999999999995,-77.75,382.7794436748138,-168.28055682323802,2,2,2.8284271247461903,-2.3645470386568563,0.8359936227344162,True,inward,left_middle,0.5758361220359802
540,555,720,220,165.20000000000005,-77.75,182.5817693528026,-25.203628999638276,-7,2,7.280109889280518,-7.185273779798995,0.9869732585189184,True,inward,right_middle,0.6455184817314148
540,555,760,220,205.20000000000005,-77.75,219.43587332065835,-20.75162970078008,-1,0,1.0,-0.9351251319794206,0.9351251319794206,True,inward,right_middle,0.8165621161460876
540,555,190,230,-364.79999999999995,-67.75,371.0378720562093,-169.4789987942691,1,1,1.4142135623730951,-1.1657839605507225,0.8243337439039264,True,inward,left_middle,0.8115811347961426
540,555,900,230,345.20000000000005,-67.75,351.78559166060234,-11.10390811996394,-1,0,1.0,-0.9812795298706947,0.9812795298706947,True,inward,right_middle,0.704474687576294
540,555,1020,230,465.20000000000005,-67.75,470.1075435472186,-8.286089756496624,8,-5,9.433981132056603,8.637066253739386,0.9155271918438224,True,outward,right_middle,0.6380722522735596
540,555,910,240,355.20000000000005,-57.75,359.8640055632128,-9.234600854389551,-1,0,1.0,-0.987039533014942,0.987039533014942,True,inward,right_middle,0.863703727722168
540,555,1010,240,455.20000000000005,-57.75,458.84867058759147,-7.230335083782001,-1,0,1.0,-0.9920482049497517,0.9920482049497517,True,inward,right_middle,0.8044329285621643
540,555,1020,240,465.20000000000005,-57.75,468.7708422033094,-7.076503654754005,5,-3,5.830951894845301,5.331496277057387,0.9143440682078952,True,outward,right_middle,0.7412002682685852
540,555,400,250,-154.79999999999995,-47.75,161.9972299145883,-162.85696584641633,7,7,9.899494936611665,-8.752310152139943,0.884116837089431,True,inward,left_middle,0.5732625126838684
540,555,810,250,255.20000000000005,-47.75,259.62877825849745,-10.597964911229113,-1,1,1.4142135623730951,-1.1668583199138662,0.8250934306950366,True,inward,right_middle,0.8374839425086975
540,555,1020,250,465.20000000000005,-47.75,467.644205031988,-5.860545045362017,5,-4,6.4031242374328485,5.382296996127282,0.8405735694869418,True,outward,right_middle,0.6863046884536743
540,555,1040,250,485.20000000000005,-47.75,487.54394930098357,-5.6205523927538685,-2,0,2.0,-1.9903846645852372,0.9951923322926186,True,inward,right_middle,0.566949725151062
540,555,180,260,-374.79999999999995,-37.75,376.69630008801516,-174.24854347256286,-6,4,7.211102550927978,5.568942406681054,0.7722733614382451,True,outward,left_middle,0.6392685770988464
540,555,200,260,-354.79999999999995,-37.75,356.80260999605923,-173.92669423038717,-1,0,1.0,0.9943873448793399,0.9943873448793399,True,outward,left_middle,0.6493939161300659
540,555,760,260,205.20000000000005,-37.75,208.64348180568695,-10.423972001507442,8,-1,8.06225774829855,8.048897504327531,0.9983428656850077,True,outward,right_middle,0.7566940784454346
540,555,1020,260,465.20000000000005,-37.75,466.7291532570041,-4.639266467270147,-1,0,1.0,-0.9967236817191875,0.9967236817191875,True,inward,right_middle,0.638928234577179
540,555,1030,260,475.20000000000005,-37.75,476.6970762444427,-4.542051668962165,-1,0,1.0,-0.9968594809596126,0.9968594809596126,True,inward,right_middle,0.670150876045227
540,555,120,270,-434.79999999999995,-27.75,435.68463652049974,-176.34819607196496,6,1,6.082762530298219,-6.0515101497639,0.9948621402892763,True,inward,left_middle,0.7206089496612549
540,555,180,270,-374.79999999999995,-27.75,375.8258938657633,-175.76557604376546,-5,-4,6.4031242374328485,5.281701001445627,0.8248631145665816,True,outward,left_middle,0.6222718358039856
540,555,990,280,435.20000000000005,-17.75,435.56182396991596,-2.335562332269234,7,-2,7.280109889280518,7.075688984654601,0.9719206292576829,True,outward,right_middle,0.7008175849914551
540,555,140,290,-414.79999999999995,-7.75,414.8723930318815,-178.92962721028798,-3,-1,3.1622776601683795,3.0181569586959154,0.9544250325365831,True,outward,left_middle,0.7875912189483643
540,555,150,290,-404.79999999999995,-7.75,404.8741810735774,-178.90319157623497,-8,1,8.06225774829855,7.979392490362078,0.9897218297251835,True,outward,left_middle,0.6487975716590881
540,555,160,290,-394.79999999999995,-7.75,394.87605966935996,-178.8754172543111,3,2,3.605551275463989,-3.0386749731161404,0.842776801926108,True,inward,left_middle,0.6122176647186279
540,555,140,300,-414.79999999999995,2.25,414.8061022935896,179.68921350153147,-3,-1,3.1622776601683795,2.9945316453441095,0.9469540524738937,True,outward,left_middle,0.7889601588249207
540,555,150,300,-404.79999999999995,2.25,404.80625303964854,179.6815361256745,-8,0,8.0,7.999876424050239,0.9999845530062799,True,outward,left_middle,0.6109799742698669
540,555,190,310,-364.79999999999995,12.25,365.00561981975017,178.07672790000498,-3,-1,3.1622776601683795,2.9647488730019975,0.9375359129103595,True,outward,left_middle,0.6135209798812866
540,555,390,310,-164.79999999999995,12.25,165.25465954096418,175.74887818433695,1,0,1.0,-0.9972487339102742,0.9972487339102742,True,inward,left_middle,0.858627438545227
540,555,990,320,435.20000000000005,22.25,435.7684046600901,2.9267511253430727,8,5,9.433981132056603,8.244861172995115,0.8739535364321573,True,outward,right_middle,0.6349805593490601
540,555,140,330,-414.79999999999995,32.25,416.0518026640432,175.5542932418465,8,-2,8.246211251235321,-8.1309586410605,0.9860235680770905,True,inward,left_middle,0.8474077582359314
540,555,770,330,215.20000000000005,32.25,217.60308476673768,8.522953880698608,-1,-1,1.4142135623730951,-1.1371621880510432,0.8040950944798245,True,inward,right_middle,0.8513720631599426
540,555,1020,330,465.20000000000005,32.25,466.31652608501884,3.9656862931291386,-1,0,1.0,-0.9976056476179547,0.9976056476179547,True,inward,right_middle,0.7604004144668579
540,555,1030,330,475.20000000000005,32.25,476.2930846653141,3.882491255784672,-8,0,8.0,-7.981640133766256,0.997705016720782,True,inward,right_middle,0.6680635213851929
540,555,140,340,-414.79999999999995,42.25,416.9461625917667,174.18412030306678,5,-3,5.830951894845301,-5.278259395217797,0.9052140182950066,True,inward,left_middle,0.6853165030479431
540,555,170,340,-384.79999999999995,42.25,387.1125191723977,173.73417692298634,-8,-2,8.246211251235321,7.733927092827211,0.9378764207221386,True,outward,left_middle,0.7611428499221802
540,555,170,350,-384.79999999999995,52.25,388.33117631732836,172.26739462796354,-3,1,3.1622776601683795,3.1072704783660603,0.9826052017837705,True,outward,left_middle,0.626308262348175
540,555,240,360,-314.79999999999995,62.25,320.8957813683439,168.81437597403357,4,0,4.0,-3.9240154377555148,0.9810038594388787,True,inward,left_middle,0.7824150919914246
540,555,250,360,-304.79999999999995,62.25,311.0917911163841,168.45709306348536,-3,-1,3.1622776601683795,2.7392236771724963,0.8662185840526865,True,outward,left_middle,0.7310898303985596
540,555,980,370,425.20000000000005,72.25,431.29468174323694,9.64359243741267,-3,-3,4.242640687119285,-3.4601632321736866,0.8155682951607921,True,inward,right_middle,0.739292562007904
540,555,60,380,-494.79999999999995,82.25,501.58957574893833,170.56209053803215,1,0,1.0,-0.9864638818723442,0.9864638818723442,True,inward,left_middle,0.6511113047599792
540,555,1010,390,455.20000000000005,92.25,464.4535525754971,11.456301612407547,-2,1,2.23606797749979,-1.7615324405705983,0.7877812563373933,True,inward,right_middle,0.7566574215888977
540,555,160,400,-394.79999999999995,102.25,407.8260689313521,165.4798999035435,3,0,3.0,-2.90417923283704,0.9680597442790133,True,inward,left_middle,0.7560398578643799
540,555,1010,400,455.20000000000005,102.25,466.54271240691355,12.660015121253961,-5,0,5.0,-4.878438649824836,0.9756877299649671,True,inward,right_middle,0.761849045753479
540,555,790,410,235.20000000000005,112.25,260.6129361716337,25.51296856142308,2,1,2.23606797749979,2.2356910157993086,0.999831417602562,True,outward,right_lower,0.6813685297966003
540,555,880,410,325.20000000000005,112.25,344.02776414121,19.043250876389784,-7,-1,7.0710678118654755,-6.943189617159947,0.9819152922715655,True,inward,right_lower,0.6620447039604187
540,555,150,420,-404.79999999999995,122.25,422.857071006268,163.19563196663177,2,0,2.0,-1.9145949199179864,0.9572974599589932,True,inward,left_lower,0.5808506608009338
540,555,880,420,325.20000000000005,122.25,347.41920283714893,20.602370565606357,-8,-1,8.06225774829855,-7.840240199033534,0.9724621122027673,True,inward,right_lower,0.6586369872093201
540,555,910,440,355.20000000000005,142.25,382.6252768702037,21.82504521060493,-4,-5,6.4031242374328485,-5.57216192678051,0.8702254899577757,True,inward,right_lower,0.699241042137146
540,555,920,450,365.20000000000005,152.25,395.6653920928643,22.63100407663417,2,2,2.8284271247461903,2.615593935385445,0.9247521042707283,True,outward,right_lower,0.5859423875808716
540,555,280,480,-274.79999999999995,182.25,329.7424790651031,146.44728015576703,-2,5,5.385164807134504,4.430275420206248,0.8226814923726798,True,outward,left_lower,0.6972063183784485
540,555,580,480,25.200000000000045,182.25,183.98397348682303,82.12753863974454,1,6,6.082762530298219,6.0804209127493465,0.9996150404463089,True,outward,right_lower,0.7692089676856995
540,555,970,480,415.20000000000005,182.25,453.4380911436533,23.69883633487515,3,0,3.0,2.747012269874307,0.915670756624769,True,outward,right_lower,0.696374773979187
540,555,150,490,-404.79999999999995,192.25,448.1329071826794,154.59574653209424,2,-1,2.23606797749979,-2.2356090881574118,0.9997947784472585,True,inward,left_lower,0.6918370723724365
540,555,210,490,-344.79999999999995,192.25,394.7747490658438,150.8572909077,-5,6,7.810249675906654,7.288966700147447,0.9332565542216557,True,outward,left_lower,0.7912300825119019
540,555,220,490,-334.79999999999995,192.25,386.07136969736564,150.134548503915,-8,7,10.63014581273465,10.423331839277433,0.9805445779295464,True,outward,left_lower,0.7874085903167725
540,555,240,490,-314.79999999999995,192.25,368.86190166510823,148.5873702222861,2,-1,2.23606797749979,-2.228069627928563,0.9964230293301861,True,inward,left_lower,0.7534567713737488
540,555,790,490,235.20000000000005,192.25,303.7747561928081,39.2622018365765,-7,-7,9.899494936611665,-9.849896803475206,0.9949898319607166,True,inward,right_lower,0.7049963474273682
540,555,220,500,-334.79999999999995,202.25,391.14716220369024,148.86416195545297,-7,0,7.0,5.991606808026815,0.8559438297181164,True,outward,left_lower,0.6752941012382507
540,555,250,500,-304.79999999999995,202.25,365.79789843573457,146.43374225296483,8,-2,8.246211251235321,-7.771777837317062,0.9424664977086069,True,inward,left_lower,0.6584621667861938
540,555,580,500,25.200000000000045,202.25,203.8138918229079,82.89764811966015,2,-6,6.324555320336759,-5.7066767608294695,0.902304821728654,True,inward,right_lower,0.745932400226593
540,555,590,500,35.200000000000045,202.25,205.2902883723436,80.12701995125617,2,-6,6.324555320336759,-5.568212744319943,0.880411738421391,True,inward,right_lower,0.7312158346176147
540,555,240,510,-314.79999999999995,212.25,379.66972818490547,146.01066949049147,-1,0,1.0,0.8291416898180703,0.8291416898180703,True,outward,left_lower,0.754258930683136
540,555,220,520,-334.79999999999995,222.25,401.8533345637435,146.4226336687282,5,-6,7.810249675906654,-7.484073768517999,0.9582374545086754,True,inward,left_lower,0.7556266188621521
540,555,820,530,265.20000000000005,232.25,352.52106674637196,41.21038865101264,-1,0,1.0,-0.7522954654815092,0.7522954654815092,True,inward,right_lower,0.5959911346435547
540,555,810,540,255.20000000000005,242.25,351.86943956530246,43.50876912608321,-2,-4,4.47213595499958,-4.204400364600128,0.9401325019870785,True,inward,right_lower,0.7477515339851379
540,555,150,550,-404.79999999999995,252.25,476.9623701090055,148.07101706156607,-3,0,3.0,2.5461128091141854,0.8487042697047285,True,outward,left_lower,0.6946213245391846
540,555,670,550,115.20000000000005,252.25,277.31048032845786,65.45430395873564,0,1,1.0,0.9096302444149417,0.9096302444149417,True,outward,right_lower,0.7331525087356567
540,555,150,560,-404.79999999999995,262.25,482.32572241173284,147.06278382539477,-4,0,4.0,3.3570674852331117,0.8392668713082779,True,outward,left_lower,0.6985037326812744
540,555,960,560,405.20000000000005,262.25,482.66147816041837,32.91139862184213,4,2,4.47213595499958,4.444730099813318,0.9938718644822004,True,outward,right_lower,0.6480098366737366
540,555,170,570,-384.79999999999995,272.25,471.3715121854523,144.7201963379242,2,-2,2.8284271247461903,-2.787822271879239,0.9856440165943483,True,inward,left_lower,0.6678755879402161
540,555,950,570,395.20000000000005,272.25,479.89905448958746,34.562633892944,5,0,5.0,4.11753259672837,0.8235065193456739,True,outward,right_lower,0.5917685627937317
540,555,960,570,405.20000000000005,272.25,488.1670846134549,33.89677545246605,4,2,4.47213595499958,4.435571484125253,0.9918239357563695,True,outward,right_lower,0.7900246977806091
540,555,630,580,75.20000000000005,282.25,292.0960501273511,75.08121820543617,7,6,9.219544457292887,7.599897359215044,0.8243246067546578,True,outward,right_lower,0.754202127456665
555,570,110,20,-444.79999999999995,-277.75,524.3968940602145,-148.01777993691582,-5,-1,5.0990195135927845,4.770718568963784,0.9356148875771455,True,outward,left_upper,0.7048660516738892
555,570,1000,20,445.20000000000005,-277.75,524.736221829597,-31.959086871829637,2,-1,2.23606797749979,2.226166121955548,0.9955717555799384,True,outward,right_upper,0.70500248670578
555,570,1010,20,455.20000000000005,-277.75,533.2467557332159,-31.390345833852482,-3,2,3.605551275463989,-3.6026473285495793,0.9991945900383746,True,inward,right_upper,0.6135096549987793
555,570,100,30,-454.79999999999995,-267.75,527.7623541898379,-149.5138136068413,-6,-1,6.082762530298219,5.67783961135305,0.9334310821886849,True,outward,left_upper,0.7357277274131775
555,570,550,30,-4.7999999999999545,-267.75,267.79302175374175,-91.02704121410923,0,-7,7.0,6.998875428962935,0.999839346994705,True,outward,left_upper,0.9825401902198792
555,570,560,30,5.2000000000000455,-267.75,267.80049010410715,-88.88739270489401,0,-8,8.0,7.9984917098818595,0.9998114637352324,True,outward,right_upper,0.9788484573364258
555,570,910,30,355.20000000000005,-267.75,444.8113111196702,-37.00901169516252,1,-1,1.4142135623730951,1.4004814725415202,0.9902899461602306,True,outward,right_upper,0.8119277954101562
555,570,550,40,-4.7999999999999545,-257.75,257.79469059699426,-91.06687858604278,0,-7,7.0,6.998786498751253,0.9998266426787504,True,outward,left_upper,0.9824067950248718
555,570,560,40,5.2000000000000455,-257.75,257.8024485919402,-88.84423805360119,0,-7,7.0,6.998575885738918,0.9997965551055598,True,outward,right_upper,0.9750602841377258
555,570,800,40,245.20000000000005,-257.75,355.75005621925067,-46.42939228434586,-3,8,8.54400374531753,-7.8639481599289605,0.9204055141289856,True,inward,right_upper,0.8571372032165527
555,570,980,40,425.20000000000005,-257.75,497.22238736806696,-31.22362868315793,4,-3,5.0,4.975741364132492,0.9951482728264984,True,outward,right_upper,0.8452908992767334
555,570,980,50,425.20000000000005,-247.75,492.1128960919436,-30.227942852092482,4,-8,8.94427190999916,7.483648628691752,0.8366973526738919,True,outward,right_upper,0.8420925140380859
555,570,340,60,-214.79999999999995,-237.75,320.41239442318704,-132.0968674483446,-5,-1,5.0990195135927845,4.0939427526249075,0.8028882301217756,True,outward,left_upper,0.7492002248764038
555,570,550,60,-4.7999999999999545,-237.75,237.79844932210975,-91.15660308794732,0,-8,8.0,7.998370071049736,0.999796258881217,True,outward,left_upper,0.9814407825469971
555,570,560,60,5.2000000000000455,-237.75,237.8068596571596,-88.74704286559611,0,-6,6.0,5.998565399066076,0.999760899844346,True,outward,right_upper,0.9771448373794556
555,570,550,70,-4.7999999999999545,-227.75,227.80057616257253,-91.20737226107681,0,-7,7.0,6.99844586372883,0.99977798053269,True,outward,left_upper,0.9859842658042908
555,570,560,70,5.2000000000000455,-227.75,227.80935560244228,-88.69204699147441,0,-8,8.0,7.997915604395252,0.9997394505494065,True,outward,right_upper,0.9826968312263489
555,570,960,70,405.20000000000005,-227.75,464.819429994057,-29.338952521236177,-4,6,7.211102550927978,-6.426796745648509,0.8912363539777229,True,inward,right_upper,0.6613191962242126
555,570,1010,70,455.20000000000005,-227.75,508.99617140013936,-26.580153521633495,5,-7,8.602325267042627,7.6036917711065914,0.8839112141269505,True,outward,right_upper,0.7668471932411194
555,570,1030,70,475.20000000000005,-227.75,526.9583498721697,-25.607090239900813,3,-3,4.242640687119285,4.001929185696683,0.9432637550114944,True,outward,right_upper,0.5517264008522034
555,570,1040,70,485.20000000000005,-227.75,535.9935657263061,-25.145081854858297,4,-7,8.06225774829855,6.595321709151075,0.8180489777249983,True,outward,right_upper,0.7329185605049133
555,570,110,80,-444.79999999999995,-217.75,495.23943956433834,-153.91613202790734,3,4,5.0,-4.453199450229747,0.8906398900459495,True,inward,left_upper,0.6617441773414612
555,570,540,80,-14.799999999999955,-217.75,218.2523825757694,-93.8882909927584,0,1,1.0,-0.9976981576565609,0.9976981576565609,True,inward,left_upper,0.9857662916183472
555,570,550,80,-4.7999999999999545,-217.75,217.80289828190993,-91.26280233589301,0,-8,8.0,7.998057021928461,0.9997571277410576,True,outward,left_upper,0.9846931099891663
555,570,560,80,5.2000000000000455,-217.75,217.81208070260934,-88.63200258777364,0,-8,8.0,7.997719843549207,0.9997149804436509,True,outward,right_upper,0.9816105365753174
555,570,960,80,405.20000000000005,-217.75,460.0022853204102,-28.25309259918515,-4,3,5.0,-4.943562396469471,0.9887124792938942,True,inward,right_upper,0.7383304834365845
555,570,1000,80,445.20000000000005,-217.75,495.5987313341309,-26.06353525644478,-5,5,7.0710678118654755,-6.688374667701091,0.9458790165295526,True,inward,right_upper,0.7859408855438232
555,570,1020,80,465.20000000000005,-217.75,513.6400514952081,-25.083271575158463,-4,8,8.94427190999916,-7.014250523323163,0.7842170490682033,True,inward,right_upper,0.567170262336731
555,570,540,90,-14.799999999999955,-207.75,208.27650491594102,-94.07483694952286,0,-4,4.0,3.989888347393701,0.9974720868484253,True,outward,left_upper,0.9852707982063293
555,570,550,90,-4.7999999999999545,-207.75,207.80544386516922,-91.32356591909029,0,-8,8.0,7.997865547152646,0.9997331933940807,True,outward,left_upper,0.9828730821609497
555,570,560,90,5.2000000000000455,-207.75,207.81506802924565,-88.56618119402542,0,-8,8.0,7.997495156444132,0.9996868945555165,True,outward,right_upper,0.9782585501670837
555,570,630,90,75.20000000000005,-207.75,220.9414006020601,-70.10108512383252,-3,6,6.708203932499369,-6.662852665858741,0.9932394323283891,True,inward,right_upper,0.6725425124168396
555,570,730,90,175.20000000000005,-207.75,271.76295277318434,-49.85835151128589,0,-2,2.0,1.5289059666156182,0.7644529833078091,True,outward,right_upper,0.7681155204772949
555,570,980,90,425.20000000000005,-207.75,473.2389486295481,-26.039838783328655,4,-3,5.0,4.910944052111968,0.9821888104223936,True,outward,right_upper,0.7764697670936584
555,570,1040,90,485.20000000000005,-207.75,527.8059326115992,-23.179347719018192,6,-4,7.211102550927978,7.090105981726057,0.9832207948302787,True,outward,right_upper,0.6383693218231201
555,570,550,100,-4.7999999999999545,-197.75,197.80824679471783,-91.3904715475041,0,-5,5.0,4.9985276954914255,0.9997055390982851,True,outward,left_upper,0.9803148508071899
555,570,560,100,5.2000000000000455,-197.75,197.818357338241,-88.49370715476223,0,-8,8.0,7.997235551273976,0.999654443909247,True,outward,right_upper,0.9777694940567017
555,570,980,100,425.20000000000005,-197.75,468.93507279793016,-24.94197295497807,7,-5,8.602325267042627,8.455648190999423,0.9829491362521299,True,outward,right_upper,0.5590799450874329
555,570,120,110,-434.79999999999995,-187.75,473.60437339619233,-156.64493998381573,-6,-8,10.0,8.679818496019507,0.8679818496019507,True,outward,left_upper,0.5725294351577759
555,570,550,110,-4.7999999999999545,-187.75,187.8113481661851,-91.46449984586806,0,-8,8.0,7.997386817493869,0.9996733521867336,True,outward,left_upper,0.9853475689888
555,570,560,110,5.2000000000000455,-187.75,187.82199684807955,-88.41351847317469,0,-8,8.0,7.996933400803409,0.9996166751004262,True,outward,right_upper,0.9808827638626099
555,570,950,120,395.20000000000005,-177.75,433.3337080126586,-24.216893559238883,6,-8,10.0,8.753530892845273,0.8753530892845273,True,outward,right_upper,0.7669888734817505
555,570,900,130,345.20000000000005,-167.75,383.80086307875865,-25.917442491495958,-1,0,1.0,-0.8994247621823679,0.8994247621823679,True,inward,right_upper,0.8143775463104248
555,570,390,140,-164.79999999999995,-157.75,228.13176565309791,-136.25211886455696,-6,-2,6.324555320336759,5.717309890036736,0.9039860670761451,True,outward,left_upper,0.715142011642456
555,570,910,140,355.20000000000005,-157.75,388.65421971207263,-23.946772226843244,5,-5,7.0710678118654755,6.599053528609693,0.9332470998985857,True,outward,right_upper,0.6985175013542175
555,570,970,150,415.20000000000005,-147.75,440.70523312073345,-19.58823375367738,-6,4,7.211102550927978,-6.9937903350369695,0.9698642178007795,True,inward,right_upper,0.7171187996864319
555,570,1030,150,475.20000000000005,-147.75,497.63953068461115,-17.271603993617248,-7,5,8.602325267042627,-8.168864708974194,0.9496112336359666,True,inward,right_upper,0.6527596712112427
555,570,1050,150,495.20000000000005,-147.75,516.7718089253709,-16.613224964196778,7,-6,9.219544457292887,8.423253600175817,0.913630129904392,True,outward,right_upper,0.849894106388092
555,570,990,170,435.20000000000005,-127.75,453.5626775871225,-16.359242648880986,3,-2,3.605551275463989,3.4418616811788634,0.9546006749650063,True,outward,right_upper,0.6598560810089111
555,570,110,180,-444.79999999999995,-117.75,460.12183440910513,-165.17245787880955,6,0,6.0,-5.800202903709861,0.9667004839516435,True,inward,left_upper,0.6844199299812317
555,570,120,180,-434.79999999999995,-117.75,450.4620988496146,-164.84695503608265,3,2,3.605551275463989,-3.4184895997522995,0.9481184258882528,True,inward,left_upper,0.7487348914146423
555,570,130,180,-424.79999999999995,-117.75,440.81753878447256,-164.50719759897825,3,2,3.605551275463989,-3.4252266916680694,0.9499869589920853,True,inward,left_upper,0.7024209499359131
555,570,140,180,-414.79999999999995,-117.75,431.1891725217598,-164.1522537832552,8,7,10.63014581273465,-9.60750005797268,0.9037975797531521,True,inward,left_upper,0.7513120174407959
555,570,100,190,-454.79999999999995,-107.75,467.3896687989583,-166.67138787567706,3,1,3.1622776601683795,-3.1497273009541558,0.9960312279429772,True,inward,left_upper,0.7105783820152283
555,570,110,190,-444.79999999999995,-107.75,457.6648364250851,-166.38277540433833,6,0,6.0,-5.831341601086397,0.9718902668477328,True,inward,left_upper,0.8558924794197083
555,570,930,190,375.20000000000005,-107.75,390.3653449014142,-16.023016019919883,7,0,7.0,6.72805625372122,0.9611508933887457,True,outward,right_upper,0.7269048690795898
555,570,1050,190,495.20000000000005,-107.75,506.7870386069478,-12.275581216134741,-8,-2,8.246211251235321,-7.391862290514079,0.896394970406166,True,inward,right_upper,0.7709039449691772
555,570,930,200,375.20000000000005,-97.75,387.72426091231387,-14.602534067863544,4,2,4.47213595499958,3.366567768879445,0.7527874382074239,True,outward,right_upper,0.8862444758415222
555,570,80,210,-474.79999999999995,-87.75,482.8406595347993,-169.52905004729823,6,4,7.211102550927978,-6.627030961068812,0.9190038436238847,True,inward,left_middle,0.7635813355445862
555,570,150,210,-404.79999999999995,-87.75,414.2017654477102,-167.76901903291235,4,1,4.123105625617661,-4.121059209284054,0.9995036711354441,True,inward,left_middle,0.6880197525024414
555,570,1040,210,485.20000000000005,-87.75,493.0710927442411,-10.251320396487202,-8,5,9.433981132056603,-8.762123887560756,0.9287832745167488,True,inward,right_middle,0.7103001475334167
555,570,100,220,-454.79999999999995,-77.75,461.39798710007386,-170.29882342026102,-6,0,6.0,5.914200053517232,0.9857000089195386,True,outward,left_middle,0.7348807454109192
555,570,750,220,195.20000000000005,-77.75,210.11449854781563,-21.717858475140158,1,0,1.0,0.9290172803357427,0.9290172803357427,True,outward,right_middle,0.6994475722312927
555,570,700,230,145.20000000000005,-67.75,160.22828245974557,-25.013653072060688,2,-4,4.47213595499958,3.5037509694397526,0.7834625343898075,True,outward,right_middle,0.7874045372009277
555,570,190,240,-364.79999999999995,-57.75,369.3427980887132,-171.00438878209383,-7,-3,7.615773105863909,7.38297866943931,0.9694325929634965,True,outward,left_middle,0.6060937643051147
555,570,200,240,-354.79999999999995,-57.75,359.4691954813374,-170.75516775830002,-1,-1,1.4142135623730951,1.1476644040321344,0.8115212826175399,True,outward,left_middle,0.6998193264007568
555,570,990,240,435.20000000000005,-57.75,439.0149228670935,-7.55885237678723,7,1,7.0710678118654755,6.807627359183821,0.9627438938939896,True,outward,right_middle,0.6163261532783508
555,570,1020,240,465.20000000000005,-57.75,468.7708422033094,-7.076503654754005,-1,0,1.0,-0.9923825419974379,0.9923825419974379,True,inward,right_middle,0.7633458375930786
555,570,1020,250,465.20000000000005,-47.75,467.644205031988,-5.860545045362017,6,-4,7.211102550927978,6.3770703622768306,0.8843405453242628,True,outward,right_middle,0.6545205116271973
555,570,200,260,-354.79999999999995,-37.75,356.80260999605923,-173.92669423038717,2,1,2.23606797749979,-2.094575485331383,0.9367226338411171,True,inward,left_middle,0.6208521723747253
555,570,240,280,-314.79999999999995,-17.75,315.3000198223907,-176.77279426507627,-4,1,4.123105625617661,3.937360995724998,0.9549503100918407,True,outward,left_middle,0.7379072308540344
555,570,890,280,335.20000000000005,-17.75,335.66963297265966,-3.031178708192996,-7,-4,8.06225774829855,-6.7786888550187445,0.8407928729950754,True,inward,right_middle,0.7169334292411804
555,570,1010,280,455.20000000000005,-17.75,455.5459389567643,-2.233051624991495,6,-2,6.324555320336759,6.073372108938034,0.960284447099223,True,outward,right_middle,0.6840121150016785
555,570,140,290,-414.79999999999995,-7.75,414.8723930318815,-178.92962721028798,8,0,8.0,-7.99860404243623,0.9998255053045287,True,inward,left_middle,0.7330068945884705
555,570,130,300,-424.79999999999995,2.25,424.8059586446498,179.6965294294033,8,-4,8.94427190999916,-8.021073929545064,0.8967833279507061,True,inward,left_middle,0.6167555451393127
555,570,770,300,215.20000000000005,2.25,215.21176199269414,0.5990279123530362,-5,0,5.0,-4.999726734436232,0.9999453468872463,True,inward,right_middle,0.7236328721046448
555,570,200,310,-354.79999999999995,12.25,355.01141178840993,178.02256312779613,1,0,1.0,-0.9994044929785638,0.9994044929785638,True,inward,left_middle,0.5684184432029724
555,570,390,310,-164.79999999999995,12.25,165.25465954096418,175.74887818433695,7,0,7.0,-6.98074113737192,0.9972487339102744,True,inward,left_middle,0.8371068835258484
555,570,1050,310,495.20000000000005,12.25,495.3514938909542,1.4170641817109857,-8,0,8.0,-7.997553351221143,0.9996941689026428,True,inward,right_middle,0.6866615414619446
555,570,140,330,-414.79999999999995,32.25,416.0518026640432,175.5542932418465,8,1,8.06225774829855,-7.898415483260209,0.9796778681414747,True,inward,left_middle,0.8031941056251526
555,570,1020,330,465.20000000000005,32.25,466.31652608501884,3.9656862931291386,-8,-2,8.246211251235321,-8.119163246875189,0.9845931664264483,True,inward,right_middle,0.7632296085357666
555,570,170,340,-384.79999999999995,42.25,387.1125191723977,173.73417692298634,-7,-2,7.280109889280518,6.739900857709166,0.925796582773184,True,outward,left_middle,0.7158605456352234
555,570,180,340,-374.79999999999995,42.25,377.1738359165439,173.568382019387,-4,-2,4.47213595499958,3.7507903923458414,0.8387022286638408,True,outward,left_middle,0.552602231502533
555,570,1020,340,465.20000000000005,42.25,467.1146566957625,5.189431650136513,-8,-4,8.94427190999916,-8.329004333798919,0.9312109937632365,True,inward,right_middle,0.6227135062217712
555,570,1010,350,455.20000000000005,52.25,458.18893755742295,6.548021899745431,-7,0,7.0,-6.95433638574188,0.9934766265345543,True,inward,right_middle,0.6468392014503479
555,570,1010,360,455.20000000000005,62.25,459.43672306423224,7.787070757519876,-5,0,5.0,-4.953892202652248,0.9907784405304495,True,inward,right_middle,0.6318617463111877
555,570,980,370,425.20000000000005,72.25,431.29468174323694,9.64359243741267,-3,-3,4.242640687119285,-3.4601632321736866,0.8155682951607921,True,inward,right_middle,0.7245420217514038
555,570,980,380,425.20000000000005,82.25,433.0820967207026,10.94798727209347,-4,-3,5.0,-4.496953383081054,0.8993906766162109,True,inward,right_middle,0.7242546677589417
555,570,990,390,435.20000000000005,92.25,444.86975903066286,11.96792407129872,-2,-1,2.23606797749979,-2.1638917468733787,0.9677218083919286,True,inward,right_middle,0.6199426651000977
555,570,190,400,-364.79999999999995,102.25,378.85894802683487,164.34231660996605,-1,0,1.0,0.9628913396395772,0.9628913396395772,True,outward,left_middle,0.5644649267196655
555,570,1000,400,445.20000000000005,102.25,456.79109284223136,12.934917551104286,5,1,5.0990195135927845,5.096968913104752,0.9995978441575746,True,outward,right_middle,0.7424327731132507
555,570,1020,400,465.20000000000005,102.25,476.304632037103,12.396375143303029,8,4,8.94427190999916,8.67218104164529,0.9695793161151901,True,outward,right_middle,0.6807248592376709
555,570,320,410,-234.79999999999995,112.25,260.2519980711003,154.4491017773765,1,0,1.0,-0.9022024873593981,0.9022024873593981,True,inward,left_lower,0.7320309281349182
555,570,1020,410,465.20000000000005,112.25,478.551044821762,13.56581911422435,8,5,9.433981132056603,8.94961999632696,0.9486578222969106,True,outward,right_lower,0.6627334356307983
555,570,220,430,-334.79999999999995,132.25,359.9737525153743,158.4453879343728,-1,1,1.4142135623730951,1.2974557081909812,0.9174397295510371,True,outward,left_lower,0.5653060078620911
555,570,1020,450,465.20000000000005,152.25,489.48044138657883,18.122163651672622,-8,-8,11.313708498984761,-10.091516600760016,0.891972477606753,True,inward,right_lower,0.5903216004371643
555,570,630,470,75.20000000000005,172.25,187.94973397161277,66.41513366599371,-6,-8,10.0,-9.732389407245853,0.9732389407245853,True,inward,right_lower,0.6919679641723633
555,570,1050,470,495.20000000000005,172.25,524.3024914112082,19.17968116460944,1,0,1.0,0.9444929370202378,0.9444929370202378,True,outward,right_lower,0.6977787613868713
555,570,20,480,-534.8,182.25,565.0009756628743,161.18183434364875,-4,3,5.0,4.753885596124451,0.9507771192248902,True,outward,left_lower,0.7569848299026489
555,570,960,480,405.20000000000005,182.25,444.2995639205603,24.21716139390147,-5,-1,5.0990195135927845,-4.970182686010536,0.9747330193111048,True,inward,right_lower,0.6209952235221863
555,570,180,490,-374.79999999999995,192.25,421.23046245493686,152.84488733440978,-3,3,4.242640687119285,4.038525585461399,0.9518896091583758,True,outward,left_lower,0.7485067844390869
555,570,240,490,-314.79999999999995,192.25,368.86190166510823,148.5873702222861,-7,-1,7.0710678118654755,5.452853739896714,0.7711499712598786,True,outward,left_lower,0.7024900913238525
555,570,980,490,425.20000000000005,192.25,466.6423710937532,24.32963672063364,-6,-2,6.324555320336759,-6.29111324185816,0.9947123431158765,True,inward,right_lower,0.7134307026863098
555,570,1000,490,445.20000000000005,192.25,484.93618394588793,23.356057905399634,7,1,7.0710678118654755,6.822856510887212,0.964897621182227,True,outward,right_lower,0.7659460306167603
555,570,250,500,-304.79999999999995,202.25,365.79789843573457,146.43374225296483,8,0,8.0,-6.665975967678752,0.833246995959844,True,inward,left_lower,0.5635648369789124
555,570,980,500,425.20000000000005,202.25,470.85040352536606,25.438494587915823,7,7,9.899494936611665,9.32812198336235,0.9422826157386892,True,outward,right_lower,0.645050585269928
555,570,770,510,215.20000000000005,212.25,302.2599915635545,44.60458564470689,2,1,2.23606797749979,2.1261497318108464,0.9508430661343998,True,outward,right_lower,0.8338408470153809
555,570,150,520,-404.79999999999995,222.25,461.7987684045941,151.23160428360285,4,-2,4.47213595499958,-4.468829588111715,0.9992606738880181,True,inward,left_lower,0.6799740195274353
555,570,160,520,-394.79999999999995,222.25,453.05860823959625,150.6229573851729,2,-4,4.47213595499958,-3.705039413161942,0.8284719987146031,True,inward,left_lower,0.8032515645027161
555,570,780,520,225.20000000000005,222.25,316.40180546261115,44.62225924531005,-2,-1,2.23606797749979,-2.125936035720524,0.9507474983375026,True,inward,right_lower,0.7118414044380188
555,570,970,530,415.20000000000005,232.25,475.74268517760737,29.221295446554823,6,4,7.211102550927978,7.189180425807596,0.9969599482235124,True,outward,right_lower,0.5904632210731506
555,570,230,540,-324.79999999999995,242.25,405.1914393222048,143.28281909280966,-4,7,8.06225774829855,7.391444412078116,0.9167958458829971,True,outward,left_lower,0.6338204741477966
555,570,150,550,-404.79999999999995,252.25,476.9623701090055,148.07101706156607,1,0,1.0,-0.8487042697047285,0.8487042697047285,True,inward,left_lower,0.6759818196296692
555,570,160,570,-394.79999999999995,272.25,479.5697055694823,145.4102548975433,-5,8,9.433981132056603,8.65776122173847,0.9177208540644052,True,outward,left_lower,0.5981994867324829
555,570,640,570,85.20000000000005,272.25,285.27022715313285,72.6226113395108,0,-1,1.0,-0.9543582683581501,0.9543582683581501,True,inward,right_lower,0.7788342237472534
555,570,770,570,215.20000000000005,272.25,347.0318465213244,51.67539421016885,-8,-7,10.63014581273465,-10.452498917205592,0.9832883858172254,True,inward,right_lower,0.7342929840087891
555,570,950,570,395.20000000000005,272.25,479.89905448958746,34.562633892944,8,5,9.433981132056603,9.42458618679803,0.9990041377943136,True,outward,right_lower,0.5840611457824707
570,585,550,20,-4.7999999999999545,-277.75,277.7914730512799,-90.9900715305399,0,8,8.0,-7.998805635008897,0.9998507043761121,True,inward,left_upper,0.8719020485877991
570,585,560,20,5.2000000000000455,-277.75,277.7986726030202,-88.92744104105485,0,8,8.0,-7.998598334468221,0.9998247918085277,True,inward,right_upper,0.9480629563331604
570,585,540,30,-14.799999999999955,-267.75,268.1587263170826,-93.16383001636795,-1,-6,6.082762530298219,6.046046020083285,0.993963842903278,True,outward,left_upper,0.8977802395820618
570,585,550,30,-4.7999999999999545,-267.75,267.79302175374175,-91.02704121410923,0,8,8.0,-7.99871477595764,0.999839346994705,True,inward,left_upper,0.8870090246200562
570,585,560,30,5.2000000000000455,-267.75,267.80049010410715,-88.88739270489401,0,8,8.0,-7.9984917098818595,0.9998114637352324,True,inward,right_upper,0.9461629390716553
570,585,540,40,-14.799999999999955,-257.75,258.1745581965814,-93.28631399975535,-1,-6,6.082762530298219,6.047458784886085,0.9941961000061589,True,outward,left_upper,0.9111198782920837
570,585,550,40,-4.7999999999999545,-257.75,257.79469059699426,-91.06687858604278,0,8,8.0,-7.9986131414300035,0.9998266426787504,True,inward,left_upper,0.8971104025840759
570,585,560,40,5.2000000000000455,-257.75,257.8024485919402,-88.84423805360119,0,8,8.0,-7.998372440844478,0.9997965551055598,True,inward,right_upper,0.9440186619758606
570,585,540,50,-14.799999999999955,-247.75,248.19166484795576,-93.41865185721998,-1,-8,8.06225774829855,8.045395082962418,0.9979084437805664,True,outward,left_upper,0.9095476865768433
570,585,550,50,-4.7999999999999545,-247.75,247.79649412370628,-91.10993073006469,0,8,8.0,-7.998498957820345,0.9998123697275432,True,inward,left_upper,0.9081570506095886
570,585,560,50,5.2000000000000455,-247.75,247.80456513147615,-88.79760115268768,0,8,8.0,-7.998238446286986,0.9997798057858732,True,inward,right_upper,0.9486103057861328
570,585,540,60,-14.799999999999955,-237.75,238.21020654035797,-93.56208094737228,-1,-8,8.06225774829855,8.046674522635337,0.9980671387408198,True,outward,left_upper,0.9067559242248535
570,585,550,60,-4.7999999999999545,-237.75,237.79844932210975,-91.15660308794732,0,8,8.0,-7.998370071049736,0.999796258881217,True,inward,left_upper,0.9204710721969604
570,585,560,60,5.2000000000000455,-237.75,237.8068596571596,-88.74704286559611,0,8,8.0,-7.998087198754768,0.999760899844346,True,inward,right_upper,0.9596875905990601
570,585,540,70,-14.799999999999955,-227.75,228.23037155470786,-93.71805454202563,0,7,7.0,-6.9852666371261245,0.9978952338751607,True,inward,left_upper,0.9019792675971985
570,585,550,70,-4.7999999999999545,-227.75,227.80057616257253,-91.20737226107681,0,8,8.0,-7.99822384426152,0.99977798053269,True,inward,left_upper,0.9290540814399719
570,585,560,70,5.2000000000000455,-227.75,227.80935560244228,-88.69204699147441,0,8,8.0,-7.997915604395252,0.9997394505494065,True,inward,right_upper,0.9664677381515503
570,585,540,80,-14.799999999999955,-217.75,218.2523825757694,-93.8882909927584,0,6,6.0,-5.986188945939365,0.9976981576565609,True,inward,left_upper,0.9088108539581299
570,585,550,80,-4.7999999999999545,-217.75,217.80289828190993,-91.26280233589301,0,8,8.0,-7.998057021928461,0.9997571277410576,True,inward,left_upper,0.9327948689460754
570,585,560,80,5.2000000000000455,-217.75,217.81208070260934,-88.63200258777364,0,8,8.0,-7.997719843549207,0.9997149804436509,True,inward,right_upper,0.9658393263816833
570,585,540,90,-14.799999999999955,-207.75,208.27650491594102,-94.07483694952286,0,8,8.0,-7.979776694787402,0.9974720868484253,True,inward,left_upper,0.899187445640564
570,585,550,90,-4.7999999999999545,-207.75,207.80544386516922,-91.32356591909029,0,8,8.0,-7.997865547152646,0.9997331933940807,True,inward,left_upper,0.9171345233917236
570,585,560,90,5.2000000000000455,-207.75,207.81506802924565,-88.56618119402542,0,8,8.0,-7.997495156444132,0.9996868945555165,True,inward,right_upper,0.9530996680259705
570,585,540,100,-14.799999999999955,-197.75,198.30305721294366,-94.28014954175754,0,8,8.0,-7.977688403972521,0.9972110504965651,True,inward,left_upper,0.9077552556991577
570,585,550,100,-4.7999999999999545,-197.75,197.80824679471783,-91.3904715475041,0,8,8.0,-7.99764431278628,0.999705539098285,True,inward,left_upper,0.9155736565589905
570,585,560,100,5.2000000000000455,-197.75,197.818357338241,-88.49370715476223,0,8,8.0,-7.997235551273976,0.999654443909247,True,inward,right_upper,0.9467394351959229
570,585,970,100,415.20000000000005,-197.75,459.8870540687137,-25.467362360156542,-6,8,10.0,-8.856957298457472,0.8856957298457472,True,inward,right_upper,0.6631737947463989
570,585,540,110,-14.799999999999955,-187.75,188.33242551403623,-94.50720449216269,0,4,4.0,-3.9876298409592175,0.9969074602398044,True,inward,left_upper,0.8975288271903992
570,585,550,110,-4.7999999999999545,-187.75,187.8113481661851,-91.46449984586806,0,5,5.0,-4.998366760933668,0.9996733521867336,True,inward,left_upper,0.9031655192375183
570,585,560,110,5.2000000000000455,-187.75,187.82199684807955,-88.41351847317469,0,5,5.0,-4.998083375502131,0.9996166751004262,True,inward,right_upper,0.9357141852378845
570,585,1050,140,495.20000000000005,-157.75,519.7192535398318,-17.669702479722734,8,2,8.246211251235321,7.01551842685497,0.8507565733055908,True,outward,right_upper,0.6791700720787048
570,585,760,170,205.20000000000005,-127.75,241.71698843895936,-31.9048798279037,-1,0,1.0,-0.8489266779518025,0.8489266779518025,True,inward,right_upper,0.7863454818725586
570,585,750,190,195.20000000000005,-107.75,222.9643525319687,-28.898607611475366,-6,-1,6.082762530298219,-4.769596520356421,0.7841168378017516,True,inward,right_upper,0.6776676774024963
570,585,720,220,165.20000000000005,-77.75,182.5817693528026,-25.203628999638276,-2,1,2.23606797749979,-2.2354367659310617,0.999717713604828,True,inward,right_middle,0.644199550151825
570,585,700,230,145.20000000000005,-67.75,160.22828245974557,-25.013653072060688,2,-4,4.47213595499958,3.5037509694397526,0.7834625343898075,True,outward,right_middle,0.725174069404602
570,585,730,250,175.20000000000005,-47.75,181.59048020201945,-15.245433116524142,1,0,1.0,0.9648082862333422,0.9648082862333422,True,outward,right_middle,0.7763873338699341
570,585,1020,260,465.20000000000005,-37.75,466.7291532570041,-4.639266467270147,-8,-4,8.94427190999916,-7.650261345542844,0.8553252207136403,True,inward,right_middle,0.6649601459503174
570,585,820,370,265.20000000000005,72.25,274.8656080705624,15.23957875781553,1,0,1.0,0.9648351492992857,0.9648351492992857,True,outward,right_middle,0.6985642910003662
570,585,880,430,325.20000000000005,132.25,351.0628184527664,22.130239098786873,8,2,8.246211251235321,8.164065943046083,0.9900384181672605,True,outward,right_lower,0.5627818703651428
570,585,580,470,25.200000000000045,172.25,174.0836077866035,81.67673254237937,3,4,5.0,4.392142429270354,0.8784284858540709,True,outward,right_lower,0.6415103077888489
570,585,1000,470,445.20000000000005,172.25,477.36055817379804,21.151691383464808,-3,-3,4.242640687119285,-3.8804001886674393,0.9146190957081016,True,inward,right_lower,0.6000086069107056
570,585,790,480,235.20000000000005,182.25,297.5468072421548,37.771118223022604,-8,-4,8.94427190999916,-8.773745630802201,0.9809345823882747,True,inward,right_lower,0.6045315265655518
570,585,250,510,-304.79999999999995,212.25,371.4203851433036,145.14825702931324,-3,8,8.54400374531753,7.033539634589707,0.8232135476818324,True,outward,left_lower,0.5900236368179321
570,585,1050,540,495.20000000000005,242.25,551.2786069674752,26.067708506268882,2,4,4.47213595499958,3.5542826716575315,0.7947617665075806,True,outward,right_lower,0.6892167329788208
570,585,710,560,155.20000000000005,262.25,304.73283790888047,59.382880558843276,0,1,1.0,0.8605898917871678,0.8605898917871678,True,outward,right_lower,0.7968752384185791
585,600,550,30,-4.7999999999999545,-267.75,267.79302175374175,-91.02704121410923,0,-8,8.0,7.99871477595764,0.999839346994705,True,outward,left_upper,0.9830067753791809
585,600,560,30,5.2000000000000455,-267.75,267.80049010410715,-88.88739270489401,0,-8,8.0,7.9984917098818595,0.9998114637352324,True,outward,right_upper,0.9802843928337097
585,600,980,30,425.20000000000005,-267.75,502.4789572708493,-32.1987716690496,1,0,1.0,0.8462045899581943,0.8462045899581943,True,outward,right_upper,0.8721907734870911
585,600,540,40,-14.799999999999955,-257.75,258.1745581965814,-93.28631399975535,0,-6,6.0,5.990133229248914,0.9983555382081524,True,outward,left_upper,0.9849860072135925
585,600,550,40,-4.7999999999999545,-257.75,257.79469059699426,-91.06687858604278,0,-6,6.0,5.998959856072503,0.9998266426787504,True,outward,left_upper,0.9826138019561768
585,600,560,40,5.2000000000000455,-257.75,257.8024485919402,-88.84423805360119,0,-3,3.0,2.9993896653166794,0.9997965551055598,True,outward,right_upper,0.9772026538848877
585,600,640,40,85.20000000000005,-257.75,271.4665771324345,-71.70854895608568,5,-6,7.810249675906654,7.266087858166493,0.9303272186779366,True,outward,right_upper,0.7317988276481628
585,600,800,40,245.20000000000005,-257.75,355.75005621925067,-46.42939228434586,-3,8,8.54400374531753,-7.8639481599289605,0.9204055141289856,True,inward,right_upper,0.8338238596916199
585,600,550,50,-4.7999999999999545,-247.75,247.79649412370628,-91.10993073006469,0,-6,6.0,5.998874218365259,0.9998123697275432,True,outward,left_upper,0.9850947260856628
585,600,550,60,-4.7999999999999545,-237.75,237.79844932210975,-91.15660308794732,0,-8,8.0,7.998370071049736,0.999796258881217,True,outward,left_upper,0.9834988117218018
585,600,1050,60,495.20000000000005,-237.75,549.3160315337611,-25.646083570129488,-1,2,2.23606797749979,-1.7671066276541767,0.7902741085850298,True,inward,right_upper,0.7899305820465088
585,600,110,70,-444.79999999999995,-227.75,499.7170224236913,-152.88628806163854,3,1,3.1622776601683795,-3.126069214979656,0.9885498842670268,True,inward,left_upper,0.5645521879196167
585,600,540,70,-14.799999999999955,-227.75,228.23037155470786,-93.71805454202563,0,-2,2.0,1.995790467750321,0.9978952338751605,True,outward,left_upper,0.9845536947250366
585,600,550,70,-4.7999999999999545,-227.75,227.80057616257253,-91.20737226107681,0,-8,8.0,7.99822384426152,0.99977798053269,True,outward,left_upper,0.9830626249313354
585,600,560,70,5.2000000000000455,-227.75,227.80935560244228,-88.69204699147441,0,-8,8.0,7.997915604395252,0.9997394505494065,True,outward,right_upper,0.9791646003723145
585,600,850,70,295.20000000000005,-227.75,372.84460905315507,-37.65057559877539,-1,4,4.123105625617661,-3.2351279077446353,0.7846337691773293,True,inward,right_upper,0.6659078001976013
585,600,960,70,405.20000000000005,-227.75,464.819429994057,-29.338952521236177,-4,5,6.4031242374328485,-5.93682153096587,0.9271757521522135,True,inward,right_upper,0.5942095518112183
585,600,100,80,-454.79999999999995,-217.75,504.24012384973884,-154.41574496499234,-4,-6,7.211102550927978,6.198832366088034,0.8596233824590835,True,outward,left_upper,0.6753286719322205
585,600,120,80,-434.79999999999995,-217.75,486.2778038323361,-153.398063698428,3,1,3.1622776601683795,-3.130206618529565,0.9898582461487248,True,inward,left_upper,0.7691794633865356
585,600,550,80,-4.7999999999999545,-217.75,217.80289828190993,-91.26280233589301,0,-8,8.0,7.998057021928461,0.9997571277410576,True,outward,left_upper,0.9828886389732361
585,600,560,80,5.2000000000000455,-217.75,217.81208070260934,-88.63200258777364,0,-8,8.0,7.997719843549207,0.9997149804436509,True,outward,right_upper,0.9805669784545898
585,600,1040,80,485.20000000000005,-217.75,531.8214949585998,-24.169780258038173,8,-3,8.54400374531753,8.527015254155947,0.9980116475053169,True,outward,right_upper,0.748589813709259
585,600,160,100,-394.79999999999995,-197.75,441.556454487985,-153.39432792968313,2,2,2.8284271247461903,-2.6839150191433725,0.9489072550823505,True,inward,left_upper,0.573354184627533
585,600,550,100,-4.7999999999999545,-197.75,197.80824679471783,-91.3904715475041,0,-2,2.0,1.99941107819657,0.999705539098285,True,outward,left_upper,0.9839463829994202
585,600,560,100,5.2000000000000455,-197.75,197.818357338241,-88.49370715476223,0,-3,3.0,2.998963331727741,0.9996544439092471,True,outward,right_upper,0.9836768507957458
585,600,640,100,85.20000000000005,-197.75,215.3232511829598,-66.69134973486166,-2,4,4.47213595499958,-4.4649149347234225,0.9983853307795608,True,inward,right_upper,0.664612352848053
585,600,700,100,145.20000000000005,-197.75,245.3326364346986,-53.7116350135247,0,-1,1.0,0.806048485329167,0.806048485329167,True,outward,right_upper,0.8834502696990967
585,600,390,110,-164.79999999999995,-187.75,249.81813885304643,-131.2754632329703,-6,-8,10.0,9.970452952038016,0.9970452952038016,True,outward,left_upper,0.6889195442199707
585,600,540,110,-14.799999999999955,-187.75,188.33242551403623,-94.50720449216269,0,-2,2.0,1.9938149204796087,0.9969074602398044,True,outward,left_upper,0.9855077862739563
585,600,550,110,-4.7999999999999545,-187.75,187.8113481661851,-91.46449984586806,0,-8,8.0,7.997386817493869,0.9996733521867336,True,outward,left_upper,0.9862704873085022
585,600,560,110,5.2000000000000455,-187.75,187.82199684807955,-88.41351847317469,0,-1,1.0,0.9996166751004262,0.9996166751004262,True,outward,right_upper,0.9832707047462463
585,600,140,120,-414.79999999999995,-177.75,451.28051420374885,-156.80391013867052,7,5,8.602325267042627,-8.403531463553929,0.976890689747536,True,inward,left_upper,0.784935712814331
585,600,140,130,-414.79999999999995,-167.75,447.43614348865464,-157.9810126499806,3,1,3.1622776601683795,-3.156092820283766,0.9980441819001168,True,inward,left_upper,0.6077641248703003
585,600,110,140,-444.79999999999995,-157.75,471.94502063270033,-160.47275653867337,4,2,4.47213595499958,-4.438440725980744,0.992465517739646,True,inward,left_upper,0.6023780703544617
585,600,840,140,285.20000000000005,-157.75,325.92039288758843,-28.9478859134297,-3,0,3.0,-2.625180929672912,0.8750603098909706,True,inward,right_upper,0.6490100026130676
585,600,110,150,-444.79999999999995,-147.75,468.69723969744047,-161.6249698262499,6,1,6.082762530298219,-6.0093163804808745,0.987925527348551,True,inward,left_upper,0.6197389364242554
585,600,130,150,-424.79999999999995,-147.75,449.76116161803026,-160.82177667589178,-1,0,1.0,0.9445012959139653,0.9445012959139653,True,outward,left_upper,0.6222236752510071
585,600,1020,150,465.20000000000005,-147.75,488.09948012674636,-17.62012550063034,5,-1,5.0990195135927845,5.068126684661974,0.9939414177866043,True,outward,right_upper,0.5887496471405029
585,600,1050,190,495.20000000000005,-107.75,506.7870386069478,-12.275581216134741,-7,0,7.0,-6.839953937118071,0.977136276731153,True,inward,right_upper,0.7104062438011169
585,600,190,200,-364.79999999999995,-97.75,377.6693030946518,-164.99968719660507,3,0,3.0,-2.8977732397957703,0.9659244132652568,True,inward,left_upper,0.6923279166221619
585,600,1050,200,495.20000000000005,-97.75,504.75548783544696,-11.166345488413036,-3,2,3.605551275463989,-3.3305234722837684,0.9237210118042689,True,inward,right_upper,0.7429147362709045
585,600,120,210,-434.79999999999995,-87.75,443.56634509394416,-168.59000425683686,4,3,5.0,-4.514431769109749,0.9028863538219498,True,inward,left_middle,0.5579879283905029
585,600,1040,210,485.20000000000005,-87.75,493.0710927442411,-10.251320396487202,-8,3,8.54400374531753,-8.406191441748053,0.9838702898924869,True,inward,right_middle,0.720761775970459
585,600,1050,220,495.20000000000005,-77.75,501.26649848159616,-8.923008573158713,2,0,2.0,1.9757953164635085,0.9878976582317542,True,outward,right_middle,0.5994948744773865
585,600,1020,250,465.20000000000005,-47.75,467.644205031988,-5.860545045362017,-4,-2,4.47213595499958,-3.7748783819084197,0.8440884668741638,True,inward,right_middle,0.7523987293243408
585,600,160,260,-394.79999999999995,-37.75,396.60068393788725,-174.53809550602546,8,-2,8.246211251235321,-7.773309842508545,0.9426522806269445,True,inward,left_middle,0.7014145851135254
585,600,780,260,225.20000000000005,-37.75,228.34207343369732,-9.515948682425034,-1,0,1.0,-0.9862396211681522,0.9862396211681522,True,inward,right_middle,0.7699045538902283
585,600,910,260,355.20000000000005,-37.75,357.2003674410205,-6.066517490963468,-1,1,1.4142135623730951,-1.1000828549396227,0.7778760465948642,True,inward,right_middle,0.7009450793266296
585,600,780,290,225.20000000000005,-7.75,225.3333142258375,-1.970990766471491,1,0,1.0,0.9994083687700797,0.9994083687700797,True,outward,right_middle,0.7492586970329285
585,600,170,340,-384.79999999999995,42.25,387.1125191723977,173.73417692298634,-1,0,1.0,0.9940262351180436,0.9940262351180436,True,outward,left_middle,0.7439733147621155
585,600,380,370,-174.79999999999995,72.25,189.14307415287502,157.54324763430117,-2,1,2.23606797749979,2.2303222144895423,0.9974304166652965,True,outward,left_middle,0.8001962304115295
585,600,770,370,215.20000000000005,72.25,227.00463101003032,18.558663136817362,-8,-8,11.313708498984761,-10.130189810525897,0.895390738716216,True,inward,right_middle,0.7551757097244263
585,600,1010,400,455.20000000000005,102.25,466.54271240691355,12.660015121253961,-2,0,2.0,-1.9513754599299344,0.9756877299649672,True,inward,right_middle,0.7935950756072998
585,600,230,410,-324.79999999999995,112.25,343.6496799067329,160.9349890907335,7,2,7.280109889280518,-5.9627583548342855,0.8190478503097947,True,inward,left_lower,0.636735200881958
585,600,990,410,435.20000000000005,112.25,449.44310262813025,14.462927659157764,3,2,3.605551275463989,3.4044353802577025,0.9442204867325301,True,outward,right_lower,0.6280649900436401
585,600,880,420,325.20000000000005,122.25,347.41920283714893,20.602370565606357,-8,-1,8.06225774829855,-7.840240199033534,0.9724621122027673,True,inward,right_lower,0.558254063129425
585,600,980,440,425.20000000000005,142.25,448.36380596564663,18.49758480195159,4,0,4.0,3.793348119027954,0.9483370297569885,True,outward,right_lower,0.6569234728813171
585,600,820,510,265.20000000000005,212.25,339.67793937787604,38.671662553130545,-1,0,1.0,-0.7807395454815724,0.7807395454815724,True,inward,right_lower,0.69223552942276
585,600,570,560,15.200000000000045,262.25,262.6901263846816,86.68284997973437,1,4,4.123105625617661,4.051161018673358,0.9825508697867704,True,outward,right_lower,0.7461333274841309
585,600,170,580,-384.79999999999995,282.25,477.2170391970513,143.7400304023215,-1,0,1.0,0.8063417028181789,0.8063417028181789,True,outward,left_lower,0.812009334564209
585,600,180,580,-374.79999999999995,282.25,469.1909019791411,143.01775543799056,-3,2,3.605551275463989,3.5996009148427257,0.9983496668978872,True,outward,left_lower,0.703781008720398
600,615,540,20,-14.799999999999955,-277.75,278.14403193309755,-93.05013983670415,0,-8,8.0,7.988666823289818,0.9985833529112272,True,outward,left_upper,0.9276453256607056
600,615,550,20,-4.7999999999999545,-277.75,277.7914730512799,-90.9900715305399,0,-2,2.0,1.9997014087522242,0.9998507043761121,True,outward,left_upper,0.9013537764549255
600,615,100,30,-454.79999999999995,-267.75,527.7623541898379,-149.5138136068413,-6,-4,7.211102550927978,7.1998314579163765,0.9984369806236979,True,outward,left_upper,0.7092163562774658
600,615,540,30,-14.799999999999955,-267.75,268.1587263170826,-93.16383001636795,0,-8,8.0,7.987806436204525,0.9984758045255656,True,outward,left_upper,0.9220752120018005
600,615,550,30,-4.7999999999999545,-267.75,267.79302175374175,-91.02704121410923,0,-8,8.0,7.99871477595764,0.999839346994705,True,outward,left_upper,0.9182526469230652
600,615,560,30,5.2000000000000455,-267.75,267.80049010410715,-88.88739270489401,0,-8,8.0,7.9984917098818595,0.9998114637352324,True,outward,right_upper,0.934974730014801
600,615,100,40,-454.79999999999995,-257.75,522.7600812036052,-150.45835704385402,-3,-7,7.615773105863909,6.061384780384312,0.7958988137024768,True,outward,left_upper,0.676358163356781
600,615,540,40,-14.799999999999955,-257.75,258.1745581965814,-93.28631399975535,0,-8,8.0,7.986844305665219,0.9983555382081524,True,outward,left_upper,0.9266060590744019
600,615,550,40,-4.7999999999999545,-257.75,257.79469059699426,-91.06687858604278,0,-8,8.0,7.9986131414300035,0.9998266426787504,True,outward,left_upper,0.9185237884521484
600,615,560,40,5.2000000000000455,-257.75,257.8024485919402,-88.84423805360119,0,-8,8.0,7.998372440844478,0.9997965551055598,True,outward,right_upper,0.9232691526412964
600,615,780,40,225.20000000000005,-257.75,342.27197153725575,-48.85580575691054,5,-3,5.830951894845301,5.548949835038625,0.951637045735882,True,outward,right_upper,0.8500679731369019
600,615,540,50,-14.799999999999955,-247.75,248.19166484795576,-93.41865185721998,0,-8,8.0,7.985763749214501,0.9982204686518126,True,outward,left_upper,0.9302195906639099
600,615,550,50,-4.7999999999999545,-247.75,247.79649412370628,-91.10993073006469,0,-8,8.0,7.998498957820345,0.9998123697275432,True,outward,left_upper,0.9214681386947632
600,615,560,50,5.2000000000000455,-247.75,247.80456513147615,-88.79760115268768,0,-8,8.0,7.998238446286986,0.9997798057858732,True,outward,right_upper,0.9230345487594604
600,615,540,60,-14.799999999999955,-237.75,238.21020654035797,-93.56208094737228,0,-7,7.0,6.98647645779208,0.9980680653988686,True,outward,left_upper,0.9413979649543762
600,615,550,60,-4.7999999999999545,-237.75,237.79844932210975,-91.15660308794732,0,-8,8.0,7.998370071049736,0.999796258881217,True,outward,left_upper,0.9337524175643921
600,615,560,60,5.2000000000000455,-237.75,237.8068596571596,-88.74704286559611,0,-5,5.0,4.99880449922173,0.9997608998443461,True,outward,right_upper,0.9405155181884766
600,615,110,70,-444.79999999999995,-227.75,499.7170224236913,-152.88628806163854,5,4,6.4031242374328485,-6.273550548257993,0.9797639895197778,True,inward,left_upper,0.5993310809135437
600,615,120,70,-434.79999999999995,-227.75,490.83714458056244,-152.35427083569977,3,3,4.242640687119285,-4.049510152086221,0.9544786963413114,True,inward,left_upper,0.7907491326332092
600,615,200,70,-354.79999999999995,-227.75,421.60775906048025,-147.30315081814385,3,0,3.0,-2.5246214689500297,0.8415404896500099,True,inward,left_upper,0.6158204674720764
600,615,210,70,-344.79999999999995,-227.75,413.227664248172,-146.55412738439236,-4,-7,8.06225774829855,7.195670225539972,0.8925130466163202,True,outward,left_upper,0.6108132600784302
600,615,540,70,-14.799999999999955,-227.75,228.23037155470786,-93.71805454202563,0,-7,7.0,6.9852666371261245,0.9978952338751607,True,outward,left_upper,0.9569923281669617
600,615,550,70,-4.7999999999999545,-227.75,227.80057616257253,-91.20737226107681,0,-8,8.0,7.99822384426152,0.99977798053269,True,outward,left_upper,0.9578410983085632
600,615,560,70,5.2000000000000455,-227.75,227.80935560244228,-88.69204699147441,0,-8,8.0,7.997915604395252,0.9997394505494065,True,outward,right_upper,0.9637437462806702
600,615,540,80,-14.799999999999955,-217.75,218.2523825757694,-93.8882909927584,0,-8,8.0,7.981585261252487,0.9976981576565609,True,outward,left_upper,0.9642466306686401
600,615,550,80,-4.7999999999999545,-217.75,217.80289828190993,-91.26280233589301,0,-8,8.0,7.998057021928461,0.9997571277410576,True,outward,left_upper,0.9633448123931885
600,615,560,80,5.2000000000000455,-217.75,217.81208070260934,-88.63200258777364,0,-8,8.0,7.997719843549207,0.9997149804436509,True,outward,right_upper,0.9612308740615845
600,615,1010,80,455.20000000000005,-217.75,504.6009339071818,-25.56464152392703,-2,3,3.605551275463989,-3.098785386488452,0.8594484309725083,True,inward,right_upper,0.74854576587677
600,615,1040,80,485.20000000000005,-217.75,531.8214949585998,-24.169780258038173,-1,1,1.4142135623730951,-1.3217780903246905,0.9346382508923935,True,inward,right_upper,0.6968054175376892
600,615,1050,80,495.20000000000005,-217.75,540.9603520591875,-23.736116009543114,4,-1,4.123105625617661,4.064161063987648,0.9857038439025724,True,outward,right_upper,0.7455256581306458
600,615,540,90,-14.799999999999955,-207.75,208.27650491594102,-94.07483694952286,0,-7,7.0,6.9823046079389774,0.9974720868484254,True,outward,left_upper,0.9663766026496887
600,615,550,90,-4.7999999999999545,-207.75,207.80544386516922,-91.32356591909029,0,-8,8.0,7.997865547152646,0.9997331933940807,True,outward,left_upper,0.9546442627906799
600,615,560,90,5.2000000000000455,-207.75,207.81506802924565,-88.56618119402542,0,-8,8.0,7.997495156444132,0.9996868945555165,True,outward,right_upper,0.9423172473907471
600,615,540,100,-14.799999999999955,-197.75,198.30305721294366,-94.28014954175754,0,-5,5.0,4.986055252482825,0.997211050496565,True,outward,left_upper,0.9694355130195618
600,615,550,100,-4.7999999999999545,-197.75,197.80824679471783,-91.3904715475041,0,-8,8.0,7.99764431278628,0.999705539098285,True,outward,left_upper,0.9465033411979675
600,615,560,100,5.2000000000000455,-197.75,197.818357338241,-88.49370715476223,0,-8,8.0,7.997235551273976,0.999654443909247,True,outward,right_upper,0.9298032522201538
600,615,100,110,-454.79999999999995,-187.75,492.0295748224897,-157.568243433569,-4,-3,5.0,4.842086984018227,0.9684173968036454,True,outward,left_upper,0.7181269526481628
600,615,540,110,-14.799999999999955,-187.75,188.33242551403623,-94.50720449216269,0,-8,8.0,7.975259681918435,0.9969074602398044,True,outward,left_upper,0.9713863134384155
600,615,550,110,-4.7999999999999545,-187.75,187.8113481661851,-91.46449984586806,0,-8,8.0,7.997386817493869,0.9996733521867336,True,outward,left_upper,0.9346238970756531
600,615,560,110,5.2000000000000455,-187.75,187.82199684807955,-88.41351847317469,0,-8,8.0,7.996933400803409,0.9996166751004262,True,outward,right_upper,0.9062824845314026
600,615,150,120,-404.79999999999995,-177.75,442.1064379761959,-156.29344678847383,-1,0,1.0,0.9156166145261956,0.9156166145261956,True,outward,left_upper,0.7024369239807129
600,615,880,120,325.20000000000005,-177.75,370.60774749052405,-28.66043013093769,-1,1,1.4142135623730951,-1.357095212945757,0.9596112277897464,True,inward,right_upper,0.681080162525177
600,615,90,130,-464.79999999999995,-167.75,494.14481935966904,-160.15508542359177,1,0,1.0,-0.940614940782552,0.940614940782552,True,inward,left_upper,0.6763662099838257
600,615,100,130,-454.79999999999995,-167.75,484.7505569878182,-159.75383440502046,-8,1,8.06225774829855,7.159661706355125,0.8880467394962773,True,outward,left_upper,0.6195128560066223
600,615,80,140,-474.79999999999995,-157.75,500.320000099936,-161.6211826626093,-3,-1,3.1622776601683795,3.162276142636662,0.9999995201143351,True,outward,left_upper,0.6505254507064819
600,615,120,140,-434.79999999999995,-157.75,462.53227184705713,-160.05869743999688,-1,-1,1.4142135623730951,1.2810997979313647,0.9058743544939837,True,outward,left_upper,0.6689355969429016
600,615,290,140,-264.79999999999995,-157.75,308.22735521040306,-149.21636314400476,2,2,2.8284271247461903,-2.741807259200324,0.9693752528435254,True,inward,left_upper,0.7604652643203735
600,615,120,150,-434.79999999999995,-147.75,459.2179248461453,-161.23165319992668,-1,0,1.0,0.9468271521536834,0.9468271521536834,True,outward,left_upper,0.6902700662612915
600,615,130,150,-424.79999999999995,-147.75,449.76116161803026,-160.82177667589178,-1,0,1.0,0.9445012959139653,0.9445012959139653,True,outward,left_upper,0.625545859336853
600,615,390,150,-164.79999999999995,-147.75,221.33481989962624,-138.1224627772381,-6,-5,7.810249675906654,7.805143360558593,0.9993462033148808,True,outward,left_upper,0.6906288266181946
600,615,970,150,415.20000000000005,-147.75,440.70523312073345,-19.58823375367738,-4,0,4.0,-3.768505284676335,0.9421263211690838,True,inward,right_upper,0.7006131410598755
600,615,1050,150,495.20000000000005,-147.75,516.7718089253709,-16.613224964196778,6,0,6.0,5.7495396395144365,0.9582566065857394,True,outward,right_upper,0.830552339553833
600,615,970,160,415.20000000000005,-137.75,437.45411473662017,-18.354183509697584,-4,0,4.0,-3.7965124662272864,0.9491281165568216,True,inward,right_upper,0.7097625732421875
600,615,720,170,165.20000000000005,-127.75,208.8327141517823,-37.71496351582341,-6,2,6.324555320336759,-5.969850102574842,0.9439161806963164,True,inward,right_upper,0.763699471950531
600,615,110,180,-444.79999999999995,-117.75,460.12183440910513,-165.17245787880955,-2,1,2.23606797749979,1.6774904868212144,0.75019655202829,True,outward,left_upper,0.6659352779388428
600,615,960,180,405.20000000000005,-117.75,421.9622050610695,-16.203718492597368,1,0,1.0,0.960275577148803,0.960275577148803,True,outward,right_upper,0.6693997383117676
600,615,1050,180,495.20000000000005,-117.75,509.0069768677047,-13.375550891234678,6,-5,7.810249675906654,6.993911992929838,0.8954786700999988,True,outward,right_upper,0.6726263761520386
600,615,160,190,-394.79999999999995,-107.75,409.2396638890223,-164.73444390084757,-8,0,8.0,7.7177269915276225,0.9647158739409528,True,outward,left_upper,0.7753428816795349
600,615,280,190,-274.79999999999995,-107.75,295.1696164919418,-158.58968806168429,3,1,3.1622776601683795,-3.158014741078365,0.9986519466194542,True,inward,left_upper,0.7712589502334595
600,615,930,190,375.20000000000005,-107.75,390.3653449014142,-16.023016019919883,8,1,8.06225774829855,7.413183669597605,0.9194922689195933,True,outward,right_upper,0.6841405034065247
600,615,1050,190,495.20000000000005,-107.75,506.7870386069478,-12.275581216134741,-8,4,8.94427190999916,-8.667546060519513,0.9690611094716067,True,inward,right_upper,0.7501530647277832
600,615,140,200,-414.79999999999995,-97.75,426.16206131001377,-166.73984927944352,-1,-1,1.4142135623730951,1.2027114718387446,0.8504454375480296,True,outward,left_upper,0.79740309715271
600,615,140,210,-414.79999999999995,-87.75,423.9800732345802,-168.05531430335847,1,0,1.0,-0.9783478662934684,0.9783478662934684,True,inward,left_middle,0.6773748397827148
600,615,820,210,265.20000000000005,-87.75,279.34047773281986,-18.3084682788947,-8,6,10.0,-9.47982913716079,0.947982913716079,True,inward,right_middle,0.7234466671943665
600,615,900,210,345.20000000000005,-87.75,356.1784700118749,-14.262530481194466,3,-2,3.605551275463989,3.4002616720758625,0.9430629083588034,True,outward,right_middle,0.8478643298149109
600,615,1040,210,485.20000000000005,-87.75,493.0710927442411,-10.251320396487202,-5,4,6.4031242374328485,-5.63204787476853,0.8795781037393302,True,inward,right_middle,0.642193078994751
600,615,700,230,145.20000000000005,-67.75,160.22828245974557,-25.013653072060688,4,-5,6.4031242374328485,5.738999294528544,0.8962811093025791,True,outward,right_middle,0.7348344326019287
600,615,1000,250,445.20000000000005,-47.75,447.75339473866643,-6.121865295625408,8,1,8.06225774829855,7.847735028454395,0.9733917313807753,True,outward,right_middle,0.8043352365493774
600,615,220,280,-334.79999999999995,-17.75,335.2701932770045,-176.96520657745947,6,2,6.324555320336759,-6.097470162851527,0.9640946839764317,True,inward,left_middle,0.6628497838973999
600,615,910,290,355.20000000000005,-7.75,355.2845373781415,-1.24992074447275,4,0,4.0,3.999048229019306,0.9997620572548265,True,outward,right_middle,0.7777774930000305
600,615,140,300,-414.79999999999995,2.25,414.8061022935896,179.68921350153147,-7,1,7.0710678118654755,7.005321242702717,0.9907020310210526,True,outward,left_middle,0.7926766872406006
600,615,150,300,-404.79999999999995,2.25,404.80625303964854,179.6815361256745,-7,1,7.0710678118654755,7.005450085580184,0.9907202521555255,True,outward,left_middle,0.6788088083267212
600,615,200,300,-354.79999999999995,2.25,354.80713422928795,179.63665790362165,3,2,3.605551275463989,-2.9872567311880993,0.8285159474825876,True,inward,left_middle,0.6479624509811401
600,615,260,300,-294.79999999999995,2.25,294.80858620467615,179.56271030935886,1,0,1.0,-0.9999708753235896,0.9999708753235896,True,inward,left_middle,0.7130483984947205
600,615,410,300,-144.79999999999995,2.25,144.81747995321555,179.10977120275535,-4,0,4.0,3.9995171866484283,0.9998792966621071,True,outward,left_middle,0.7184075117111206
600,615,980,310,425.20000000000005,12.25,425.3764244760163,1.6502333192688168,-5,3,5.830951894845301,-4.91153218604807,0.8423208207891374,True,inward,right_middle,0.6938220262527466
600,615,320,320,-234.79999999999995,22.25,235.85186558515915,174.58673067312142,-1,0,1.0,0.9955401430361831,0.9955401430361831,True,outward,left_middle,0.6982918381690979
600,615,1000,330,445.20000000000005,32.25,446.3665562068915,4.143232168401972,8,1,8.06225774829855,8.051342444961863,0.9986461232476734,True,outward,right_middle,0.6862121820449829
600,615,800,350,245.20000000000005,52.25,250.70521035670563,12.029313610882477,2,-1,2.23606797749979,1.747670099782116,0.7815818290713303,True,outward,right_middle,0.7447594404220581
600,615,160,360,-394.79999999999995,62.25,399.6774981156682,171.03967029582037,1,0,1.0,-0.9877964155133481,0.9877964155133481,True,inward,left_middle,0.7263393998146057
600,615,200,370,-354.79999999999995,72.25,362.08162408495684,168.48990163599524,-1,0,1.0,0.9798895508620223,0.9798895508620223,True,outward,left_middle,0.7401240468025208
600,615,400,370,-154.79999999999995,72.25,170.8306251817864,154.9800672267293,5,-5,7.0710678118654755,-6.645471201618232,0.9398115501688332,True,inward,left_middle,0.6240037083625793
600,615,770,370,215.20000000000005,72.25,227.00463101003032,18.558663136817362,-3,1,3.1622776601683795,-2.5257193980975057,0.7987026028457667,True,inward,right_middle,0.6986453533172607
600,615,980,370,425.20000000000005,72.25,431.29468174323694,9.64359243741267,-1,0,1.0,-0.9858688687776,0.9858688687776,True,inward,right_middle,0.7245708703994751
600,615,980,380,425.20000000000005,82.25,433.0820967207026,10.94798727209347,-1,0,1.0,-0.9817999940879898,0.9817999940879898,True,inward,right_middle,0.7420137524604797
600,615,380,390,-174.79999999999995,92.25,197.64893751295497,152.17732790071176,-1,0,1.0,0.884396355475185,0.884396355475185,True,outward,left_middle,0.7162446975708008
600,615,890,390,335.20000000000005,92.25,347.6623397781244,15.387374521476765,-8,-7,10.63014581273465,-9.57063684874091,0.9003297807331604,True,inward,right_middle,0.5900460481643677
600,615,160,400,-394.79999999999995,102.25,407.8260689313521,165.4798999035435,4,-1,4.123105625617661,-4.122958604402094,0.999964342117589,True,inward,left_middle,0.7761418223381042
600,615,990,400,435.20000000000005,102.25,447.05044737702707,13.221806357208482,8,-2,8.246211251235321,7.3304926082228175,0.8889528032797699,True,outward,right_middle,0.6023614406585693
600,615,790,410,235.20000000000005,112.25,260.6129361716337,25.51296856142308,6,7,9.219544457292887,8.429934569913826,0.9143547828163613,True,outward,right_lower,0.6519020795822144
600,615,800,410,245.20000000000005,112.25,269.6722130661593,24.59781224813869,3,4,5.0,4.392740306949531,0.8785480613899063,True,outward,right_lower,0.7482830882072449
600,615,230,420,-324.79999999999995,122.25,347.0448133887034,159.37439178869636,8,-6,10.0,-9.600777396630171,0.9600777396630171,True,inward,left_lower,0.6313867568969727
600,615,320,420,-234.79999999999995,122.25,264.71891224466754,152.49599586555686,4,-2,4.47213595499958,-4.471535448536296,0.9998657226727171,True,inward,left_lower,0.7811185121536255
600,615,900,420,345.20000000000005,122.25,366.20773134929857,19.501219501077028,1,0,1.0,0.9426343860303135,0.9426343860303135,True,outward,right_lower,0.804212212562561
600,615,1030,420,475.20000000000005,122.25,490.67311165377714,14.42707389417061,-1,0,1.0,-0.9684655399159205,0.9684655399159205,True,inward,right_lower,0.7549295425415039
600,615,320,430,-234.79999999999995,132.25,269.483028222558,150.60981740039597,4,-2,4.47213595499958,-4.466700585707757,0.998784614478067,True,inward,left_lower,0.7654384970664978
600,615,180,440,-374.79999999999995,142.25,400.8866454498079,159.21645569092573,3,-1,3.1622776601683795,-3.1596213402887923,0.999159997898652,True,inward,left_lower,0.5521097183227539
600,615,850,440,295.20000000000005,142.25,327.68598154330624,25.72833342766991,-2,0,2.0,-1.8017249234141381,0.9008624617070691,True,inward,right_lower,0.8211715221405029
600,615,980,440,425.20000000000005,142.25,448.36380596564663,18.49758480195159,-1,0,1.0,-0.9483370297569885,0.9483370297569885,True,inward,right_lower,0.706352949142456
600,615,990,440,435.20000000000005,142.25,457.8581685413072,18.100560702595132,-8,-8,11.313708498984761,-10.08958738186895,0.8918019571367198,True,inward,right_lower,0.6472134590148926
600,615,610,450,55.200000000000045,152.25,161.94783882472777,70.0713011023381,0,6,6.0,5.64070509757564,0.9401175162626066,True,outward,right_lower,0.7715771794319153
600,615,390,470,-164.79999999999995,172.25,238.38855362621752,133.73376631875985,6,-2,6.324555320336759,-5.592969879294431,0.8843261851643708,True,inward,left_lower,0.7601378560066223
600,615,530,470,-24.799999999999955,172.25,174.0261546434903,98.19295983358475,0,-1,1.0,-0.9897937488354615,0.9897937488354615,True,inward,left_lower,0.7898430824279785
600,615,470,490,-84.79999999999995,192.25,210.1216373912977,113.8019078293138,-1,3,3.1622776601683795,3.1484144527582973,0.9956160688908816,True,outward,left_lower,0.7584248781204224
600,615,820,510,265.20000000000005,212.25,339.67793937787604,38.671662553130545,-1,0,1.0,-0.7807395454815724,0.7807395454815724,True,inward,right_lower,0.7302173972129822
600,615,980,510,425.20000000000005,212.25,475.2316303656566,26.527308703207947,5,8,9.433981132056603,8.046602447437488,0.8529381535537726,True,outward,right_lower,0.6811457872390747
600,615,810,520,255.20000000000005,222.25,338.4111441722923,41.05213677336997,-1,0,1.0,-0.7541122814503777,0.7541122814503777,True,inward,right_lower,0.7385745644569397
600,615,960,520,405.20000000000005,222.25,462.14943741175324,28.74452919045248,-7,-1,7.0710678118654755,-6.618313801548325,0.9359709138190678,True,inward,right_lower,0.5576010346412659
600,615,180,580,-374.79999999999995,282.25,469.1909019791411,143.01775543799056,-2,7,7.280109889280518,5.808616468273209,0.7978748338436504,True,outward,left_lower,0.6470298767089844
600,615,220,580,-334.79999999999995,282.25,437.89964889230043,139.86775076161518,-1,0,1.0,0.7645587313141294,0.7645587313141294,True,outward,left_lower,0.5552932024002075
600,615,840,580,285.20000000000005,282.25,401.253165096551,44.70213934814392,-8,-1,8.06225774829855,-6.38960691907085,0.792533198336323,True,inward,right_lower,0.562533974647522
