t0,t1,x,y,rx_from_center,ry_from_center,r_from_center_px,theta_deg,dx,dy,speed_px,radial_component,radiality,radial_aligned,direction_label,sector,corr
0,15,790,40,237.6500000000001,-261.25,353.1700511085277,-47.70830460695626,-5,8,9.433981132056603,-9.282355595301052,0.983927725248429,True,inward,right_upper,0.7072409391403198
0,15,210,90,-342.3499999999999,-211.25,402.28110196726857,-148.3229838913227,-1,-1,1.4142135623730951,1.3761521416063023,0.9730865112742063,True,outward,left_upper,0.6443188786506653
0,15,230,150,-322.3499999999999,-151.25,356.0703371526473,-154.86353796659552,8,1,8.06225774829855,-7.6671649254221,0.9509947665764186,True,inward,left_upper,0.6353272795677185
0,15,930,160,377.6500000000001,-141.25,403.201047865702,-20.506981370108374,1,-1,1.4142135623730951,1.28695102045676,0.9100117936199222,True,outward,right_upper,0.6175262331962585
0,15,940,170,387.6500000000001,-131.25,409.2665207416801,-18.70500110767116,1,0,1.0,0.9471822891779514,0.9471822891779514,True,outward,right_upper,0.783892035484314
0,15,940,190,387.6500000000001,-111.25,403.2977622055447,-16.012721167298825,-4,-1,4.123105625617661,-3.5689511197099613,0.8655977905429759,True,inward,right_upper,0.7857050895690918
0,15,860,330,307.6500000000001,28.75,308.9904286543518,5.338805438222022,-5,-1,5.0990195135927845,-5.071354497368283,0.9945744439395156,True,inward,right_middle,0.6701772809028625
0,15,260,390,-292.3499999999999,88.75,305.5242789043122,163.11304865609517,-4,6,7.211102550927978,5.570424733849126,0.7724789232309951,True,outward,left_middle,0.6211197376251221
0,15,840,420,287.6500000000001,118.75,311.1978229358298,22.43221027462378,6,6,8.48528137423857,7.835530393484817,0.9234261125710685,True,outward,right_lower,0.6022120118141174
0,15,500,560,-52.34999999999991,258.75,263.99258512314316,101.43762510752148,1,5,5.0990195135927845,4.702404802092949,0.9222174556417064,True,outward,left_lower,0.6925311088562012
15,30,850,60,297.6500000000001,-241.25,383.1410771504408,-39.025309848348435,4,-1,4.123105625617661,3.7371351843795715,0.9063884177887709,True,outward,right_upper,0.7211565375328064
15,30,710,370,157.6500000000001,68.75,171.98861880950153,23.561660146196807,2,0,2.0,1.833260841225974,0.916630420612987,True,outward,right_middle,0.5649877190589905
15,30,380,420,-172.3499999999999,118.75,209.2990324870136,145.43296663366996,6,-3,6.708203932499369,-6.642887850359589,0.9902632533540994,True,inward,left_lower,0.5869615077972412
15,30,390,420,-162.3499999999999,118.75,201.1444381532832,143.81660471958173,3,-2,3.605551275463989,-3.602137879884367,0.9990532944010947,True,inward,left_lower,0.621304988861084
15,30,800,420,247.6500000000001,118.75,274.649021480143,25.618061183809843,-1,0,1.0,-0.9016962764526182,0.9016962764526182,True,inward,right_lower,0.7040143609046936
15,30,840,460,287.6500000000001,158.75,328.5484515257986,28.893689869112613,-5,0,5.0,-4.37758873408376,0.8755177468167521,True,inward,right_lower,0.7174270153045654
15,30,520,490,-32.34999999999991,188.75,191.50218014424794,99.7254721973357,0,1,1.0,0.9856284657324795,0.9856284657324795,True,outward,left_lower,0.6487203240394592
15,30,550,510,-2.349999999999909,208.75,208.76322712585184,90.64497913479101,3,8,8.54400374531753,7.965722809015111,0.9323173358135124,True,outward,left_lower,0.6513591408729553
15,30,470,550,-82.34999999999991,248.75,262.02687839227485,108.31739790751374,-1,1,1.4142135623730951,1.2636108250861087,0.8935077831991157,True,outward,left_lower,0.6067518591880798
30,45,900,230,347.6500000000001,-71.25,354.87615445391657,-11.582239737802775,-8,3,8.54400374531753,-8.439423056216977,0.9877597561731094,True,inward,right_middle,0.8264031410217285
30,45,260,280,-292.3499999999999,-21.25,293.1212803601948,-175.84266169544017,-1,0,1.0,0.9973687329720751,0.9973687329720751,True,outward,left_middle,0.6564401388168335
30,45,310,280,-242.3499999999999,-21.25,243.27984914497122,-174.98894425345145,7,6,9.219544457292887,-7.497332830525975,0.8131999216724206,True,inward,left_middle,0.5614408254623413
30,45,350,330,-202.3499999999999,28.75,204.38220323697453,171.9135077657537,1,-1,1.4142135623730951,-1.1307246733809155,0.7995430842025893,True,inward,left_middle,0.6613245010375977
30,45,410,360,-142.3499999999999,58.75,153.99702919212427,157.57331922047246,4,1,4.123105625617661,-3.3159730592135044,0.8042415985199884,True,inward,left_middle,0.6249638199806213
30,45,380,410,-172.3499999999999,108.75,203.79176872484317,147.74875203957572,-8,5,9.433981132056603,9.433894273697579,0.9999907930323574,True,outward,left_lower,0.5600880980491638
30,45,380,420,-172.3499999999999,118.75,209.2990324870136,145.43296663366996,-8,1,8.06225774829855,7.15507368670191,0.8874776656963007,True,outward,left_lower,0.5719189047813416
30,45,740,440,187.6500000000001,138.75,233.37541644312074,36.47953521775571,5,1,5.0990195135927845,4.614881963210086,0.9050528147436774,True,outward,right_lower,0.720151424407959
30,45,280,460,-272.3499999999999,158.75,315.23972624020587,149.7625329987647,8,-6,10.0,-9.933075495738809,0.9933075495738809,True,inward,left_lower,0.6445615291595459
30,45,500,560,-52.34999999999991,258.75,263.99258512314316,101.43762510752148,-2,6,6.324555320336759,6.277449039816686,0.9925518430728874,True,outward,left_lower,0.6660569310188293
45,60,390,190,-162.3499999999999,-111.25,196.80976855837204,-145.57918948261363,-6,-1,6.082762530298219,5.514716103525594,0.9066137426961537,True,outward,left_upper,0.731096088886261
45,60,320,240,-232.3499999999999,-61.25,240.28750487697016,-165.23216392067923,7,0,7.0,-6.768766444317442,0.9669666349024917,True,inward,left_middle,0.5978710055351257
45,60,220,250,-332.3499999999999,-51.25,336.278285055696,-171.23375918201134,-5,2,5.385164807134504,4.636784678920761,0.8610292990063636,True,outward,left_middle,0.6481943726539612
45,60,390,300,-162.3499999999999,-1.25,162.3548120629628,-179.55886474153172,8,-3,8.54400374531753,-7.976665326665933,0.9335980606325784,True,inward,left_middle,0.8511947393417358
45,60,780,300,227.6500000000001,-1.25,227.6534317773401,-0.3146013820797354,-2,0,2.0,-1.9999698508622232,0.9999849254311116,True,inward,right_middle,0.6325815916061401
45,60,780,310,227.6500000000001,8.75,227.81809629614597,2.201148284170952,-8,-6,10.0,-8.224544188817797,0.8224544188817797,True,inward,right_middle,0.5960212349891663
45,60,770,320,217.6500000000001,18.75,218.4561397626536,4.923730981379438,-7,-3,7.615773105863909,-7.23165758452204,0.9495631610865466,True,inward,right_middle,0.6688883304595947
45,60,740,330,187.6500000000001,28.75,189.83962968779736,8.71059549236031,-8,-3,8.54400374531753,-8.362058030826637,0.9787048648485661,True,inward,right_middle,0.6794074773788452
45,60,780,350,227.6500000000001,48.75,232.81126476182385,12.087022185499277,5,6,7.810249675906654,6.145535962204065,0.7868552501160162,True,outward,right_middle,0.5535421371459961
45,60,790,350,237.6500000000001,48.75,242.59860881711595,11.59247202296048,6,3,6.708203932499369,6.480457607179326,0.9660495823305734,True,outward,right_middle,0.5974352955818176
45,60,760,370,207.6500000000001,68.75,218.7351937846309,18.318982389808898,7,0,7.0,6.645249787426445,0.9493213982037778,True,outward,right_middle,0.5733382105827332
45,60,240,380,-312.3499999999999,78.75,322.12433158642324,165.84943690385063,-1,0,1.0,0.9696566492252047,0.9696566492252047,True,outward,left_middle,0.5630813837051392
45,60,840,420,287.6500000000001,118.75,311.1978229358298,22.43221027462378,5,7,8.602325267042627,7.2927888074203535,0.8477694787199699,True,outward,right_lower,0.5882582068443298
45,60,860,420,307.6500000000001,118.75,329.7727778334653,21.106118235364853,3,0,3.0,2.7987452635222927,0.9329150878407643,True,outward,right_lower,0.6465694904327393
45,60,770,440,217.6500000000001,138.75,258.1144804151833,32.517159656241724,-7,0,7.0,-5.902613435516419,0.8432304907880599,True,inward,right_lower,0.7293121814727783
45,60,390,510,-162.3499999999999,208.75,264.4505341268948,127.87308341962128,-5,4,6.4031242374328485,6.227062484244474,0.9725037736798683,True,outward,left_lower,0.551142692565918
45,60,560,550,7.650000000000091,248.75,248.86760536478025,88.2384940418748,0,-3,3.0,-2.9985823141030203,0.9995274380343401,True,inward,right_lower,0.645316481590271
60,75,340,20,-212.3499999999999,-281.25,352.41181166357063,-127.05361549993401,-4,-4,5.656854249492381,5.60253639252267,0.9903978687492991,True,outward,left_upper,0.6811457276344299
60,75,350,20,-202.3499999999999,-281.25,346.4781161920619,-125.73375719795753,-3,-8,8.54400374531753,8.245975334315954,0.9651184128793356,True,outward,left_upper,0.6320505142211914
60,75,900,20,347.6500000000001,-281.25,447.1712032320508,-38.9729733706765,1,-1,1.4142135623730951,1.4063964661732582,0.9944724782679077,True,outward,right_upper,0.6834313869476318
60,75,260,140,-292.3499999999999,-161.25,333.8713599576938,-151.12041301087385,7,5,8.602325267042627,-8.544308803131472,0.9932557230620622,True,inward,left_upper,0.7901679873466492
60,75,380,210,-172.3499999999999,-91.25,195.0156019399473,-152.10120157036664,2,0,2.0,-1.7675508860370364,0.8837754430185182,True,inward,left_middle,0.6646791696548462
60,75,380,220,-172.3499999999999,-81.25,190.5415571469908,-154.7596650141733,2,0,2.0,-1.8090541777932752,0.9045270888966376,True,inward,left_middle,0.6134061813354492
60,75,900,230,347.6500000000001,-71.25,354.87615445391657,-11.582239737802775,-8,4,8.94427190999916,-8.640197323819262,0.9660034277535816,True,inward,right_middle,0.8606261014938354
60,75,740,300,187.6500000000001,-1.25,187.65416328981362,-0.3816608850637868,-5,-1,5.0990195135927845,-4.993227880336953,0.9792525537559101,True,inward,right_middle,0.7093604207038879
60,75,880,310,327.6500000000001,8.75,327.7668149767454,1.5297388714005584,2,-1,2.23606797749979,1.97259139869261,0.8821696918616131,True,outward,right_middle,0.5644242763519287
60,75,880,320,327.6500000000001,18.75,328.1860524153945,3.275218892994192,5,1,5.0990195135927845,5.04896532867487,0.9901835667064067,True,outward,right_middle,0.8212924003601074
60,75,790,360,237.6500000000001,58.75,244.80417684345184,13.885816493291612,1,0,1.0,0.9707759200202425,0.9707759200202425,True,outward,right_middle,0.6254966855049133
60,75,240,390,-312.3499999999999,88.75,324.7138509518803,164.1382227454022,7,3,7.615773105863909,-5.913514296883368,0.7764824679887253,True,inward,left_middle,0.6620630621910095
60,75,760,440,207.6500000000001,138.75,249.74003483622732,33.75051615759954,6,8,10.0,9.433409431310984,0.9433409431310984,True,outward,right_lower,0.6453840732574463
60,75,280,460,-272.3499999999999,158.75,315.23972624020587,149.7625329987647,5,0,5.0,-4.319728405557539,0.8639456811115078,True,inward,left_lower,0.5632298588752747
60,75,590,480,37.65000000000009,178.75,182.67206956729868,78.10568806388231,4,4,5.656854249492381,4.738545975038086,0.8376644979784128,True,outward,right_lower,0.5658738613128662
75,90,740,330,187.6500000000001,28.75,189.83962968779736,8.71059549236031,-6,2,6.324555320336759,-5.627908154672701,0.8898504115500465,True,inward,right_middle,0.6742539405822754
75,90,810,330,257.6500000000001,28.75,259.24907907261706,6.367038462919596,-8,-5,9.433981132056603,-8.505141109420807,0.9015431545140996,True,inward,right_middle,0.5633722543716431
75,90,740,340,187.6500000000001,38.75,191.60919863096353,11.667659918862114,-8,3,8.54400374531753,-7.227993279526177,0.8459726253616658,True,inward,right_middle,0.7162683606147766
75,90,850,370,297.6500000000001,68.75,305.4866363689254,13.00586311108175,4,-2,4.47213595499958,3.4472866391713732,0.770836726311398,True,outward,right_middle,0.6133643984794617
75,90,740,380,187.6500000000001,78.75,203.50450854956514,22.7660521954888,-6,-1,6.082762530298219,-5.91952487237696,0.9731638943476466,True,inward,right_middle,0.6136688590049744
75,90,860,430,307.6500000000001,128.75,333.50425034772803,22.709068439923172,-1,0,1.0,-0.9224769989564721,0.9224769989564721,True,inward,right_lower,0.6175466775894165
75,90,860,440,307.6500000000001,138.75,337.4908665430815,24.275351487159725,-2,-3,3.605551275463989,-3.0565271604715276,0.8477281078406494,True,inward,right_lower,0.747532069683075
75,90,380,450,-172.3499999999999,148.75,227.6644131172019,139.20353003450413,2,-1,2.23606797749979,-2.167444587599957,0.9693106870675002,True,inward,left_lower,0.5799304842948914
75,90,560,490,7.650000000000091,188.75,188.90496287816262,87.67908371256114,1,7,7.0710678118654755,7.034754300537335,0.9948644939782355,True,outward,right_lower,0.6057050824165344
75,90,360,500,-192.3499999999999,198.75,276.5864873778182,134.06248974006692,6,-7,9.219544457292887,-9.20272723418712,0.9981759160462138,True,inward,left_lower,0.6373937129974365
75,90,560,500,7.650000000000091,198.75,198.89717192559576,87.79574113913858,2,3,3.605551275463989,3.0747043513960635,0.8527695535269811,True,outward,right_lower,0.7121789455413818
75,90,370,520,-182.3499999999999,218.75,284.786033716543,129.81458695049338,3,-5,5.830951894845301,-5.761518493681269,0.9880922699387363,True,inward,left_lower,0.5862943530082703
75,90,530,570,-22.34999999999991,268.75,269.6777428710052,94.75393756938695,8,-8,11.313708498984761,-8.635492032851717,0.7632768719139816,True,inward,left_lower,0.5599033832550049
90,105,350,20,-202.3499999999999,-281.25,346.4781161920619,-125.73375719795753,-4,-7,8.06225774829855,8.0182553245585,0.9945421710501212,True,outward,left_upper,0.6890434622764587
90,105,290,40,-262.3499999999999,-261.25,370.24192766352104,-135.12036910760733,-3,-5,5.830951894845301,5.653870735846017,0.9696308317762272,True,outward,left_upper,0.5730369687080383
90,105,760,230,207.6500000000001,-71.25,219.53379010985992,-18.93839921189059,-4,4,5.656854249492381,-5.08167785670592,0.8983222180705692,True,inward,right_middle,0.6503562927246094
90,105,280,380,-272.3499999999999,78.75,283.5067635877493,163.87277503541532,-5,0,5.0,4.803236377034508,0.9606472754069015,True,outward,left_middle,0.5788360238075256
90,105,740,400,187.6500000000001,98.75,212.0473649918811,27.755394451974524,-4,-1,4.123105625617661,-4.005473022654728,0.9714699031157343,True,inward,right_middle,0.6624881625175476
90,105,720,410,167.6500000000001,108.75,199.8326424786502,32.97037908991019,2,3,3.605551275463989,3.3105202022771585,0.9181731029053626,True,outward,right_lower,0.6894017457962036
90,105,270,450,-282.3499999999999,148.75,319.13646767488035,152.2184646622221,4,-1,4.123105625617661,-4.005026468181983,0.9713615977475744,True,inward,left_lower,0.6064876317977905
90,105,450,500,-102.34999999999991,198.75,223.5555523801634,117.2470433501878,0,1,1.0,0.8890407680951679,0.8890407680951679,True,outward,left_lower,0.7118492722511292
90,105,440,540,-112.34999999999991,238.75,263.86376219556934,115.20054578161577,0,-2,2.0,-1.8096459931700994,0.9048229965850497,True,inward,left_lower,0.6891741752624512
90,105,450,550,-102.34999999999991,248.75,268.98342885761565,112.36507307031044,2,-2,2.8284271247461903,-2.6105697402337156,0.922975783039832,True,inward,left_lower,0.6254395842552185
105,120,220,20,-332.3499999999999,-281.25,435.3826879883948,-139.76055059490014,1,0,1.0,-0.7633514358036642,0.7633514358036642,True,inward,left_upper,0.6459299921989441
105,120,900,90,347.6500000000001,-211.25,406.8010385925779,-31.285015335496073,4,-2,4.47213595499958,4.456969938603987,0.996608775639158,True,outward,right_upper,0.6831983327865601
105,120,900,100,347.6500000000001,-201.25,401.69899800721447,-30.065984108638922,4,-3,5.0,4.964787091562977,0.9929574183125954,True,outward,right_upper,0.6579673886299133
105,120,860,120,307.6500000000001,-181.25,357.0715404509299,-30.504189289953274,-1,0,1.0,-0.8615920485051328,0.8615920485051328,True,inward,right_upper,0.6742491722106934
105,120,710,220,157.6500000000001,-81.25,177.35581467772639,-27.26577158083857,1,0,1.0,0.8888910706788284,0.8888910706788284,True,outward,right_middle,0.7849650979042053
105,120,920,220,367.6500000000001,-81.25,376.52102862921225,-12.461961150394163,-5,3,5.830951894845301,-5.5295716352945,0.9483137118971556,True,inward,right_middle,0.7255968451499939
105,120,180,250,-372.3499999999999,-51.25,375.8604594793125,-172.16308942819774,8,5,9.433981132056603,-8.607050617885113,0.9123455408065652,True,inward,left_middle,0.7203261852264404
105,120,920,250,367.6500000000001,-51.25,371.2049097196858,-7.935828320540035,-4,-1,4.123105625617661,-3.8236293832207604,0.9273663423667354,True,inward,right_middle,0.7151147723197937
105,120,250,280,-302.3499999999999,-21.25,303.0958346793963,-175.97970400331806,2,2,2.8284271247461903,-2.135298232272259,0.754941929947681,True,inward,left_middle,0.6420091986656189
105,120,740,380,187.6500000000001,78.75,203.50450854956514,22.7660521954888,-4,1,4.123105625617661,-3.3014010588191267,0.8007073692963084,True,inward,right_middle,0.6226080060005188
105,120,860,410,307.6500000000001,108.75,326.305202226382,19.467793701256056,1,1,1.4142135623730951,1.2761059191177488,0.9023431489204521,True,outward,right_lower,0.6788870096206665
105,120,770,530,217.6500000000001,228.75,315.75003562945176,46.42439992287969,-6,-8,10.0,-9.931590328243491,0.9931590328243491,True,inward,right_lower,0.5653316378593445
120,135,220,60,-332.3499999999999,-241.25,410.6800275153394,-144.0244260022251,1,0,1.0,-0.8092675020276856,0.8092675020276856,True,inward,left_upper,0.7328084111213684
120,135,920,120,367.6500000000001,-181.25,409.9000914857181,-26.243115484317226,4,1,4.123105625617661,3.145522596315215,0.7629012889632196,True,outward,right_upper,0.6900385618209839
120,135,1030,120,477.6500000000001,-181.25,510.8826528665855,-20.779848028859647,-1,0,1.0,-0.9349505161701704,0.9349505161701704,True,inward,right_upper,0.7449496388435364
120,135,220,230,-332.3499999999999,-71.25,339.9015813437765,-167.89994500743873,4,0,4.0,-3.9111321422639818,0.9777830355659954,True,inward,left_middle,0.5966901779174805
120,135,310,270,-242.3499999999999,-31.25,244.35647116456718,-172.65249665319948,1,0,1.0,-0.9917887537211324,0.9917887537211324,True,inward,left_middle,0.8189659118652344
120,135,780,300,227.6500000000001,-1.25,227.6534317773401,-0.3146013820797354,-3,0,3.0,-2.9999547762933347,0.9999849254311116,True,inward,right_middle,0.679239809513092
120,135,780,310,227.6500000000001,8.75,227.81809629614597,2.201148284170952,-3,1,3.1622776601683795,-2.959378604953279,0.9358376850424017,True,inward,right_middle,0.6381394267082214
120,135,740,320,187.6500000000001,18.75,188.58442406519166,5.7060584497755835,-8,-6,10.0,-8.556910296272196,0.8556910296272197,True,inward,right_middle,0.5907043814659119
120,135,740,330,187.6500000000001,28.75,189.83962968779736,8.71059549236031,-8,0,8.0,-7.9077271825109126,0.9884658978138641,True,inward,right_middle,0.6964321136474609
120,135,880,410,327.6500000000001,108.75,345.2261360326012,18.36147254981942,1,0,1.0,0.9490880492578311,0.9490880492578311,True,outward,right_lower,0.6302736401557922
120,135,750,450,197.6500000000001,148.75,247.3703397741937,36.96486165962694,1,0,1.0,0.7990044407927819,0.7990044407927819,True,outward,right_lower,0.587894082069397
120,135,360,500,-192.3499999999999,198.75,276.5864873778182,134.06248974006692,4,-7,8.06225774829855,-7.811842221520185,0.9689397765990287,True,inward,left_lower,0.6562185883522034
120,135,370,560,-182.3499999999999,258.75,316.54870873216333,125.17366616901388,-2,4,4.47213595499958,4.4217523603430875,0.9887338857397289,True,outward,left_lower,0.5791499018669128
120,135,770,560,217.6500000000001,258.75,338.1169694055595,49.93081485530616,6,8,10.0,9.984414582726036,0.9984414582726036,True,outward,right_lower,0.5666881799697876
135,150,220,20,-332.3499999999999,-281.25,435.3826879883948,-139.76055059490014,-2,-1,2.23606797749979,2.172686296670607,0.9716548506275503,True,outward,left_upper,0.6057423949241638
135,150,180,60,-372.3499999999999,-241.25,443.6733990222988,-147.06031723907137,6,6,8.48528137423857,-8.297995796261304,0.977928182965639,True,inward,left_upper,0.573141872882843
135,150,610,70,57.65000000000009,-231.25,238.32768408223166,-76.00165634508089,5,-6,7.810249675906654,7.031285544745218,0.9002638630664507,True,outward,right_upper,0.6098431348800659
135,150,180,80,-372.3499999999999,-221.25,433.1236370829927,-149.28126055235677,-1,-1,1.4142135623730951,1.3705093630949947,0.969096464324127,True,outward,left_upper,0.6425247192382812
135,150,230,140,-322.3499999999999,-161.25,360.43180353570347,-153.4242851752668,3,1,3.1622776601683795,-3.130411880782416,0.9899231557723913,True,inward,left_upper,0.5572237968444824
135,150,350,170,-202.3499999999999,-131.25,241.1888989982747,-147.03140406939912,-2,-2,2.8284271247461903,2.7662964704058477,0.9780334964981932,True,outward,left_upper,0.5634075999259949
135,150,350,180,-202.3499999999999,-121.25,235.89634376140714,-149.06956707275538,-7,-4,8.06225774829855,8.060531883118903,0.9997859327705059,True,outward,left_upper,0.5998722910881042
135,150,950,210,397.6500000000001,-91.25,407.9853980230176,-12.92409181968236,5,1,5.0990195135927845,4.649676211924075,0.9118765283265016,True,outward,right_middle,0.771409273147583
135,150,280,220,-272.3499999999999,-81.25,284.2113386196968,-163.3886134094328,-7,-7,9.899494936611665,8.709012145754201,0.8797430779569715,True,outward,left_middle,0.6130905747413635
135,150,290,230,-262.3499999999999,-71.25,271.8530577352404,-164.80588142629915,4,3,5.0,-4.646443966910206,0.9292887933820412,True,inward,left_middle,0.626581072807312
135,150,870,260,317.6500000000001,-41.25,320.3171631367886,-7.399018743031191,5,0,5.0,4.958366840061431,0.9916733680122862,True,outward,right_middle,0.6758425831794739
135,150,880,270,327.6500000000001,-31.25,329.1368788209551,-5.448171554881232,4,-1,4.123105625617661,4.0768752648041735,0.9887874905444457,True,outward,right_middle,0.7482254505157471
135,150,260,300,-292.3499999999999,-1.25,292.35267229837314,-179.75502210379523,8,-1,8.06225774829855,-7.99565121680951,0.9917384765448494,True,inward,left_middle,0.5697827339172363
135,150,910,300,357.6500000000001,-1.25,357.652184391484,-0.20025005668968712,-7,0,7.0,-6.999957246897811,0.999993892413973,True,inward,right_middle,0.5665326714515686
135,150,370,310,-182.3499999999999,8.75,182.55981211646764,177.25278957987746,-4,2,4.47213595499958,4.091261879276585,0.9148339675815982,True,outward,left_middle,0.5826025605201721
135,150,730,310,177.6500000000001,8.75,177.8653563794817,2.8197762410079936,5,2,5.385164807134504,5.09233511481321,0.9456228912561153,True,outward,right_middle,0.6122110486030579
135,150,750,330,197.6500000000001,28.75,199.7300302908905,8.276150898734826,7,-4,8.06225774829855,6.351323324551951,0.7877847028510504,True,outward,right_middle,0.5706474781036377
135,150,740,350,187.6500000000001,48.75,193.8790473465352,14.563061647319754,-6,-5,7.810249675906654,-7.064456003602689,0.9045109051245036,True,inward,right_middle,0.751302182674408
135,150,760,360,207.6500000000001,58.75,215.801031044803,15.797693795323129,7,3,7.615773105863909,7.552327215997562,0.9916691465220392,True,outward,right_middle,0.6402258276939392
135,150,820,360,267.6500000000001,58.75,274.02205203231375,12.380258808593029,-1,0,1.0,-0.9767462071572173,0.9767462071572173,True,inward,right_middle,0.706960916519165
135,150,820,370,267.6500000000001,68.75,276.3387142620448,14.405856087169703,-2,1,2.23606797749979,-1.6883265931301359,0.7550426060919226,True,inward,right_middle,0.7264744639396667
135,150,780,380,227.6500000000001,78.75,240.88604152171217,19.081821302534912,-3,0,3.0,-2.835158051025729,0.945052683675243,True,inward,right_middle,0.7875560522079468
135,150,320,390,-232.3499999999999,88.75,248.7229080724169,159.0948000969773,6,1,6.082762530298219,-5.24820978540481,0.8628003738866172,True,inward,left_middle,0.5737568140029907
135,150,330,390,-222.3499999999999,88.75,239.407779739924,158.2408096183106,4,1,4.123105625617661,-3.34429399441309,0.8111104342402334,True,inward,left_middle,0.6388025283813477
135,150,780,420,227.6500000000001,118.75,256.76075439988887,27.548080618121705,1,0,1.0,0.8866230375902753,0.8866230375902753,True,outward,right_lower,0.6299408078193665
135,150,780,430,227.6500000000001,128.75,261.5360109048084,29.490814745432896,4,4,5.656854249492381,5.450874604487555,0.9635875990576726,True,outward,right_lower,0.6662610769271851
135,150,1000,440,447.6500000000001,138.75,468.65988200399664,17.220925587083375,1,0,1.0,0.9551702998042888,0.9551702998042888,True,outward,right_lower,0.8310571312904358
135,150,600,480,47.65000000000009,178.75,184.99212145386085,75.07357052833807,0,4,4.0,3.8650294638538387,0.9662573659634597,True,outward,right_lower,0.6259528994560242
135,150,550,530,-2.349999999999909,228.75,228.76207071977643,90.58859167379512,3,-7,7.615773105863909,-7.030448688192271,0.9231431386498429,True,inward,left_lower,0.6647342443466187
135,150,550,540,-2.349999999999909,238.75,238.7615651649151,90.5639402463726,2,5,5.385164807134504,4.9800728989974195,0.9247763211256969,True,outward,left_lower,0.6437891125679016
150,165,150,20,-402.3499999999999,-281.25,490.90435422799004,-145.0457483018037,4,2,4.47213595499958,-4.424283429743846,0.9892998500633153,True,inward,left_upper,0.6316159963607788
150,165,340,20,-212.3499999999999,-281.25,352.41181166357063,-127.05361549993401,-4,-3,5.0,4.80446439070085,0.96089287814017,True,outward,left_upper,0.5726782083511353
150,165,350,20,-202.3499999999999,-281.25,346.4781161920619,-125.73375719795753,-7,-6,9.219544457292887,8.958574452302202,0.9716938286702168,True,outward,left_upper,0.6459691524505615
150,165,360,20,-192.3499999999999,-281.25,340.7346254785386,-124.36865811752568,8,5,9.433981132056603,-8.643236641605991,0.9161812516495642,True,inward,left_upper,0.665674090385437
150,165,870,20,317.6500000000001,-281.25,424.26770440371735,-41.521950175537675,4,-3,5.0,4.983528036788923,0.9967056073577846,True,outward,right_upper,0.5879158973693848
150,165,880,20,327.6500000000001,-281.25,431.80561019977506,-40.642312201607965,3,-4,5.0,4.881710543373339,0.9763421086746679,True,outward,right_upper,0.5970087647438049
150,165,300,40,-252.3499999999999,-261.25,363.22456552386427,-134.0072402538886,-2,-8,8.246211251235321,7.143514636070299,0.8662783936077514,True,outward,left_upper,0.5690922141075134
150,165,310,40,-242.3499999999999,-261.25,356.3496667600518,-132.8507103841528,-7,-6,9.219544457292887,9.159402419752455,0.9934766801311037,True,outward,left_upper,0.5630373954772949
150,165,860,40,307.6500000000001,-261.25,403.6088267122017,-40.33722518582346,-3,4,5.0,-4.875884444923876,0.9751768889847752,True,inward,right_upper,0.639488935470581
150,165,870,40,317.6500000000001,-261.25,411.2822449364914,-39.43545422722719,-7,3,7.615773105863909,-7.312010272810041,0.9601139859563332,True,inward,right_upper,0.6174224615097046
150,165,210,60,-342.3499999999999,-241.25,418.8139025868171,-144.8280992713726,-1,-3,3.1622776601683795,2.545521992978743,0.8049647331863969,True,outward,left_upper,0.6254029870033264
150,165,220,60,-332.3499999999999,-241.25,410.6800275153394,-144.0244260022251,5,0,5.0,-4.046337510138428,0.8092675020276856,True,inward,left_upper,0.7346744537353516
150,165,110,70,-442.3499999999999,-231.25,499.14936141399596,-152.40050775249043,-2,-5,5.385164807134504,4.088856277845119,0.759281549271811,True,outward,left_upper,0.7263746857643127
150,165,180,70,-372.3499999999999,-231.25,438.3161929475113,-148.15742585040607,-5,-1,5.0990195135927845,4.775091665962334,0.9364725224590854,True,outward,left_upper,0.6435037851333618
150,165,870,90,317.6500000000001,-211.25,381.4814346727768,-33.62550071464362,2,-3,3.605551275463989,3.3266363305164584,0.9226429126537279,True,outward,right_upper,0.5655336380004883
150,165,910,100,357.6500000000001,-201.25,410.3840701099399,-29.36649965469297,8,-8,11.313708498984761,10.895159743413501,0.9630051670847964,True,outward,right_upper,0.6375626921653748
150,165,360,110,-192.3499999999999,-191.25,271.2472764840229,-135.1642992302231,-1,-5,5.0990195135927845,4.23451256318017,0.8304562380849803,True,outward,left_upper,0.6621000170707703
150,165,270,120,-282.3499999999999,-181.25,335.5191276216603,-147.3022242916201,-7,-1,7.0710678118654755,6.430929930269357,0.9094708326057988,True,outward,left_upper,0.5712363719940186
150,165,390,120,-162.3499999999999,-181.25,243.32917005570863,-131.85157140355565,-3,-5,5.830951894845301,5.725988378956016,0.9819989055334044,True,outward,left_upper,0.6052441000938416
150,165,910,150,357.6500000000001,-151.25,388.3169903571051,-22.923476789522685,-7,5,8.602325267042627,-8.394688053701216,0.9758626642337144,True,inward,right_upper,0.7263348698616028
150,165,260,180,-292.3499999999999,-121.25,316.4965797603506,-157.4741321025365,5,1,5.0990195135927845,-5.001633828708791,0.9809010958627662,True,inward,left_upper,0.6424062848091125
150,165,380,180,-172.3499999999999,-121.25,210.72751362838213,-144.87321886185543,6,0,6.0,-4.907285157948735,0.8178808596581225,True,inward,left_upper,0.6479100584983826
150,165,390,180,-162.3499999999999,-121.25,202.63041479501533,-143.24603404019345,3,0,3.0,-2.403637185921514,0.8012123953071714,True,inward,left_upper,0.7619392275810242
150,165,400,190,-152.3499999999999,-111.25,188.64539485500296,-143.86209257871224,-5,-1,5.0990195135927845,4.627730248443153,0.9075725707867394,True,outward,left_upper,0.6953222155570984
150,165,380,210,-172.3499999999999,-91.25,195.0156019399473,-152.10120157036664,3,0,3.0,-2.6513263290555544,0.8837754430185182,True,inward,left_middle,0.5894818305969238
150,165,260,220,-292.3499999999999,-81.25,303.4305274688095,-164.46830825783746,-8,-2,8.246211251235321,8.243402603111894,0.9996594013859388,True,outward,left_middle,0.7314500212669373
150,165,200,230,-352.3499999999999,-71.25,359.481689380697,-168.56816179607506,-3,-3,4.242640687119285,3.5350896514069783,0.8332286215374209,True,outward,left_middle,0.6676663756370544
150,165,340,240,-212.3499999999999,-61.25,221.00697952779672,-163.91038121027785,-3,0,3.0,2.8824881520082313,0.9608293840027438,True,outward,left_middle,0.5504916310310364
150,165,200,250,-352.3499999999999,-51.25,356.0576989758822,-171.72425193783383,-1,0,1.0,0.9895868029632652,0.9895868029632652,True,outward,left_middle,0.7743707895278931
150,165,210,250,-342.3499999999999,-51.25,346.1648234584212,-171.48601207024964,4,3,5.0,-4.400071575103151,0.8800143150206303,True,inward,left_middle,0.6897985339164734
150,165,930,250,377.6500000000001,-51.25,381.1116437476033,-7.728264563674936,-5,0,5.0,-4.9545849122639805,0.9909169824527961,True,inward,right_middle,0.6653726100921631
150,165,890,260,337.6500000000001,-41.25,340.1603812909435,-6.965191529336412,-1,0,1.0,-0.9926200068290838,0.9926200068290838,True,inward,right_middle,0.8251726627349854
150,165,290,280,-262.3499999999999,-21.25,263.2092038664301,-175.36922780540496,5,3,5.830951894845301,-5.225881085442666,0.8962312122764154,True,inward,left_middle,0.5907303690910339
150,165,910,290,357.6500000000001,-11.25,357.82689250530075,-1.8016637936779731,1,0,1.0,0.9995056478174065,0.9995056478174065,True,outward,right_middle,0.6028724312782288
150,165,960,290,407.6500000000001,-11.25,407.80520472402026,-1.5808020515146797,6,-1,6.082762530298219,6.0253031877385235,0.9905537422719544,True,outward,right_middle,0.7167987823486328
150,165,910,310,357.6500000000001,8.75,357.757019497871,1.401476531600124,-6,3,6.708203932499369,-5.924831336573159,0.8832217082532345,True,inward,right_middle,0.726107656955719
150,165,860,320,307.6500000000001,18.75,308.22083803662605,3.487627826306311,-5,0,5.0,-4.990739788389029,0.9981479576778058,True,inward,right_middle,0.6185933351516724
150,165,870,320,317.6500000000001,18.75,318.2028991068436,3.3780915331054997,5,4,6.4031242374328485,5.227010830726366,0.8163219448670245,True,outward,right_middle,0.6032125949859619
150,165,860,330,307.6500000000001,28.75,308.9904286543518,5.338805438222022,-8,-1,8.06225774829855,-8.058340223817586,0.999514090890757,True,inward,right_middle,0.603839099407196
150,165,870,330,317.6500000000001,28.75,318.9484049184132,5.171659573636287,5,-1,5.0990195135927845,4.889505562502874,0.9589109336547162,True,outward,right_middle,0.6695495843887329
150,165,960,330,407.6500000000001,28.75,408.66255639586075,4.034173108121401,1,0,1.0,0.9975222677487491,0.9975222677487491,True,outward,right_middle,0.8128390312194824
150,165,960,340,407.6500000000001,38.75,409.4875883344941,5.430051073011937,1,0,1.0,0.9955124687857622,0.9955124687857622,True,outward,right_middle,0.6971166729927063
150,165,210,350,-342.3499999999999,48.75,345.8035352624376,171.89567277802658,3,-2,3.605551275463989,-3.2519910449919345,0.901940035389857,True,inward,left_middle,0.6253524422645569
150,165,860,350,307.6500000000001,48.75,311.4884989851151,9.004183470039344,4,-1,4.123105625617661,3.794201082385635,0.9202289310299311,True,outward,right_middle,0.7271093130111694
150,165,860,360,307.6500000000001,58.75,313.20933095934424,10.8112529342329,6,-1,6.082762530298219,5.7059283467898325,0.93804884184918,True,outward,right_middle,0.7771888971328735
150,165,260,390,-292.3499999999999,88.75,305.5242789043122,163.11304865609517,-1,1,1.4142135623730951,1.24736404375692,0.8820195739487915,True,outward,left_middle,0.6899983882904053
150,165,870,390,317.6500000000001,88.75,329.8152285750312,15.610127366656423,-1,-1,1.4142135623730951,-1.232205079661888,0.8713005676414309,True,inward,right_middle,0.6748136878013611
150,165,350,400,-202.3499999999999,98.75,225.16013190616133,153.98689228259184,-7,1,7.0710678118654755,6.729432902586327,0.9516855277917325,True,outward,left_middle,0.703887403011322
150,165,330,410,-222.3499999999999,108.75,247.51986788942816,153.93703106646294,-5,0,5.0,4.491558635190608,0.8983117270381216,True,outward,left_lower,0.6763870716094971
150,165,290,420,-262.3499999999999,118.75,287.9741047386031,155.64660922834364,6,-1,6.082762530298219,-5.878479947134885,0.9664161502038253,True,inward,left_lower,0.5907459259033203
150,165,290,450,-262.3499999999999,148.75,301.58594960640977,150.44716824313872,8,-5,9.433981132056603,-9.425339621125325,0.9990840016732793,True,inward,left_lower,0.6953653693199158
150,165,870,450,317.6500000000001,148.75,350.75359584756944,25.09287991344222,1,0,1.0,0.9056215068370802,0.9056215068370802,True,outward,right_lower,0.7432109117507935
150,165,850,460,297.6500000000001,158.75,337.33823530693945,28.072986484913603,-7,-2,7.280109889280518,-7.117633723954588,0.9776821823026098,True,inward,right_lower,0.5760802626609802
150,165,800,480,247.6500000000001,178.75,305.4211600397066,35.8211776035832,-2,0,2.0,-1.6216951043457768,0.8108475521728884,True,inward,right_lower,0.7580325603485107
150,165,460,490,-92.34999999999991,188.75,210.131113831341,116.07118683698145,1,4,4.123105625617661,3.153507293222019,0.7648378624182369,True,outward,left_lower,0.6217554807662964
150,165,560,490,7.650000000000091,188.75,188.90496287816262,87.67908371256114,2,5,5.385164807134504,5.076891498179195,0.9427550836425851,True,outward,right_lower,0.6041224002838135
150,165,790,490,237.6500000000001,188.75,303.4865483015681,38.457840177893466,1,2,2.23606797749979,2.026943215251632,0.9064765631669274,True,outward,right_lower,0.7275557518005371
150,165,800,490,247.6500000000001,188.75,311.3793265456139,37.31335742466249,1,3,3.1622776601683795,2.6138536846015437,0.8265731113764266,True,outward,right_lower,0.7608360648155212
150,165,850,490,297.6500000000001,188.75,352.4515356754742,32.38017543951372,3,4,5.0,4.675678308059291,0.9351356616118582,True,outward,right_lower,0.6214848160743713
150,165,370,500,-182.3499999999999,198.75,269.7277979741798,132.53589243885472,-2,8,8.246211251235321,7.246935668777889,0.8788200360125704,True,outward,left_lower,0.6251954436302185
150,165,380,500,-172.3499999999999,198.75,263.07049435465007,130.93084184864085,6,-5,7.810249675906654,-7.708390121722348,0.9869582204908858,True,inward,left_lower,0.621734619140625
150,165,790,500,237.6500000000001,198.75,309.80491442196336,39.906208297032194,3,2,3.605551275463989,3.584352436990508,0.9941205000695066,True,outward,right_lower,0.6931919455528259
150,165,490,510,-62.34999999999991,208.75,217.862536935564,106.6299719309499,-2,-8,8.246211251235321,-7.0930047071702145,0.8601531650195899,True,inward,left_lower,0.5693910121917725
150,165,500,510,-52.34999999999991,208.75,215.21404461605192,104.07821366009676,-3,-8,8.54400374531753,-7.029978004916671,0.8227966904590125,True,inward,left_lower,0.5972359776496887
150,165,180,520,-372.3499999999999,218.75,431.85192485387853,149.56640771007986,-2,5,5.385164807134504,4.257130498195783,0.7905292875263074,True,outward,left_lower,0.8209455013275146
150,165,340,530,-212.3499999999999,228.75,312.1203053311334,132.87073640496584,-8,4,8.94427190999916,8.37433500914648,0.9362791173403925,True,outward,left_lower,0.566801905632019
150,165,740,540,187.6500000000001,238.75,303.66772136662803,51.83376572539671,3,5,5.830951894845301,5.784941488328549,0.9921092803805455,True,outward,right_lower,0.6686118245124817
150,165,750,550,197.6500000000001,248.75,317.71384137301925,51.530299196675344,0,-5,5.0,-3.9146862303041643,0.7829372460608328,True,inward,right_lower,0.734923243522644
150,165,650,570,97.65000000000009,268.75,285.9407018946411,70.0314448955639,4,8,8.94427190999916,8.8850589760954,0.9933797927321997,True,outward,right_lower,0.5924638509750366
150,165,750,570,197.6500000000001,268.75,333.6046837201181,53.6676800017389,0,8,8.0,6.444753640820493,0.8055942051025616,True,outward,right_lower,0.6506072282791138
150,165,830,570,277.6500000000001,268.75,386.4143954357809,44.06682403440974,2,1,2.23606797749979,2.132555126655345,0.953707645793405,True,outward,right_lower,0.6403975486755371
165,180,410,30,-142.3499999999999,-271.25,306.3332907145418,-117.69015766660914,-3,-3,4.242640687119285,4.050490226203476,0.9547097020261037,True,outward,left_upper,0.7130584716796875
165,180,880,90,327.6500000000001,-211.25,389.84751506197915,-32.81161059156809,-2,0,2.0,-1.6809136256667394,0.8404568128333697,True,inward,right_upper,0.6052148938179016
165,180,890,130,337.6500000000001,-171.25,378.59488242711376,-26.893302893295385,-1,0,1.0,-0.8918504070508764,0.8918504070508764,True,inward,right_upper,0.6027249097824097
165,180,390,190,-162.3499999999999,-111.25,196.80976855837204,-145.57918948261363,-3,-1,3.1622776601683795,3.0399913804204757,0.9613296829408102,True,outward,left_upper,0.7496950030326843
165,180,880,210,327.6500000000001,-91.25,340.1192217443761,-15.56243472083393,-1,0,1.0,-0.9633386737731997,0.9633386737731997,True,inward,right_middle,0.7135232090950012
165,180,880,270,327.6500000000001,-31.25,329.1368788209551,-5.448171554881232,3,-1,3.1622776601683795,3.0813927738304523,0.9744219530888314,True,outward,right_middle,0.7487362027168274
165,180,240,290,-312.3499999999999,-11.25,312.5525315846921,-177.93725304541087,3,-1,3.1622776601683795,-2.9620620741929153,0.9366862725252268,True,inward,left_middle,0.6306871771812439
165,180,250,290,-302.3499999999999,-11.25,302.5592256071527,-177.86909112208124,3,-1,3.1622776601683795,-2.9607426387424702,0.9362690304003292,True,inward,left_middle,0.708252489566803
165,180,870,300,317.6500000000001,-1.25,317.65245945844663,-0.22546625124570316,1,0,1.0,0.9999922573920859,0.9999922573920859,True,outward,right_middle,0.5854416489601135
165,180,740,320,187.6500000000001,18.75,188.58442406519166,5.7060584497755835,-8,-7,10.63014581273465,-8.656335262533029,0.8143195225189624,True,inward,right_middle,0.591677188873291
165,180,740,330,187.6500000000001,28.75,189.83962968779736,8.71059549236031,-5,1,5.0990195135927845,-4.790885872964079,0.9395700212938402,True,inward,right_middle,0.6674443483352661
165,180,740,380,187.6500000000001,78.75,203.50450854956514,22.7660521954888,-6,0,6.0,-5.532555558717652,0.9220925931196087,True,inward,right_middle,0.6875745058059692
165,180,250,390,-302.3499999999999,88.75,315.10646613486045,163.64124343335956,1,0,1.0,-0.9595169648806858,0.9595169648806858,True,inward,left_middle,0.8044726252555847
165,180,740,390,187.6500000000001,88.75,207.5791054032174,25.3120408375474,-7,-5,8.602325267042627,-8.465688281036224,0.9841162730116834,True,inward,right_middle,0.6887171864509583
165,180,250,400,-302.3499999999999,98.75,318.067736496489,161.91253573659148,4,-6,7.211102550927978,-5.665145480795692,0.7856143274604601,True,inward,left_middle,0.6433698534965515
165,180,330,410,-222.3499999999999,108.75,247.51986788942816,153.93703106646294,-6,0,6.0,5.38987036222873,0.8983117270381217,True,outward,left_lower,0.7004952430725098
165,180,600,480,47.65000000000009,178.75,184.99212145386085,75.07357052833807,-2,8,8.246211251235321,7.214901853714291,0.8749353653331964,True,outward,right_lower,0.5849621891975403
165,180,790,480,237.6500000000001,178.75,297.3702826443827,36.94889436614211,4,1,4.123105625617661,3.7977903842885348,0.9210994646103949,True,outward,right_lower,0.7221932411193848
165,180,560,490,7.650000000000091,188.75,188.90496287816262,87.67908371256114,2,8,8.246211251235321,8.074430532477686,0.9791685280034632,True,outward,right_lower,0.581706166267395
165,180,270,500,-282.3499999999999,198.75,345.2869603677497,144.85776521859873,1,0,1.0,-0.817725638116428,0.817725638116428,True,inward,left_lower,0.5718315243721008
165,180,500,500,-52.34999999999991,198.75,205.52879360323212,104.75633306943453,0,-1,1.0,-0.9670177911114566,0.9670177911114566,True,inward,left_lower,0.6290192008018494
165,180,440,510,-112.34999999999991,208.75,237.06346196746554,118.289297265028,-1,2,2.23606797749979,2.2350555231185996,0.9995472166359082,True,outward,left_lower,0.5571161508560181
165,180,290,530,-262.3499999999999,228.75,348.07195376818277,138.91395386390369,-1,0,1.0,0.7537234676906086,0.7537234676906086,True,outward,left_lower,0.7540149092674255
165,180,90,560,-462.3499999999999,258.75,529.8292979819065,150.76683623926573,-1,0,1.0,0.8726395496833944,0.8726395496833944,True,outward,left_lower,0.8194838762283325
165,180,370,570,-182.3499999999999,268.75,324.7738982738606,124.15734841992689,2,-2,2.8284271247461903,-2.7779326010960204,0.9821474899570902,True,inward,left_lower,0.7016949653625488
180,195,760,60,207.6500000000001,-241.25,318.30816043576397,-49.280585996648725,0,1,1.0,-0.757913336779455,0.757913336779455,True,inward,right_upper,0.9203972816467285
180,195,930,90,377.6500000000001,-211.25,432.7194067753376,-29.22179294323882,-3,8,8.54400374531753,-6.523742535692743,0.7635463103896725,True,inward,right_upper,0.6995974779129028
180,195,910,150,357.6500000000001,-151.25,388.3169903571051,-22.923476789522685,-8,8,11.313708498984761,-10.48421805148426,0.9266827099553665,True,inward,right_upper,0.7556338310241699
180,195,920,150,367.6500000000001,-151.25,397.54633063329874,-22.36210469286778,6,-8,10.0,8.592457625148766,0.8592457625148766,True,outward,right_upper,0.695969820022583
180,195,250,160,-302.3499999999999,-141.25,333.7170732821441,-154.95925056873833,-4,-1,4.123105625617661,4.047290678646461,0.9816121744492436,True,outward,left_upper,0.6525351405143738
180,195,940,170,387.6500000000001,-131.25,409.2665207416801,-18.70500110767116,1,0,1.0,0.9471822891779514,0.9471822891779514,True,outward,right_upper,0.7747589349746704
180,195,930,190,377.6500000000001,-111.25,393.6954216142221,-16.41417908637397,3,1,3.1622776601683795,2.595153369604468,0.8206595525410902,True,outward,right_upper,0.6679198145866394
180,195,950,190,397.6500000000001,-111.25,412.91898115732107,-15.629953519628687,-8,-1,8.06225774829855,-7.434751464792455,0.922167424672261,True,inward,right_upper,0.6219937801361084
180,195,950,200,397.6500000000001,-101.25,410.3377694046699,-14.285155209569668,-8,-1,8.06225774829855,-7.505889610085084,0.9309910256428008,True,inward,right_upper,0.6489823460578918
180,195,330,220,-222.3499999999999,-81.25,236.72998331432368,-159.92694402716504,3,4,5.0,-4.190639420114277,0.8381278840228553,True,inward,left_middle,0.5902138352394104
180,195,900,230,347.6500000000001,-71.25,354.87615445391657,-11.582239737802775,-8,4,8.94427190999916,-8.640197323819262,0.9660034277535816,True,inward,right_middle,0.8180989027023315
180,195,250,390,-302.3499999999999,88.75,315.10646613486045,163.64124343335956,-1,0,1.0,0.9595169648806858,0.9595169648806858,True,outward,left_middle,0.7886031270027161
180,195,260,400,-292.3499999999999,98.75,308.57751862376483,161.3360571718377,7,-6,9.219544457292887,-8.551983993420974,0.9275929014753157,True,inward,left_middle,0.5730652809143066
180,195,830,450,277.6500000000001,148.75,314.98584888848586,28.18002172421692,2,4,4.47213595499958,3.6519100907521715,0.8165919210639281,True,outward,right_lower,0.6163020133972168
180,195,840,460,287.6500000000001,158.75,328.5484515257986,28.893689869112613,-4,0,4.0,-3.5020709872670084,0.8755177468167521,True,inward,right_lower,0.7709118127822876
180,195,800,480,247.6500000000001,178.75,305.4211600397066,35.8211776035832,3,8,8.54400374531753,7.114602012897547,0.8327011814334286,True,outward,right_lower,0.7435548305511475
180,195,370,500,-182.3499999999999,198.75,269.7277979741798,132.53589243885472,-3,7,7.615773105863909,7.1861336301182694,0.9435855730241188,True,outward,left_lower,0.7097238898277283
180,195,760,510,207.6500000000001,208.75,294.4402910608533,45.151357374776396,3,8,8.54400374531753,7.78748720746953,0.9114564365374251,True,outward,right_lower,0.6165894865989685
180,195,480,540,-72.34999999999991,238.75,249.4716116114216,106.85873179560605,0,-2,2.0,-1.9140454375376255,0.9570227187688127,True,inward,left_lower,0.5945490002632141
180,195,700,570,147.6500000000001,268.75,306.63836191840056,61.215811097619614,2,8,8.246211251235321,7.974540382689359,0.9670550680465207,True,outward,right_lower,0.6110804080963135
195,210,950,170,397.6500000000001,-131.25,418.75062388013237,-18.26620324519825,-1,1,1.4142135623730951,-1.2630428943585241,0.8931061955303965,True,inward,right_upper,0.6366689205169678
195,210,950,180,397.6500000000001,-121.25,415.72477073179084,-16.957322665894505,-1,0,1.0,-0.9565222666429664,0.9565222666429664,True,inward,right_upper,0.5657650828361511
195,210,780,300,227.6500000000001,-1.25,227.6534317773401,-0.3146013820797354,-8,-1,8.06225774829855,-7.994388601090936,0.9915818683393078,True,inward,right_middle,0.574028730392456
195,210,870,320,317.6500000000001,18.75,318.2028991068436,3.3780915331054997,6,4,7.211102550927978,6.225273262940543,0.8632900751271979,True,outward,right_middle,0.5581564903259277
195,210,340,360,-212.3499999999999,58.75,220.327222557722,164.53504935756422,-4,6,7.211102550927978,5.455068084857841,0.7564818342731573,True,outward,left_middle,0.5600477457046509
195,210,370,420,-182.3499999999999,118.75,217.60764003131868,146.92701311532593,8,-4,8.94427190999916,-8.886636515710945,0.9935561670230775,True,inward,left_lower,0.5830937623977661
195,210,280,450,-272.3499999999999,148.75,310.3241611605515,151.35785956625435,6,0,6.0,-5.26578399145199,0.8776306652419983,True,inward,left_lower,0.6243144273757935
195,210,370,450,-182.3499999999999,148.75,235.32548735740454,140.79453415249418,-1,0,1.0,0.7748841914562904,0.7748841914562904,True,outward,left_lower,0.5515971779823303
195,210,250,510,-302.3499999999999,208.75,367.41269030886775,145.3778309142368,-8,3,8.54400374531753,8.287819338630245,0.97001588314756,True,outward,left_lower,0.641364574432373
195,210,390,520,-162.3499999999999,218.75,272.4134449692231,126.5817490604108,-2,1,2.23606797749979,1.9949455874374997,0.8921667889846999,True,outward,left_lower,0.589981734752655
195,210,600,530,47.65000000000009,228.75,233.66019130352524,78.23321141571643,-1,2,2.23606797749979,1.7540429018463124,0.7844318327958691,True,outward,right_lower,0.6342201232910156
195,210,810,560,257.6500000000001,258.75,365.15077023059945,45.12204737052597,1,7,7.0710678118654755,5.665878778493201,0.8012762611306989,True,outward,right_lower,0.6945903301239014
210,225,620,50,67.65000000000009,-251.25,260.1981648667031,-74.93028513402899,-1,6,6.082762530298219,-6.05365530078559,0.9952148009448591,True,inward,right_upper,0.7217608094215393
210,225,920,130,367.6500000000001,-171.25,405.5774710212589,-24.975928304226457,-2,0,2.0,-1.8129705236054852,0.9064852618027426,True,inward,right_upper,0.7602943181991577
210,225,770,320,217.6500000000001,18.75,218.4561397626536,4.923730981379438,-7,-3,7.615773105863909,-7.23165758452204,0.9495631610865466,True,inward,right_middle,0.6447629332542419
210,225,740,330,187.6500000000001,28.75,189.83962968779736,8.71059549236031,-8,0,8.0,-7.9077271825109126,0.9884658978138641,True,inward,right_middle,0.6914441585540771
210,225,860,330,307.6500000000001,28.75,308.9904286543518,5.338805438222022,-5,-2,5.385164807134504,-5.164399450654395,0.9590049024706488,True,inward,right_middle,0.7888414263725281
210,225,740,380,187.6500000000001,78.75,203.50450854956514,22.7660521954888,-7,0,7.0,-6.454648151837261,0.9220925931196087,True,inward,right_middle,0.6496346592903137
210,225,840,460,287.6500000000001,158.75,328.5484515257986,28.893689869112613,-2,-5,5.385164807134504,-4.166965309506255,0.7737860323208076,True,inward,right_lower,0.7145450115203857
210,225,490,480,-62.34999999999991,178.75,189.31213643081628,109.22934323851568,-1,8,8.06225774829855,7.8830128281045315,0.9777674038972711,True,outward,left_lower,0.6319484710693359
210,225,810,480,257.6500000000001,178.75,313.584255025663,34.75177674696046,-1,-3,3.1622776601683795,-2.531695986888848,0.8005925661676542,True,inward,right_lower,0.5705980658531189
210,225,420,510,-132.3499999999999,208.75,247.1701539425826,122.37518679241293,8,-3,8.54400374531753,-6.817368412496255,0.7979126198572252,True,inward,left_lower,0.650131106376648
210,225,550,510,-2.349999999999909,208.75,208.76322712585184,90.64497913479101,4,6,7.211102550927978,5.95459275617829,0.8257534425733564,True,outward,left_lower,0.5625655055046082
210,225,520,560,-32.34999999999991,258.75,260.76442433737003,97.12637900924621,1,-2,2.23606797749979,-2.108608186861482,0.9429982487469706,True,inward,left_lower,0.8082420825958252
210,225,530,560,-22.34999999999991,258.75,259.7134671132785,94.93677340558328,0,-1,1.0,-0.9962902689491328,0.9962902689491328,True,inward,left_lower,0.7867490649223328
225,240,340,20,-212.3499999999999,-281.25,352.41181166357063,-127.05361549993401,-4,-2,4.47213595499958,4.00639238887903,0.8958565726071284,True,outward,left_upper,0.5832812190055847
225,240,370,20,-182.3499999999999,-281.25,335.1911171257376,-122.9575824692108,8,8,11.313708498984761,-11.06473235867031,0.9779934103537499,True,inward,left_upper,0.6363546848297119
225,240,380,20,-172.3499999999999,-281.25,329.8576738534363,-121.49996717099725,2,5,5.385164807134504,-5.30819847101083,0.9857077101852658,True,inward,left_upper,0.5956857204437256
225,240,900,20,347.6500000000001,-281.25,447.1712032320508,-38.9729733706765,3,-7,7.615773105863909,6.735004352319926,0.8843493967978355,True,outward,right_upper,0.6854592561721802
225,240,940,20,387.6500000000001,-281.25,478.93014626352357,-35.96184628313803,-4,7,8.06225774829855,-7.348357641415904,0.9114515897196036,True,inward,right_upper,0.8628576993942261
225,240,220,30,-332.3499999999999,-271.25,428.9907749590892,-140.7801325185516,-3,0,3.0,2.3241758522548266,0.7747252840849422,True,outward,left_upper,0.6739070415496826
225,240,930,30,377.6500000000001,-271.25,464.9689075626456,-35.68808638813964,5,-3,5.830951894845301,5.811141252785721,0.9966025029160175,True,outward,right_upper,0.6740983724594116
225,240,940,30,387.6500000000001,-271.25,473.1269227173614,-34.98160323516731,5,-3,5.830951894845301,5.81662101195624,0.9975422738606831,True,outward,right_upper,0.8182448744773865
225,240,230,40,-322.3499999999999,-261.25,414.9229868300863,-140.976807558396,-5,-2,5.385164807134504,5.143725625579739,0.9551658695319973,True,outward,left_upper,0.686580240726471
225,240,870,40,317.6500000000001,-261.25,411.2822449364914,-39.43545422722719,-8,8,11.313708498984761,-11.260393700474799,0.9952875930545014,True,inward,right_upper,0.6250043511390686
225,240,890,40,337.6500000000001,-261.25,426.9181244688495,-37.730202529389025,5,-3,5.830951894845301,5.790337440172026,0.9930346784871988,True,outward,right_upper,0.5619091987609863
225,240,900,40,347.6500000000001,-261.25,434.87019327610864,-36.92391669208765,5,-3,5.830951894845301,5.799431736170355,0.9945943373837794,True,outward,right_upper,0.5758312344551086
225,240,460,50,-92.34999999999991,-251.25,267.6846745706597,-110.18151921287371,0,1,1.0,-0.9386043500733865,0.9386043500733865,True,inward,left_upper,0.6160463690757751
225,240,870,50,317.6500000000001,-251.25,405.00380862406723,-38.34275974580427,-1,1,1.4142135623730951,-1.4046781484172772,0.9932574441304203,True,inward,right_upper,0.5762856602668762
225,240,930,50,377.6500000000001,-251.25,453.59242167390767,-33.63576538794128,6,-1,6.082762530298219,5.5493652003948295,0.9123100191325011,True,outward,right_upper,0.5688230395317078
225,240,950,50,397.6500000000001,-251.25,470.37440938044244,-32.28621414138403,6,-1,6.082762530298219,5.606491227857282,0.9217014801961063,True,outward,right_upper,0.7311102747917175
225,240,220,60,-332.3499999999999,-241.25,410.6800275153394,-144.0244260022251,1,1,1.4142135623730951,-1.3967078055155122,0.9876215606162002,True,inward,left_upper,0.5631391406059265
225,240,680,60,127.65000000000009,-241.25,272.9397094598,-62.11582489755246,3,-2,3.605551275463989,3.1708467841227344,0.8794346666765088,True,outward,right_upper,0.8424015045166016
225,240,850,60,297.6500000000001,-241.25,383.1410771504408,-39.025309848348435,4,-7,8.06225774829855,7.515116941818849,0.9321355352853649,True,outward,right_upper,0.6673212647438049
225,240,880,60,327.6500000000001,-241.25,406.8858377972869,-36.36436391083034,2,-2,2.8284271247461903,2.796361766139571,0.9886631837440405,True,outward,right_upper,0.6178185343742371
225,240,950,60,397.6500000000001,-241.25,465.1097558641402,-31.24474021884211,5,-6,7.810249675906654,7.386966101402509,0.9458040917936458,True,outward,right_upper,0.7654927372932434
225,240,200,80,-352.3499999999999,-221.25,416.055386937845,-147.87418788403434,-2,-2,2.8284271247461903,2.757325192790693,0.9748616708794017,True,outward,left_upper,0.7442154884338379
225,240,210,80,-342.3499999999999,-221.25,407.62125189935807,-147.12668949016884,-6,-1,6.082762530298219,5.582020047771662,0.9176784429718634,True,outward,left_upper,0.6247240900993347
225,240,900,80,347.6500000000001,-221.25,412.0826191432976,-32.473325060097366,7,-8,10.63014581273465,10.200745687209531,0.9596054341031984,True,outward,right_upper,0.5996115803718567
225,240,280,90,-272.3499999999999,-211.25,344.67533274082723,-142.2008294432779,4,1,4.123105625617661,-3.773551155103987,0.9152205880097217,True,inward,left_upper,0.6652743220329285
225,240,1020,90,467.6500000000001,-211.25,513.1501583357449,-24.30996547513684,-4,5,6.4031242374328485,-5.703691117415607,0.8907668984574225,True,inward,right_upper,0.6968840956687927
225,240,230,100,-322.3499999999999,-201.25,380.0145852464086,-148.02258505070898,2,3,3.605551275463989,-3.2852686409140883,0.9111695798838183,True,inward,left_upper,0.5926942825317383
225,240,250,100,-302.3499999999999,-201.25,363.2039165537728,-146.35149711911896,8,2,8.246211251235321,-7.7678127118497144,0.9419856556168216,True,inward,left_upper,0.5885705947875977
225,240,360,100,-192.3499999999999,-201.25,278.3883708059659,-133.70466068082973,-1,-4,4.123105625617661,3.5825849948852335,0.8689044909802779,True,outward,left_upper,0.5838176012039185
225,240,960,100,407.6500000000001,-201.25,454.6208145256881,-26.27478435292943,-6,6,8.48528137423857,-8.036147671354733,0.9470690855052359,True,inward,right_upper,0.7405120134353638
225,240,970,100,417.6500000000001,-201.25,463.60876285937485,-25.727687559749917,-8,5,9.433981132056603,-9.37741118866362,0.9940035979931359,True,inward,right_upper,0.7188441157341003
225,240,980,100,427.6500000000001,-201.25,472.63737156513565,-25.2014462550297,2,-4,4.47213595499958,3.512841133366004,0.7854951568363789,True,outward,right_upper,0.7222205400466919
225,240,180,110,-372.3499999999999,-191.25,418.5941769781323,-152.8136235749923,-1,0,1.0,0.8895250351737497,0.8895250351737497,True,outward,left_upper,0.6614153981208801
225,240,230,110,-322.3499999999999,-191.25,374.8147342354619,-149.31937747928583,-3,-8,8.54400374531753,6.662091353194592,0.779738814703317,True,outward,left_upper,0.5587978959083557
225,240,240,110,-312.3499999999999,-191.25,366.2500307167222,-148.52111852004666,-2,-3,3.605551275463989,3.2722181555991363,0.9075500265012991,True,outward,left_upper,0.6195120215415955
225,240,250,110,-302.3499999999999,-191.25,357.7598146801845,-147.6848027787928,8,3,8.54400374531753,-8.364690155810699,0.9790129317762644,True,inward,left_upper,0.5955954194068909
225,240,360,110,-192.3499999999999,-191.25,271.2472764840229,-135.1642992302231,-6,-1,6.082762530298219,4.959865468286992,0.8153968601571933,True,outward,left_upper,0.6594329476356506
225,240,380,110,-172.3499999999999,-191.25,257.45113128514305,-132.0244320433376,5,5,7.0710678118654755,-7.061534322746681,0.9986517610391464,True,inward,left_upper,0.623321533203125
225,240,910,110,357.6500000000001,-191.25,405.57377257411514,-28.135227856469342,8,-2,8.246211251235321,7.997805132744974,0.9698763333945472,True,outward,right_upper,0.5720272064208984
225,240,920,110,367.6500000000001,-191.25,414.41897277996344,-27.483263345592626,7,-7,9.899494936611665,9.440446159489044,0.9536290709716003,True,outward,right_upper,0.7115250825881958
225,240,250,120,-302.3499999999999,-181.25,352.51536845930553,-149.0585429674624,8,-1,8.06225774829855,-6.347382838312488,0.7872959456861862,True,inward,left_upper,0.7096108198165894
225,240,600,120,47.65000000000009,-181.25,187.40887118810573,-75.27044210664026,-2,6,6.324555320336759,-6.311334103350967,0.9979095420442796,True,inward,right_upper,0.6138080358505249
225,240,890,120,337.6500000000001,-181.25,383.22197875382886,-28.22683491513883,-3,7,7.615773105863909,-5.953990445484602,0.7817972466774534,True,inward,right_upper,0.5529557466506958
225,240,920,120,367.6500000000001,-181.25,409.9000914857181,-26.243115484317226,8,-7,10.63014581273465,10.270673482264117,0.9661836877119885,True,outward,right_upper,0.6996602416038513
225,240,170,130,-382.3499999999999,-171.25,418.94878565285273,-155.872962203742,2,2,2.8284271247461903,-2.6428051301655815,0.9343727144473395,True,inward,left_upper,0.7045740485191345
225,240,250,130,-302.3499999999999,-171.25,347.47961810730703,-150.472933446232,8,-1,8.06225774829855,-6.468149160063602,0.8022751643519005,True,inward,left_upper,0.7280670404434204
225,240,920,130,367.6500000000001,-171.25,405.5774710212589,-24.975928304226457,8,-7,10.63014581273465,10.207544293758367,0.9602449932088404,True,outward,right_upper,0.5784520506858826
225,240,260,140,-292.3499999999999,-161.25,333.8713599576938,-151.12041301087385,7,-1,7.0710678118654755,-5.646486120399428,0.7985337251220311,True,inward,left_upper,0.6888990998268127
225,240,920,140,367.6500000000001,-161.25,401.4574510455623,-23.682087724538444,7,-6,9.219544457292887,8.820486432068037,0.9567160799458823,True,outward,right_upper,0.7705755829811096
225,240,930,140,377.6500000000001,-161.25,410.6349778087591,-23.12164166663173,6,-6,8.48528137423857,7.874146565044587,0.9279770720332979,True,outward,right_upper,0.8243111968040466
225,240,940,140,387.6500000000001,-161.25,419.85007443133804,-22.58574813683317,-1,0,1.0,-0.923305778914173,0.923305778914173,True,inward,right_upper,0.7446784973144531
225,240,990,140,437.6500000000001,-161.25,466.4108542905065,-20.22607279780978,4,-1,4.123105625617661,4.099068412351301,0.9941701194563117,True,outward,right_upper,0.6245567202568054
225,240,310,150,-242.3499999999999,-151.25,285.67478887714253,-148.03182114807151,-2,0,2.0,1.6966845478564445,0.8483422739282223,True,outward,left_upper,0.6455056667327881
225,240,880,150,327.6500000000001,-151.25,360.8754425005948,-24.77902168298996,-3,2,3.605551275463989,-3.5620323485931897,0.9879300213626281,True,inward,right_upper,0.6771180629730225
225,240,890,150,337.6500000000001,-151.25,369.9784926181522,-24.129948753192995,-2,4,4.47213595499958,-3.460471420757351,0.7737849331008713,True,inward,right_upper,0.7017689347267151
225,240,930,150,377.6500000000001,-151.25,406.81210036084235,-21.82625530952908,7,-7,9.899494936611665,9.100761744097731,0.9193157633163739,True,outward,right_upper,0.5725586414337158
225,240,1010,150,457.6500000000001,-151.25,481.99593877957113,-18.288345324398517,1,0,1.0,0.9494893279781242,0.9494893279781242,True,outward,right_upper,0.6808580160140991
225,240,140,160,-412.3499999999999,-141.25,435.87163821473854,-161.0911652360818,7,-1,7.0710678118654755,-6.298184509650376,0.8906977951875703,True,inward,left_upper,0.6997647881507874
225,240,300,160,-252.3499999999999,-141.25,289.1921247198823,-150.762582688639,3,1,3.1622776601683795,-3.106239496909234,0.9822791768208736,True,inward,left_upper,0.6619410514831543
225,240,910,160,357.6500000000001,-141.25,384.53229383239074,-21.551005766308506,3,-5,5.830951894845301,4.62691958136425,0.7935101617721382,True,outward,right_upper,0.6214076280593872
225,240,330,170,-222.3499999999999,-131.25,258.19776335204756,-149.44725894735916,-4,0,4.0,3.444646415419642,0.8611616038549105,True,outward,left_upper,0.7613856792449951
225,240,800,170,247.6500000000001,-131.25,280.28036855976916,-27.92277691297014,-2,0,2.0,-1.7671590862575113,0.8835795431287556,True,inward,right_upper,0.6867759823799133
225,240,860,170,307.6500000000001,-131.25,334.477331070433,-23.10412105347908,4,-5,6.4031242374328485,5.641189476014667,0.881005781995625,True,outward,right_upper,0.608513355255127
225,240,950,170,397.6500000000001,-131.25,418.75062388013237,-18.26620324519825,-6,5,7.810249675906654,-7.264824997301539,0.9301655259129985,True,inward,right_upper,0.6440294981002808
225,240,1050,170,497.6500000000001,-131.25,514.666965133765,-14.774727712083319,-8,4,8.94427190999916,-8.755564870632046,0.9789019116071204,True,inward,right_upper,0.7572957873344421
225,240,50,180,-502.3499999999999,-121.25,516.7756621591229,-166.43030890018784,-1,0,1.0,0.9720852524307131,0.9720852524307131,True,outward,left_upper,0.6949847936630249
225,240,740,180,187.6500000000001,-121.25,223.41460337229532,-32.868513240458356,-1,0,1.0,-0.8399182379645187,0.8399182379645187,True,inward,right_upper,0.7461730241775513
225,240,1050,180,497.6500000000001,-121.25,512.2080485505866,-13.69304535136047,-5,4,6.4031242374328485,-5.804770167929833,0.9065527940243576,True,inward,right_upper,0.7275291085243225
225,240,270,190,-282.3499999999999,-111.25,303.4766630236993,-158.49483957126762,-6,-4,7.211102550927978,7.048647427077289,0.9774715277305572,True,outward,left_upper,0.8388264179229736
225,240,290,190,-262.3499999999999,-111.25,284.96330465517826,-157.02053797742354,-2,-3,3.605551275463989,3.012493138506984,0.8355152675284903,True,outward,left_upper,0.5671717524528503
225,240,300,190,-252.3499999999999,-111.25,275.78449013677323,-156.2094305444559,-8,-4,8.94427190999916,8.93378738876177,0.9988277948900829,True,outward,left_upper,0.579352080821991
225,240,740,190,187.6500000000001,-111.25,218.14922644831915,-30.66196551587302,-3,1,3.1622776601683795,-3.0905449951697275,0.977316139597042,True,inward,right_upper,0.6089632511138916
225,240,1000,190,447.6500000000001,-111.25,461.26682625135754,-13.956408718893911,4,2,4.47213595499958,3.399550782230972,0.7601626642031037,True,outward,right_upper,0.8114163279533386
225,240,240,200,-312.3499999999999,-101.25,328.35055200197235,-162.03960808372128,1,1,1.4142135623730951,-1.2596293731752748,0.890692471553997,True,inward,left_upper,0.671175479888916
225,240,740,200,187.6500000000001,-101.25,213.22308739909013,-28.34989450139695,-8,2,8.246211251235321,-7.990222919956044,0.9689568550355863,True,inward,right_upper,0.5689285397529602
225,240,230,210,-322.3499999999999,-91.25,335.0165443675878,-164.1943811391125,6,1,6.082762530298219,-6.045522330317333,0.9938777488360933,True,inward,left_middle,0.6863901615142822
225,240,240,210,-312.3499999999999,-91.25,325.4060309828322,-163.71479267903055,1,1,1.4142135623730951,-1.2402966189071434,0.8770221499119881,True,inward,left_middle,0.8151764273643494
225,240,280,210,-272.3499999999999,-91.25,287.23002106325856,-161.47673891483421,-4,0,4.0,3.7927790276493205,0.9481947569123301,True,outward,left_middle,0.7041628360748291
225,240,940,210,387.6500000000001,-91.25,398.24500624615507,-13.24587462242512,3,1,3.1622776601683795,2.6910569704358904,0.8509869339849815,True,outward,right_middle,0.721815824508667
225,240,170,220,-382.3499999999999,-81.25,390.88756055929935,-168.00301108131058,-4,2,4.47213595499958,3.4969135319736915,0.7819336368932058,True,outward,left_middle,0.6035826206207275
225,240,720,220,167.6500000000001,-81.25,186.30106011507297,-25.856713087105383,-8,-2,8.246211251235321,-6.32685610737776,0.7672440002589028,True,inward,right_middle,0.6924694180488586
225,240,120,230,-432.3499999999999,-71.25,438.1815662485129,-170.6419358533682,4,3,5.0,-4.434577238463633,0.8869154476927266,True,inward,left_middle,0.8136223554611206
225,240,200,230,-352.3499999999999,-71.25,359.481689380697,-168.56816179607506,-5,-3,5.830951894845301,5.4954120289223205,0.9424553877353018,True,outward,left_middle,0.6895647644996643
225,240,290,230,-262.3499999999999,-71.25,271.8530577352404,-164.80588142629915,3,-1,3.1622776601683795,-2.6330400914494123,0.8326403859518182,True,inward,left_middle,0.6125727295875549
225,240,780,230,227.6500000000001,-71.25,238.53948310499888,-17.379100001133533,-5,6,7.810249675906654,-6.563902879385372,0.8404216448590551,True,inward,right_middle,0.5743059515953064
225,240,920,230,367.6500000000001,-71.25,374.4904337897032,-10.967872182661678,-2,1,2.23606797749979,-2.1537265767726446,0.9631758061223106,True,inward,right_middle,0.852329671382904
225,240,120,240,-432.3499999999999,-61.25,436.6670184476954,-171.93669970329273,5,2,5.385164807134504,-5.23110265602441,0.9713913767493271,True,inward,left_middle,0.7233251929283142
225,240,240,240,-312.3499999999999,-61.25,318.2987354671708,-168.90541109303567,2,1,2.23606797749979,-2.1550509743408908,0.9637680947206773,True,inward,left_middle,0.7176806330680847
225,240,300,240,-252.3499999999999,-61.25,259.6768857638276,-166.35708522400992,3,4,5.0,-3.858834016175586,0.7717668032351173,True,inward,left_middle,0.7892430424690247
225,240,900,240,347.6500000000001,-61.25,353.0043696613401,-9.99199587964452,3,0,3.0,2.9544960052493674,0.9848320017497891,True,outward,right_middle,0.8890184164047241
225,240,910,240,357.6500000000001,-61.25,362.8568381607271,-9.718018323636528,3,0,3.0,2.9569513018926163,0.9856504339642055,True,outward,right_middle,0.8994677066802979
225,240,1000,240,447.6500000000001,-61.25,451.8208549856902,-7.791152310250942,4,0,4.0,3.9630751441447103,0.9907687860361776,True,outward,right_middle,0.7337270379066467
225,240,310,250,-242.3499999999999,-51.25,247.70967885813417,-168.05952185435106,3,4,5.0,-3.7626708988379667,0.7525341797675933,True,inward,left_middle,0.585677981376648
225,240,820,250,267.6500000000001,-51.25,272.51254099582286,-10.839866096472825,-2,0,2.0,-1.9643132680936155,0.9821566340468078,True,inward,right_middle,0.6063461303710938
225,240,870,250,317.6500000000001,-51.25,321.7578048781413,-9.165182515933038,4,-4,5.656854249492381,4.586058139471866,0.8107082023340794,True,outward,right_middle,0.721508800983429
225,240,890,250,337.6500000000001,-51.25,341.51732752526635,-8.63072774012843,4,-1,4.123105625617661,4.104769764269978,0.9955529004074603,True,outward,right_middle,0.7260127067565918
225,240,910,250,357.6500000000001,-51.25,361.3033144049471,-8.154771742589423,3,-3,4.242640687119285,3.3952082671046866,0.800258263070117,True,outward,right_middle,0.789297342300415
225,240,960,250,407.6500000000001,-51.25,410.85895998505384,-7.1656645275207245,3,-1,3.1622776601683795,3.101307563175336,0.9807195624340599,True,outward,right_middle,0.6335757970809937
225,240,220,260,-332.3499999999999,-41.25,334.90011197370467,-172.92485126386725,-2,-2,2.8284271247461903,2.231113019331172,0.7888175727813321,True,outward,left_middle,0.7290549278259277
225,240,880,260,327.6500000000001,-41.25,330.23640774451275,-7.17558820823815,4,-3,5.0,4.3434035931909865,0.8686807186381973,True,outward,right_middle,0.7446626424789429
225,240,960,260,407.6500000000001,-41.25,409.7317232043427,-5.778077662334203,4,0,4.0,3.979677207436492,0.994919301859123,True,outward,right_middle,0.6225132942199707
225,240,310,270,-242.3499999999999,-31.25,244.35647116456718,-172.65249665319948,3,-1,3.1622776601683795,-2.8474793267553697,0.9004520262789802,True,inward,left_middle,0.6189907789230347
225,240,410,270,-142.3499999999999,-31.25,145.73978523382,-167.61830649836185,1,0,1.0,-0.9767408382798038,0.9767408382798038,True,inward,left_middle,0.6468230485916138
225,240,880,270,327.6500000000001,-31.25,329.1368788209551,-5.448171554881232,3,-2,3.605551275463989,3.1763380747397423,0.8809576766679008,True,outward,right_middle,0.6808586120605469
225,240,870,280,317.6500000000001,-21.25,318.3599927754743,-3.827243525547064,-5,5,7.0710678118654755,-5.322590898521155,0.7527280235652215,True,inward,right_middle,0.6491956114768982
225,240,960,280,407.6500000000001,-21.25,408.20348479649226,-2.9840164175663655,8,3,8.54400374531753,7.832980655699382,0.9167810419081548,True,outward,right_middle,0.6941168308258057
225,240,220,290,-332.3499999999999,-11.25,332.5403509350406,-178.06128629384912,3,0,3.0,-2.998282756352676,0.999427585450892,True,inward,left_middle,0.7430546283721924
225,240,240,290,-312.3499999999999,-11.25,312.5525315846921,-177.93725304541087,-1,0,1.0,0.9993520078571583,0.9993520078571583,True,outward,left_middle,0.6813475489616394
225,240,860,300,307.6500000000001,-1.25,307.65253940118885,-0.23279483271621873,-4,-1,4.123105625617661,-3.995903958383676,0.969149064131742,True,inward,right_middle,0.6091499328613281
225,240,340,310,-212.3499999999999,8.75,212.53019785432838,177.64043033125495,8,-2,8.246211251235321,-8.07555828455201,0.9793052880305793,True,inward,left_middle,0.6502119302749634
225,240,860,310,307.6500000000001,8.75,307.7744060184343,1.6291336146351327,-4,-1,4.123105625617661,-4.026813067509482,0.9766456242328856,True,inward,right_middle,0.610151469707489
225,240,230,320,-322.3499999999999,18.75,322.89485130611786,176.67105088962393,6,-2,6.324555320336759,-6.106012505386281,0.9654453469245896,True,inward,left_middle,0.613107442855835
225,240,240,320,-312.3499999999999,18.75,312.91226406134984,176.56472465145657,5,-2,5.385164807134504,-5.110857526780891,0.9490624168103086,True,inward,left_middle,0.6812383532524109
225,240,860,320,307.6500000000001,18.75,308.22083803662605,3.487627826306311,-6,-3,6.708203932499369,-6.171386763194665,0.9199760211963778,True,inward,right_middle,0.6304967403411865
225,240,320,330,-232.3499999999999,28.75,234.12194472112168,172.94631686732455,-3,3,4.242640687119285,3.3456923524748645,0.7885872500663166,True,outward,left_middle,0.6381583213806152
225,240,740,330,187.6500000000001,28.75,189.83962968779736,8.71059549236031,-8,-4,8.94427190999916,-8.513501646931878,0.9518384204548047,True,inward,right_middle,0.6169754266738892
225,240,850,330,297.6500000000001,28.75,299.0352571186215,5.517081798735597,-5,-1,5.0990195135927845,-5.0729804057794965,0.9948933108132114,True,inward,right_middle,0.8255666494369507
225,240,860,330,307.6500000000001,28.75,308.9904286543518,5.338805438222022,-8,0,8.0,-7.965295270531473,0.9956619088164341,True,inward,right_middle,0.6852567791938782
225,240,690,340,137.6500000000001,38.75,143.00029720248844,15.722499079061402,1,0,1.0,0.9625854120085336,0.9625854120085336,True,outward,right_middle,0.5516377091407776
225,240,740,340,187.6500000000001,38.75,191.60919863096353,11.667659918862114,-6,1,6.082762530298219,-5.6737881467467295,0.9327650255103023,True,inward,right_middle,0.6897870302200317
225,240,970,340,417.6500000000001,38.75,419.44378049984255,5.300786294651634,-3,0,3.0,-2.987170291348427,0.9957234304494756,True,inward,right_middle,0.7952834963798523
225,240,370,350,-182.3499999999999,48.75,188.75403306949488,165.03240939706393,1,-1,1.4142135623730951,-1.224344700041001,0.8657424399088012,True,inward,left_middle,0.698438823223114
225,240,740,350,187.6500000000001,48.75,193.8790473465352,14.563061647319754,-6,-8,10.0,-7.818792286979385,0.7818792286979386,True,inward,right_middle,0.7649217844009399
225,240,860,350,307.6500000000001,48.75,311.4884989851151,9.004183470039344,2,1,2.23606797749979,2.1318604127073493,0.9533969602708778,True,outward,right_middle,0.605778694152832
225,240,1000,360,447.6500000000001,58.75,451.48874293829306,7.476819142691523,-4,1,4.123105625617661,-3.8358652947338268,0.9303339868134463,True,inward,right_middle,0.6422044038772583
225,240,690,370,137.6500000000001,68.75,153.86385215507906,26.540071184686116,1,1,1.4142135623730951,1.3414456814195055,0.9485453379251414,True,outward,right_middle,0.5528041124343872
225,240,780,370,227.6500000000001,68.75,237.8047203063893,16.80424695473814,-7,-1,7.0710678118654755,-6.990189252165733,0.9885620443967422,True,inward,right_middle,0.8111097812652588
225,240,710,380,157.6500000000001,78.75,176.2245300745615,26.543240831914055,5,2,5.385164807134504,5.366732994548766,0.9965772983286754,True,outward,right_middle,0.6280654072761536
225,240,820,380,267.6500000000001,78.75,278.9947759367549,16.39533504451232,-3,-2,3.605551275463989,-3.442537577182893,0.9547881347880379,True,inward,right_middle,0.572803258895874
225,240,220,390,-332.3499999999999,88.75,343.9957630553027,165.04873409046243,-3,-1,3.1622776601683795,2.640439498244565,0.8349802838324992,True,outward,left_middle,0.8238210082054138
225,240,250,390,-302.3499999999999,88.75,315.10646613486045,163.64124343335956,-3,4,5.0,4.005154243518008,0.8010308487036015,True,outward,left_middle,0.593376874923706
225,240,780,390,227.6500000000001,88.75,244.3380547520178,21.29846496341477,1,0,1.0,0.9317009592756451,0.9317009592756451,True,outward,right_middle,0.7203666567802429
225,240,220,400,-332.3499999999999,98.75,346.7103762508413,163.45191908523893,-3,-1,3.1622776601683795,2.5909233225546418,0.8193218942123776,True,outward,left_middle,0.616858959197998
225,240,290,400,-262.3499999999999,98.75,280.319612228613,159.37338319982788,3,0,3.0,-2.8076879592646047,0.9358959864215349,True,inward,left_middle,0.5950170755386353
225,240,340,400,-212.3499999999999,98.75,234.18814017793463,155.05996396411982,1,-2,2.23606797749979,-1.750088623995214,0.7826634259804736,True,inward,left_middle,0.7032234072685242
225,240,350,400,-202.3499999999999,98.75,225.16013190616133,153.98689228259184,-6,-1,6.082762530298219,4.953585657272742,0.8143644655859815,True,outward,left_middle,0.6747420430183411
225,240,740,410,187.6500000000001,108.75,216.88495798464226,30.093851876208966,-4,-4,5.656854249492381,-5.466492517585998,0.9663484821226452,True,inward,right_lower,0.5897620916366577
225,240,850,410,297.6500000000001,108.75,316.89443825980925,20.070382826139557,6,5,7.810249675906654,7.351501694990344,0.94126333984796,True,outward,right_lower,0.5526685118675232
225,240,860,410,307.6500000000001,108.75,326.305202226382,19.467793701256056,6,5,7.810249675906654,7.323358572573795,0.9376599822621755,True,outward,right_lower,0.6185753345489502
225,240,870,410,317.6500000000001,108.75,335.75003350707215,18.899046898984473,6,5,7.810249675906654,7.296052883188772,0.9341638469889004,True,outward,right_lower,0.5992283225059509
225,240,860,420,307.6500000000001,118.75,329.7727778334653,21.106118235364853,7,0,7.0,6.53040561488535,0.9329150878407643,True,outward,right_lower,0.5895333886146545
225,240,370,430,-182.3499999999999,128.75,223.2220531219977,144.7756227437988,4,0,4.0,-3.267598294158508,0.816899573539627,True,inward,left_lower,0.5647165775299072
225,240,380,430,-172.3499999999999,128.75,215.13039069364413,143.23929791571885,-5,0,5.0,4.005710198459001,0.8011420396918002,True,outward,left_lower,0.5528888702392578
225,240,830,430,277.6500000000001,128.75,306.0491545487425,24.87778240363928,-4,1,4.123105625617661,-3.2081447878779468,0.7780894013350317,True,inward,right_lower,0.5895431041717529
225,240,970,430,417.6500000000001,128.75,437.0447173917105,17.1330903462316,7,-2,7.280109889280518,6.10017669567322,0.8379237111043238,True,outward,right_lower,0.7038823962211609
225,240,300,440,-252.3499999999999,138.75,287.9793134931743,151.1966152879195,-4,8,8.94427190999916,7.359556401089323,0.8228234198539717,True,outward,left_lower,0.5855149626731873
225,240,310,440,-242.3499999999999,138.75,279.25809746540915,150.20803919063533,-5,-1,5.0990195135927845,3.842323677410675,0.7535416695637163,True,outward,left_lower,0.6189062595367432
225,240,820,440,267.6500000000001,138.75,301.47650820586347,27.40226393745068,-2,-2,2.8284271247461903,-2.696064130625326,0.9532026146394909,True,inward,right_lower,0.6409788131713867
225,240,840,440,287.6500000000001,138.75,319.3651280274665,25.750664232429624,4,1,4.123105625617661,4.037228510086774,0.9791717401083991,True,outward,right_lower,0.5969729423522949
225,240,850,440,297.6500000000001,138.75,328.40079932911254,24.99265133589685,-2,-4,4.47213595499958,-3.50273203460509,0.7832346936343126,True,inward,right_lower,0.7442510724067688
225,240,270,450,-282.3499999999999,148.75,319.13646767488035,152.2184646622221,2,-2,2.8284271247461903,-2.701665548540082,0.9551830149353827,True,inward,left_lower,0.6555215120315552
225,240,320,450,-232.3499999999999,148.75,275.8860000072493,147.372710505848,-4,3,5.0,4.986298688457741,0.9972597376915482,True,outward,left_lower,0.566276490688324
225,240,670,450,117.65000000000009,148.75,189.65253755223003,51.658668732489474,-3,-3,4.242640687119285,-4.2140221813794705,0.9932545535079838,True,inward,right_lower,0.6938267946243286
225,240,750,450,197.6500000000001,148.75,247.3703397741937,36.96486165962694,4,1,4.123105625617661,3.797342886206424,0.9209909303833477,True,outward,right_lower,0.6533580422401428
225,240,790,450,237.6500000000001,148.75,280.36420063909736,32.04329227990589,-1,-1,1.4142135623730951,-1.3782073428747017,0.9745397580277947,True,inward,right_lower,0.6314757466316223
225,240,800,450,247.6500000000001,148.75,288.88939925168603,30.990967348437035,-2,0,2.0,-1.7144969711002973,0.8572484855501487,True,inward,right_lower,0.6409947872161865
225,240,810,450,257.6500000000001,148.75,297.50644530833284,29.99928334892585,4,4,5.656854249492381,5.464083301843239,0.9659225889253837,True,outward,right_lower,0.6074311137199402
225,240,870,450,317.6500000000001,148.75,350.75359584756944,25.09287991344222,1,0,1.0,0.9056215068370802,0.9056215068370802,True,outward,right_lower,0.7528276443481445
225,240,890,460,337.6500000000001,158.75,373.10733710287724,25.181098873313452,-1,0,1.0,-0.9049674622370119,0.9049674622370119,True,inward,right_lower,0.6862343549728394
225,240,620,470,67.65000000000009,168.75,181.80507418661344,68.15469916363634,-1,-4,4.123105625617661,-4.0848694863032735,0.9907263740524088,True,inward,right_lower,0.6039668917655945
225,240,600,480,47.65000000000009,178.75,184.99212145386085,75.07357052833807,5,6,7.810249675906654,7.085436880764225,0.907197231174522,True,outward,right_lower,0.5726466774940491
225,240,620,480,67.65000000000009,178.75,191.12321941616622,69.27027325930945,1,6,6.082762530298219,5.965523202690254,0.9807259732688894,True,outward,right_lower,0.5746102333068848
225,240,630,480,77.65000000000009,178.75,194.88736490598873,66.51960392258879,4,8,8.94427190999916,8.931312714088183,0.9985511178504659,True,outward,right_lower,0.5702577829360962
225,240,670,480,117.65000000000009,178.75,213.99318914395388,56.64781436729662,-2,-1,2.23606797749979,-1.9348746642654475,0.8653022554479247,True,inward,right_lower,0.6198994517326355
225,240,780,480,227.6500000000001,178.75,289.44098707681337,38.13888162089752,8,2,8.246211251235321,7.52726841489732,0.9128153749116845,True,outward,right_lower,0.5627344846725464
225,240,800,480,247.6500000000001,178.75,305.4211600397066,35.8211776035832,-2,-8,8.246211251235321,-6.303754460724658,0.7644425141037136,True,inward,right_lower,0.6943013668060303
225,240,370,490,-182.3499999999999,188.75,262.44634689779923,134.01197348216567,3,-1,3.1622776601683795,-2.803620658840917,0.8865826977039184,True,inward,left_lower,0.5738559365272522
225,240,560,490,7.650000000000091,188.75,188.90496287816262,87.67908371256114,0,4,4.0,3.996718712397989,0.9991796780994973,True,outward,right_lower,0.5644054412841797
225,240,680,490,127.65000000000009,188.75,227.86198673758645,55.929849195020985,-5,-2,5.385164807134504,-4.457742226086058,0.8277819501791746,True,inward,right_lower,0.573103666305542
225,240,700,490,147.6500000000001,188.75,239.6394896506,51.96564629389682,0,-1,1.0,-0.7876414704237683,0.7876414704237683,True,inward,right_lower,0.5827194452285767
225,240,800,490,247.6500000000001,188.75,311.3793265456139,37.31335742466249,-4,-6,7.211102550927978,-6.81837173826949,0.9455380352886608,True,inward,right_lower,0.7056238055229187
225,240,890,490,337.6500000000001,188.75,386.8256519415434,29.205662274886773,2,2,2.8284271247461903,2.7216395673756866,0.9622448970184847,True,outward,right_lower,0.6716273427009583
225,240,230,500,-322.3499999999999,198.75,378.69656058644097,148.34343424954017,1,-3,3.1622776601683795,-2.425688785177971,0.7670701455889273,True,inward,left_lower,0.6947904229164124
225,240,370,500,-182.3499999999999,198.75,269.7277979741798,132.53589243885472,-7,8,10.63014581273465,10.627195348528355,0.999722443674972,True,outward,left_lower,0.612274706363678
225,240,380,500,-172.3499999999999,198.75,263.07049435465007,130.93084184864085,-1,8,8.06225774829855,6.699154933065752,0.8309279040947971,True,outward,left_lower,0.6564981937408447
225,240,490,500,-62.34999999999991,198.75,208.30046807436605,107.41719887890001,-1,-4,4.123105625617661,-3.517274861516078,0.8530644569623835,True,inward,left_lower,0.7743412852287292
225,240,600,500,47.65000000000009,198.75,204.38220323697465,76.51789649912108,0,-7,7.0,-6.807099531982685,0.9724427902832407,True,inward,right_lower,0.5783669352531433
225,240,610,500,57.65000000000009,198.75,206.94222623717957,73.8245170772746,1,-4,4.123105625617661,-3.563071749092484,0.8641718337154457,True,inward,right_lower,0.6650955080986023
225,240,620,500,67.65000000000009,198.75,209.94781494457143,71.20258836077332,1,-3,3.1622776601683795,-2.5177685232854468,0.7961883154660698,True,inward,right_lower,0.6575185656547546
225,240,430,510,-122.34999999999991,208.75,241.9629827060329,120.37489946408412,-1,-6,6.082762530298219,-4.6707557799163375,0.7678675201688901,True,inward,left_lower,0.6207462549209595
225,240,490,510,-62.34999999999991,208.75,217.862536935564,106.6299719309499,-1,-7,7.0710678118654755,-6.421021345279501,0.9080695470781406,True,inward,left_lower,0.6060987710952759
225,240,500,510,-52.34999999999991,208.75,215.21404461605192,104.07821366009676,-3,-8,8.54400374531753,-7.029978004916671,0.8227966904590125,True,inward,left_lower,0.6211444735527039
225,240,540,510,-12.349999999999909,208.75,209.11500424407618,93.38576788109097,-4,-8,8.94427190999916,-7.749802582833598,0.8664542693709685,True,inward,left_lower,0.5739648938179016
225,240,550,510,-2.349999999999909,208.75,208.76322712585184,90.64497913479101,6,7,9.219544457292887,6.932015853192351,0.7518826863195996,True,outward,left_lower,0.5537869334220886
225,240,800,510,247.6500000000001,208.75,323.8936322313238,40.12832571127493,-2,-8,8.246211251235321,-6.685219419360334,0.8107019351897948,True,inward,right_lower,0.619570791721344
225,240,180,520,-372.3499999999999,218.75,431.85192485387853,149.56640771007986,-4,6,7.211102550927978,6.488103534441929,0.8997380759211352,True,outward,left_lower,0.8039754033088684
225,240,380,520,-172.3499999999999,218.75,278.48893155743184,128.2340700343447,7,-4,8.06225774829855,-7.474085193833813,0.9270461733143096,True,inward,left_lower,0.6394064426422119
225,240,390,520,-162.3499999999999,218.75,272.4134449692231,126.5817490604108,6,-3,6.708203932499369,-5.984836762312499,0.8921667889846999,True,inward,left_lower,0.5753377079963684
225,240,560,520,7.650000000000091,218.75,218.88372484038186,87.99710098889972,2,-7,7.280109889280518,-6.925823293191336,0.9513349933617286,True,inward,right_lower,0.7738804817199707
225,240,600,520,47.65000000000009,218.75,223.87962167200482,77.7113054622385,0,-1,1.0,-0.9770875900464046,0.9770875900464046,True,inward,right_lower,0.628768265247345
225,240,760,520,207.6500000000001,218.75,301.6124748746312,46.49118093564419,-7,-1,7.0710678118654755,-5.54453193852513,0.7841152264473026,True,inward,right_lower,0.6481600403785706
225,240,910,520,357.6500000000001,218.75,419.24346745059734,31.451268683285168,1,0,1.0,0.8530842523912306,0.8530842523912306,True,outward,right_lower,0.6292734742164612
225,240,270,530,-282.3499999999999,228.75,363.38421126955967,140.98683018506625,-7,3,7.615773105863909,7.327506031969009,0.9621486788159507,True,outward,left_lower,0.6829020380973816
225,240,550,530,-2.349999999999909,228.75,228.76207071977643,90.58859167379512,3,-7,7.615773105863909,-7.030448688192271,0.9231431386498429,True,inward,left_lower,0.621225893497467
225,240,560,530,7.650000000000091,228.75,228.87788228660278,88.08459270583403,2,-8,8.246211251235321,-7.9286822381885615,0.9614939511767671,True,inward,right_lower,0.725235641002655
225,240,630,530,77.65000000000009,228.75,241.57004160284447,71.25003632016318,-2,-5,5.385164807134504,-5.377529396363294,0.9985821398147195,True,inward,right_lower,0.6812191009521484
225,240,740,530,187.6500000000001,228.75,295.8700474870683,50.637016518798546,5,3,5.830951894845301,5.490586200926618,0.9416277650618977,True,outward,right_lower,0.660859227180481
225,240,390,540,-162.3499999999999,238.75,288.7197343445715,124.21570213243739,0,-6,6.0,-4.96155901241717,0.8269265020695283,True,inward,left_lower,0.5865525603294373
225,240,550,540,-2.349999999999909,238.75,238.7615651649151,90.5639402463726,2,8,8.246211251235321,7.97992758459256,0.9677083622369157,True,outward,left_lower,0.5851991176605225
225,240,690,540,137.6500000000001,238.75,275.58861551232485,60.03463734887964,4,2,4.47213595499958,3.7305604880983254,0.834178684556265,True,outward,right_lower,0.5549488067626953
225,240,740,540,187.6500000000001,238.75,303.66772136662803,51.83376572539671,4,3,5.0,4.830444254656306,0.9660888509312612,True,outward,right_lower,0.6479225754737854
225,240,840,540,287.6500000000001,238.75,373.82360144859774,39.692732119694426,6,1,6.082762530298219,5.2555536685934685,0.8640077008457216,True,outward,right_lower,0.6064256429672241
225,240,930,540,377.6500000000001,238.75,446.78975480644147,32.30103846937684,7,2,7.280109889280518,6.985500375567259,0.9595322710516977,True,outward,right_lower,0.5748358368873596
225,240,380,550,-172.3499999999999,248.75,302.62366893552786,124.71670725195094,6,-5,7.810249675906654,-7.527005432233001,0.9637342907810726,True,inward,left_lower,0.6472966074943542
225,240,390,550,-162.3499999999999,248.75,297.04222763775516,123.13101071245131,4,-5,6.4031242374328485,-6.373336259478594,0.9953478994238293,True,inward,left_lower,0.5668506026268005
225,240,460,550,-92.34999999999991,248.75,265.3395654628235,110.36775999392552,-4,5,6.4031242374328485,6.079568258831783,0.9494690456403222,True,outward,left_lower,0.5993059277534485
225,240,380,560,-172.3499999999999,258.75,310.89561753102913,123.6670664113932,-5,5,7.0710678118654755,6.933195189812762,0.9805018668013114,True,outward,left_lower,0.5670706629753113
225,240,680,560,127.65000000000009,258.75,288.52397647336005,63.741340445192705,-1,5,5.0990195135927845,4.04160518738611,0.7926239891046,True,outward,right_lower,0.6739690899848938
225,240,190,570,-362.3499999999999,268.75,451.1364372337929,143.43618156655933,6,-8,10.0,-9.58490523734645,0.9584905237346449,True,inward,left_lower,0.6913635730743408
225,240,500,570,-52.34999999999991,268.75,273.8011778645227,101.02265570610298,2,-7,7.280109889280518,-7.253255867959236,0.9963113164870187,True,inward,left_lower,0.759316086769104
225,240,510,570,-42.34999999999991,268.75,272.06632463427,98.95510932286945,-1,-6,6.082762530298219,-5.771203040694956,0.9487799354238494,True,inward,left_lower,0.6284283399581909
225,240,680,570,127.65000000000009,268.75,297.5249317284184,64.59336906861238,-3,-2,3.605551275463989,-3.0936903158091966,0.8580353126197262,True,inward,right_lower,0.6629831790924072
225,240,710,570,157.6500000000001,268.75,311.5767722408075,59.60391577754264,1,2,2.23606797749979,2.231071318316185,0.9977654260810122,True,outward,right_lower,0.5815116763114929
225,240,750,570,197.6500000000001,268.75,333.6046837201181,53.6676800017389,7,2,7.280109889280518,5.758462317068935,0.7909856313498634,True,outward,right_lower,0.7247218489646912
225,240,780,570,227.6500000000001,268.75,352.2088655897237,49.73307324559608,-2,-1,2.23606797749979,-2.055740416379586,0.9193550630236953,True,inward,right_lower,0.7222936153411865
225,240,810,570,257.6500000000001,268.75,372.3037536743352,46.20799565980677,-2,-5,5.385164807134504,-4.993368940422139,0.9272453340344762,True,inward,right_lower,0.6781333088874817
225,240,820,570,267.6500000000001,268.75,379.29287496603473,45.11749677314608,1,1,1.4142135623730951,1.414210588712045,0.9999978973041066,True,outward,right_lower,0.6344533562660217
225,240,830,570,277.6500000000001,268.75,386.4143954357809,44.06682403440974,1,1,1.4142135623730951,1.4140259950300107,0.9998673698597759,True,outward,right_lower,0.5878574848175049
225,240,810,580,257.6500000000001,278.75,379.5854119957721,47.25264350504812,-1,-6,6.082762530298219,-5.084889827171489,0.835950738146306,True,inward,right_lower,0.6107211112976074
240,255,940,20,387.6500000000001,-281.25,478.93014626352357,-35.96184628313803,4,-4,5.656854249492381,5.5866184680047155,0.9875839506570339,True,outward,right_upper,0.8722772002220154
240,255,500,30,-52.34999999999991,-271.25,276.2554705340692,-100.92351926027257,-4,-4,5.656854249492381,4.68551807317194,0.8282904007280011,True,outward,left_upper,0.6094557046890259
240,255,740,30,187.6500000000001,-271.25,329.8319041572541,-55.32462219675363,0,-2,2.0,1.6447772127627533,0.8223886063813767,True,outward,right_upper,0.7230145931243896
240,255,890,40,337.6500000000001,-261.25,426.9181244688495,-37.730202529389025,-1,2,2.23606797749979,-2.014789138011314,0.9010410945843006,True,inward,right_upper,0.6332346796989441
240,255,900,40,347.6500000000001,-261.25,434.87019327610864,-36.92391669208765,-5,1,5.0990195135927845,-4.597923773383277,0.9017270400959039,True,inward,right_upper,0.5775272846221924
240,255,930,40,377.6500000000001,-261.25,459.20701758575086,-34.674636360662724,8,0,8.0,6.57916774853257,0.8223959685665713,True,outward,right_upper,0.6297454833984375
240,255,950,40,397.6500000000001,-261.25,475.7910097931655,-33.30430504158755,-7,0,7.0,-5.850362748993634,0.8357661069990906,True,inward,right_upper,0.7335036396980286
240,255,190,50,-362.3499999999999,-251.25,440.9354657997017,-145.26293355913086,2,6,6.324555320336759,-5.062418818934365,0.8004386968766066,True,inward,left_upper,0.6191399097442627
240,255,930,50,377.6500000000001,-251.25,453.59242167390767,-33.63576538794128,7,-1,7.0710678118654755,6.3819408386877825,0.9025427288334986,True,outward,right_upper,0.596930205821991
240,255,170,60,-382.3499999999999,-241.25,452.0985346138604,-147.74945164862268,3,6,6.708203932499369,-5.738903803826787,0.8555052681125875,True,inward,left_upper,0.5857117176055908
240,255,220,60,-332.3499999999999,-241.25,410.6800275153394,-144.0244260022251,-4,-7,8.06225774829855,7.349152132525529,0.9115501342135194,True,outward,left_upper,0.5569828748703003
240,255,230,60,-322.3499999999999,-241.25,402.63020875239846,-143.18844689251787,-3,-7,7.615773105863909,6.596127022434153,0.8661139100054518,True,outward,left_upper,0.7288264632225037
240,255,870,60,317.6500000000001,-241.25,398.8772806265106,-37.216078477573625,3,-2,3.605551275463989,3.5987258982145094,0.9981069809502012,True,outward,right_upper,0.6912118196487427
240,255,940,60,387.6500000000001,-241.25,456.5896242798341,-31.895645520358503,3,-8,8.54400374531753,6.774026030220075,0.7928397777134079,True,outward,right_upper,0.6139606833457947
240,255,950,60,397.6500000000001,-241.25,465.1097558641402,-31.24474021884211,6,-1,6.082762530298219,5.648451718925883,0.9285997424346198,True,outward,right_upper,0.7331419587135315
240,255,970,60,417.6500000000001,-241.25,482.32052102310564,-30.012310247673746,-8,8,11.313708498984761,-10.928832115247037,0.9659814123925624,True,inward,right_upper,0.5829458832740784
240,255,950,70,397.6500000000001,-231.25,460.00226629876516,-30.179780440314367,5,-5,7.0710678118654755,6.835835886855589,0.9667331821347888,True,outward,right_upper,0.8170444965362549
240,255,210,80,-342.3499999999999,-221.25,407.62125189935807,-147.12668949016884,-8,-2,8.246211251235321,7.804548916859379,0.9464405748385625,True,outward,left_upper,0.5655154585838318
240,255,950,80,397.6500000000001,-221.25,455.0572326642002,-29.09129217724983,1,-2,2.23606797749979,1.846251283780761,0.8256686748160073,True,outward,right_upper,0.7687664031982422
240,255,160,90,-392.3499999999999,-211.25,445.6064238764966,-151.70098593233527,8,5,9.433981132056603,-9.414249380665776,0.9979084385356911,True,inward,left_upper,0.5972631573677063
240,255,650,100,97.65000000000009,-201.25,223.68970696033384,-64.11653196205258,0,-1,1.0,0.8996837750593817,0.8996837750593817,True,outward,right_upper,0.7075265049934387
240,255,850,100,297.6500000000001,-201.25,359.30082799793274,-34.063792849723285,-3,8,8.54400374531753,-6.966168193785518,0.8153283169618538,True,inward,right_upper,0.6806845664978027
240,255,930,100,377.6500000000001,-201.25,427.9264948563013,-28.05319078760045,-1,1,1.4142135623730951,-1.3528024250856354,0.9565757683836592,True,inward,right_upper,0.7807554602622986
240,255,1000,100,447.6500000000001,-201.25,490.8075844972244,-24.207252599769514,8,-5,9.433981132056603,9.346738202302461,0.9907522679415066,True,outward,right_upper,0.6336416602134705
240,255,170,110,-382.3499999999999,-191.25,427.51384188117225,-153.42595842922316,4,8,8.94427190999916,-7.1562595179090405,0.8000941373337244,True,inward,left_upper,0.6829169988632202
240,255,970,110,417.6500000000001,-191.25,459.35616355938896,-24.60395807276803,5,1,5.0990195135927845,4.129693145512223,0.8098994590045075,True,outward,right_upper,0.8115056753158569
240,255,980,110,427.6500000000001,-191.25,468.46673841373206,-24.094742725368167,-3,2,3.605551275463989,-3.5551083213279018,0.986009641721266,True,inward,right_upper,0.7262194752693176
240,255,170,120,-382.3499999999999,-181.25,423.13483075728936,-154.637078251278,4,7,8.06225774829855,-6.612903964894873,0.8202297881496599,True,inward,left_upper,0.7793833017349243
240,255,860,120,307.6500000000001,-181.25,357.0715404509299,-30.504189289953274,-4,4,5.656854249492381,-5.476773639059443,0.9681659448006643,True,inward,right_upper,0.7458346486091614
240,255,920,120,367.6500000000001,-181.25,409.9000914857181,-26.243115484317226,6,-6,8.48528137423857,8.034640802500896,0.9468914993077513,True,outward,right_upper,0.5920592546463013
240,255,860,130,307.6500000000001,-171.25,352.1009585332026,-29.102019977066604,-2,0,2.0,-1.7475101532334465,0.8737550766167232,True,inward,right_upper,0.7196600437164307
240,255,930,130,377.6500000000001,-171.25,414.6638216676252,-24.39249562775742,-6,6,8.48528137423857,-7.942337450021944,0.9360134448970648,True,inward,right_upper,0.7291253209114075
240,255,960,140,407.6500000000001,-161.25,438.38349079316396,-21.58176561701477,1,-1,1.4142135623730951,1.2977222271091768,0.9176281868854078,True,outward,right_upper,0.5611550807952881
240,255,970,140,417.6500000000001,-161.25,447.6975374066738,-21.111017766385356,-1,0,1.0,-0.9328842915225162,0.9328842915225162,True,inward,right_upper,0.6384938955307007
240,255,990,140,437.6500000000001,-161.25,466.4108542905065,-20.22607279780978,5,-1,5.0990195135927845,5.037404207871632,0.98791624437661,True,outward,right_upper,0.5687911510467529
240,255,920,150,367.6500000000001,-151.25,397.54633063329874,-22.36210469286778,7,-8,10.63014581273465,9.517255495661939,0.8953080854507662,True,outward,right_upper,0.6121429800987244
240,255,970,150,417.6500000000001,-151.25,444.19374714194265,-19.90761805502185,-2,0,2.0,-1.8804857235711583,0.9402428617855791,True,inward,right_upper,0.6058796644210815
240,255,180,160,-372.3499999999999,-141.25,398.24123970277105,-159.225889869659,1,1,1.4142135623730951,-1.289670553414627,0.9119347938160903,True,inward,left_upper,0.6643813252449036
240,255,250,160,-302.3499999999999,-141.25,333.7170732821441,-154.95925056873833,-1,0,1.0,0.906006986775817,0.906006986775817,True,outward,left_upper,0.6041560173034668
240,255,990,160,437.6500000000001,-141.25,459.87942441470466,-17.88730263823451,4,-2,4.47213595499958,4.420941429566145,0.9885525561054999,True,outward,right_upper,0.7067622542381287
240,255,1000,160,447.6500000000001,-141.25,469.4060981708696,-17.512397423287087,1,0,1.0,0.953651862948423,0.953651862948423,True,outward,right_upper,0.647416353225708
240,255,1020,160,467.6500000000001,-141.25,488.5162075100478,-16.806528005351677,5,-5,7.0710678118654755,6.232137139354545,0.881357286504426,True,outward,right_upper,0.6156524419784546
240,255,260,180,-292.3499999999999,-121.25,316.4965797603506,-157.4741321025365,4,0,4.0,-3.694826657796627,0.9237066644491567,True,inward,left_upper,0.6957961320877075
240,255,390,180,-162.3499999999999,-121.25,202.63041479501533,-143.24603404019345,2,4,4.47213595499958,-3.995945035295453,0.8935204733273429,True,inward,left_upper,0.7923292517662048
240,255,1020,180,467.6500000000001,-121.25,483.1129112329747,-14.53530546278777,8,3,8.54400374531753,6.9910158090791965,0.8182365103609142,True,outward,right_upper,0.794600784778595
240,255,180,200,-372.3499999999999,-101.25,385.8705547201029,-164.78785703040322,2,1,2.23606797749979,-2.192315504907138,0.9804332994198268,True,inward,left_upper,0.6595938205718994
240,255,230,200,-322.3499999999999,-101.25,337.87732241155214,-162.5625180252356,-2,0,2.0,1.9080889933616845,0.9540444966808422,True,outward,left_upper,0.704026460647583
240,255,950,210,397.6500000000001,-91.25,407.9853980230176,-12.92409181968236,8,2,8.246211251235321,7.350017952923945,0.8913205991203388,True,outward,right_middle,0.7577948570251465
240,255,970,210,417.6500000000001,-91.25,427.5021461934432,-12.324562389072096,-1,0,1.0,-0.9769541596897972,0.9769541596897972,True,inward,right_middle,0.8861753344535828
240,255,980,210,427.6500000000001,-91.25,437.27689740026295,-12.044881753457936,-3,-1,3.1622776601683795,-2.725275465237244,0.8618077721524724,True,inward,right_middle,0.8212547898292542
240,255,160,230,-392.3499999999999,-71.25,398.7669557523541,-169.70736230571637,3,1,3.1622776601683795,-3.1303998036768887,0.9899193366562905,True,inward,left_middle,0.7666412591934204
240,255,1010,230,457.6500000000001,-71.25,463.16313000928744,-8.84914868069802,3,0,3.0,2.964290356990354,0.9880967856634513,True,outward,right_middle,0.7746543288230896
240,255,1020,230,467.6500000000001,-71.25,473.0465991844779,-8.662824010251692,-3,2,3.605551275463989,-3.2670142913284286,0.9061067342352537,True,inward,right_middle,0.7794815301895142
240,255,50,240,-502.3499999999999,-61.25,506.0702372200917,-173.04841307375634,7,5,8.602325267042627,-7.5536945642142035,0.8780991568819242,True,inward,left_middle,0.6882222890853882
240,255,190,240,-362.3499999999999,-61.25,367.49025157138516,-170.4056748651754,-3,1,3.1622776601683795,2.791366561735142,0.8827076119516059,True,outward,left_middle,0.6883240342140198
240,255,970,240,417.6500000000001,-61.25,422.11738296355446,-8.343175330831937,-3,1,3.1622776601683795,-3.113352003590594,0.9845283489194998,True,inward,right_middle,0.5853607654571533
240,255,1020,240,467.6500000000001,-61.25,471.6440236025472,-7.461784991569687,-4,0,4.0,-3.9661267956113204,0.9915316989028301,True,inward,right_middle,0.6950528621673584
240,255,260,250,-292.3499999999999,-51.25,296.8081619497684,-170.056878675681,-2,0,2.0,1.9699593035415044,0.9849796517707522,True,outward,left_middle,0.6110087633132935
240,255,210,260,-342.3499999999999,-41.25,344.826166350525,-173.1295108079063,1,0,1.0,-0.9928190880154727,0.9928190880154727,True,inward,left_middle,0.7792465090751648
240,255,960,270,407.6500000000001,-31.25,408.8460407048111,-4.3836577834807064,8,5,9.433981132056603,7.594423550359854,0.8050072863251819,True,outward,right_middle,0.6368511319160461
240,255,250,280,-302.3499999999999,-21.25,303.0958346793963,-175.97970400331806,5,4,6.4031242374328485,-5.268135742244638,0.8227445770061691,True,inward,left_middle,0.5576416850090027
240,255,720,280,167.6500000000001,-21.25,168.99137551958097,-7.223841955955706,1,0,1.0,0.9920624616761851,0.9920624616761851,True,outward,right_middle,0.6869173645973206
240,255,960,280,407.6500000000001,-21.25,408.20348479649226,-2.9840164175663655,8,-1,8.06225774829855,8.041210137234495,0.9973893651479332,True,outward,right_middle,0.7265996336936951
240,255,190,290,-362.3499999999999,-11.25,362.5245991653531,-178.22169027574654,-1,0,1.0,0.9995183798126936,0.9995183798126936,True,outward,left_middle,0.6395174264907837
240,255,220,290,-332.3499999999999,-11.25,332.5403509350406,-178.06128629384912,-5,-1,5.0990195135927845,5.030968408182165,0.9866540802149881,True,outward,left_middle,0.7309504747390747
240,255,230,290,-322.3499999999999,-11.25,322.5462524972193,-178.00119121860197,-6,-1,6.082762530298219,6.03122803299899,0.991527780832716,True,outward,left_middle,0.7028064131736755
240,255,880,290,327.6500000000001,-11.25,327.8430798415609,-1.966502049613911,-1,0,1.0,-0.9994110601887521,0.9994110601887521,True,inward,right_middle,0.5797309875488281
240,255,960,290,407.6500000000001,-11.25,407.80520472402026,-1.5808020515146797,8,-1,8.06225774829855,8.024542016854864,0.9953219392605447,True,outward,right_middle,0.6992203593254089
240,255,390,300,-162.3499999999999,-1.25,162.3548120629628,-179.55886474153172,7,-3,7.615773105863909,-6.976694965842634,0.9160849291151801,True,inward,left_middle,0.8405704498291016
240,255,750,300,197.6500000000001,-1.25,197.65395265463334,-0.3623514776549019,-8,1,8.06225774829855,-8.006164201355805,0.9930424517927894,True,inward,right_middle,0.5825305581092834
240,255,760,300,207.6500000000001,-1.25,207.6537623063932,-0.34490180258947306,7,-4,8.06225774829855,7.023951715586591,0.8712139868101982,True,outward,right_middle,0.7310075163841248
240,255,880,300,327.6500000000001,-1.25,327.6523843954139,-0.2185850051255344,-1,0,1.0,-0.9999927227893727,0.9999927227893727,True,inward,right_middle,0.6621758937835693
240,255,200,310,-352.3499999999999,8.75,352.4586287779034,178.57745125024422,7,4,8.06225774829855,-6.898540144784316,0.8556585959113223,True,inward,left_middle,0.5682452917098999
240,255,830,310,277.6500000000001,8.75,277.7878417065802,1.8050502407575026,4,-1,4.123105625617661,3.966516292544779,0.9620215082291461,True,outward,right_middle,0.6922534704208374
240,255,190,320,-362.3499999999999,18.75,362.83479022828,177.0378403261708,4,-1,4.123105625617661,-4.046331938225392,0.9813796457419721,True,inward,left_middle,0.6337955594062805
240,255,200,320,-352.3499999999999,18.75,352.84852982547613,176.95392779432945,8,0,8.0,-7.988697023604484,0.9985871279505605,True,inward,left_middle,0.6955805420875549
240,255,380,320,-172.3499999999999,18.75,173.3669086071502,173.7911952498867,8,-6,10.0,-8.601987611022633,0.8601987611022632,True,inward,left_middle,0.6936871409416199
240,255,60,330,-492.3499999999999,28.75,493.1886910706691,176.65809846996166,4,-2,4.47213595499958,-4.109786044768745,0.9189760969082907,True,inward,left_middle,0.686535656452179
240,255,170,330,-382.3499999999999,28.75,383.4293742007776,175.69985708729965,5,-2,5.385164807134504,-5.13588716071823,0.9537103031487505,True,inward,left_middle,0.648497998714447
240,255,740,330,187.6500000000001,28.75,189.83962968779736,8.71059549236031,-7,-1,7.0710678118654755,-7.07070490080229,0.9999486766252508,True,inward,right_middle,0.7142209410667419
240,255,910,330,357.6500000000001,28.75,358.80368587850387,4.595887691864772,-6,2,6.324555320336759,-5.820453028197607,0.9202944291564342,True,inward,right_middle,0.6528335809707642
240,255,960,330,407.6500000000001,28.75,408.66255639586075,4.034173108121401,1,0,1.0,0.9975222677487491,0.9975222677487491,True,outward,right_middle,0.7954123020172119
240,255,170,340,-382.3499999999999,38.75,384.3085804402498,174.21300759015608,4,0,4.0,-3.9796145020961418,0.9949036255240354,True,inward,left_middle,0.6688538789749146
240,255,740,340,187.6500000000001,38.75,191.60919863096353,11.667659918862114,-7,-1,7.0710678118654755,-7.057594362181486,0.998094566472495,True,inward,right_middle,0.7007731199264526
240,255,210,350,-342.3499999999999,48.75,345.8035352624376,171.89567277802658,3,-1,3.1622776601683795,-3.111015042641344,0.9837893369792499,True,inward,left_middle,0.6136791706085205
240,255,370,350,-182.3499999999999,48.75,188.75403306949488,165.03240939706393,3,-1,3.1622776601683795,-3.156488845886752,0.9981694161918346,True,inward,left_middle,0.676856517791748
240,255,730,360,177.6500000000001,58.75,187.11249290199743,18.299383601302235,2,2,2.8284271247461903,2.5268221948581235,0.8933665544184274,True,outward,right_middle,0.8027912974357605
240,255,210,370,-342.3499999999999,68.75,349.18488655725054,168.64501609391732,-4,-1,4.123105625617661,3.7248175682046645,0.9034009570508321,True,outward,left_middle,0.6453059911727905
240,255,220,380,-332.3499999999999,78.75,341.5524630272777,166.6696695919013,-2,0,2.0,1.9461139120724604,0.9730569560362302,True,outward,left_middle,0.7485100626945496
240,255,690,380,137.6500000000001,78.75,158.58463040282317,29.77400980460712,-2,0,2.0,-1.7359815973383208,0.8679907986691604,True,inward,right_middle,0.5761561989784241
240,255,740,380,187.6500000000001,78.75,203.50450854956514,22.7660521954888,-5,1,5.0990195135927845,-4.223493651938735,0.8282952517988795,True,inward,right_middle,0.6831948757171631
240,255,190,390,-362.3499999999999,88.75,373.06043076155896,166.23754047654236,-6,4,7.211102550927978,6.779330616321703,0.940124005787338,True,outward,left_middle,0.6822061538696289
240,255,740,390,187.6500000000001,88.75,207.5791054032174,25.3120408375474,-7,-5,8.602325267042627,-8.465688281036224,0.9841162730116834,True,inward,right_middle,0.7157544493675232
240,255,880,390,327.6500000000001,88.75,339.45704441062946,15.155934810105203,-1,0,1.0,-0.965217854202646,0.965217854202646,True,inward,right_middle,0.569729208946228
240,255,740,400,187.6500000000001,98.75,212.0473649918811,27.755394451974524,-4,-1,4.123105625617661,-4.005473022654728,0.9714699031157343,True,inward,right_middle,0.6338539719581604
240,255,950,400,397.6500000000001,98.75,409.72806225593104,13.946366479041714,-2,-1,2.23606797749979,-2.182057033334329,0.9758455714634168,True,inward,right_middle,0.7851386666297913
240,255,230,410,-322.3499999999999,108.75,340.20006613755965,161.35734290302824,3,-3,4.242640687119285,-3.801586562528929,0.8960425458772877,True,inward,left_lower,0.6168029308319092
240,255,720,410,167.6500000000001,108.75,199.8326424786502,32.97037908991019,2,4,4.47213595499958,3.854725586598285,0.8619428446241517,True,outward,right_lower,0.7429814338684082
240,255,720,420,167.6500000000001,118.75,205.44606348139172,35.31073932128923,1,0,1.0,0.8160292641245228,0.8160292641245228,True,outward,right_lower,0.7925543785095215
240,255,850,420,297.6500000000001,118.75,320.4638591167498,21.7499487102458,-6,-4,7.211102550927978,-7.055085731762098,0.9783643599485625,True,inward,right_lower,0.5859847664833069
240,255,860,420,307.6500000000001,118.75,329.7727778334653,21.106118235364853,-6,-6,8.48528137423857,-7.758069106880582,0.9142972123981871,True,inward,right_lower,0.61439448595047
240,255,720,430,167.6500000000001,128.75,211.38373873124686,37.5231447738581,1,0,1.0,0.7931073648628676,0.7931073648628676,True,outward,right_lower,0.8065127730369568
240,255,710,450,157.6500000000001,148.75,216.7488984977779,43.33619746913767,3,6,6.708203932499369,6.299685993624548,0.9391017412431863,True,outward,right_lower,0.595983624458313
240,255,300,460,-252.3499999999999,158.75,298.1309863130633,147.82655264184177,3,-2,3.605551275463989,-3.6042882133413308,0.9996496895963584,True,inward,left_lower,0.6077061891555786
240,255,490,460,-62.34999999999991,158.75,170.55522566019485,111.44271121416794,2,-8,8.246211251235321,-8.177409953880428,0.9916566171713602,True,inward,left_lower,0.5768167972564697
240,255,890,460,337.6500000000001,158.75,373.10733710287724,25.181098873313452,-6,1,6.082762530298219,-5.004323995604432,0.8227057970252679,True,inward,right_lower,0.6457780599594116
240,255,370,470,-182.3499999999999,168.75,248.45137351200128,137.2182661022191,4,-1,4.123105625617661,-3.6149930962511467,0.8767646101013005,True,inward,left_lower,0.5733392834663391
240,255,820,470,267.6500000000001,168.75,316.406518580133,32.23092197155406,-3,0,3.0,-2.537716364388509,0.8459054547961696,True,inward,right_lower,0.6112778782844543
240,255,920,480,367.6500000000001,178.75,408.8007888935638,25.92884061919761,-1,0,1.0,-0.899337794809692,0.899337794809692,True,inward,right_lower,0.6169407963752747
240,255,570,490,17.65000000000009,188.75,189.57342904531745,84.65781020422963,4,4,5.656854249492381,4.355040704584401,0.7698697036387675,True,outward,right_lower,0.6665827035903931
240,255,910,490,357.6500000000001,188.75,404.4008963887198,27.822878187849696,-1,-2,2.23606797749979,-1.8178743087981595,0.8129781058046257,True,inward,right_lower,0.7170476317405701
240,255,240,500,-312.3499999999999,198.75,370.2216700842888,147.53118163053207,-3,0,3.0,2.5310511936987927,0.843683731232931,True,outward,left_lower,0.6331594586372375
240,255,560,500,7.650000000000091,198.75,198.89717192559576,87.79574113913858,5,8,9.433981132056603,8.186390908610317,0.8677557008030276,True,outward,right_lower,0.7625086903572083
240,255,580,500,27.65000000000009,198.75,200.66410989511803,82.07987489556294,-1,-5,5.0990195135927845,-5.0900980774980615,0.9982503624332206,True,inward,right_lower,0.7524077892303467
240,255,590,500,37.65000000000009,198.75,202.28466328419464,79.2733377439893,-1,-6,6.082762530298219,-6.0812815960829045,0.9997565359147363,True,inward,right_lower,0.6545760631561279
240,255,250,510,-302.3499999999999,208.75,367.41269030886775,145.3778309142368,-4,1,4.123105625617661,3.8598285726272086,0.9361459353952369,True,outward,left_lower,0.6601716876029968
240,255,390,510,-162.3499999999999,208.75,264.4505341268948,127.87308341962128,-8,2,8.246211251235321,6.490060629548376,0.787035455655606,True,outward,left_lower,0.5792267918586731
240,255,560,510,7.650000000000091,208.75,208.89012662162853,87.90123757604259,1,-2,2.23606797749979,-1.9620362466550583,0.8774492843678509,True,inward,right_lower,0.7627677321434021
240,255,780,510,227.6500000000001,208.75,308.87066063321726,42.520133022277875,3,7,7.615773105863909,6.94206434370997,0.9115377056552271,True,outward,right_lower,0.5730239748954773
240,255,790,510,237.6500000000001,208.75,316.3132703507712,41.295832324054885,2,1,2.23606797749979,2.162571299147306,0.9671312862166818,True,outward,right_lower,0.6082277894020081
240,255,220,520,-332.3499999999999,218.75,397.8794855229406,146.64742070211943,-5,1,5.0990195135927845,4.7263054980792045,0.9269047677656436,True,outward,left_lower,0.7127454280853271
240,255,340,520,-212.3499999999999,218.75,304.8673236015955,134.14946403801704,-5,5,7.0710678118654755,7.070288722765298,0.9998898201628232,True,outward,left_lower,0.5601629018783569
240,255,370,520,-182.3499999999999,218.75,284.786033716543,129.81458695049338,7,-4,8.06225774829855,-7.5546190658401775,0.9370351707540604,True,inward,left_lower,0.5533179640769958
240,255,740,520,187.6500000000001,218.75,288.20840549852124,49.37606434287451,3,1,3.1622776601683795,2.712273428139177,0.8576961670072826,True,outward,right_lower,0.6630973219871521
240,255,990,520,437.6500000000001,218.75,489.27403875537897,26.557195624888312,-6,-1,6.082762530298219,-5.8140219481831785,0.9558193204524351,True,inward,right_lower,0.7716716527938843
240,255,280,530,-272.3499999999999,228.75,355.6699101695278,139.97270111284033,-2,0,2.0,1.5314761930250778,0.7657380965125389,True,outward,left_lower,0.6028904914855957
240,255,330,530,-222.3499999999999,228.75,319.00797011987015,134.18716828103447,-2,1,2.23606797749979,2.1110757820469024,0.9441017908620807,True,outward,left_lower,0.7640398740768433
240,255,340,530,-212.3499999999999,228.75,312.1203053311334,132.87073640496584,-3,2,3.605551275463989,3.506820867802158,0.9726171117482927,True,outward,left_lower,0.6312347650527954
240,255,740,530,187.6500000000001,228.75,295.8700474870683,50.637016518798546,5,7,8.602325267042627,8.583160146046874,0.9977720999380041,True,outward,right_lower,0.6380335688591003
240,255,310,540,-242.3499999999999,238.75,340.19859641097867,135.42872782493546,8,-6,10.0,-9.90979985092967,0.9909799850929669,True,inward,left_lower,0.7560717463493347
240,255,590,540,37.65000000000009,238.75,241.70040339229888,81.0384647988775,0,-1,1.0,-0.9877931383196322,0.9877931383196322,True,inward,right_lower,0.5782434940338135
240,255,740,540,187.6500000000001,238.75,303.66772136662803,51.83376572539671,3,3,4.242640687119285,4.212499090265771,0.9928955574896965,True,outward,right_lower,0.5561345815658569
240,255,850,540,297.6500000000001,238.75,381.5718608597862,38.73367773345853,-3,0,3.0,-2.340188288486312,0.7800627628287707,True,inward,right_lower,0.6087004542350769
240,255,30,550,-522.3499999999999,248.75,578.5551702301173,154.53559050292426,-3,7,7.615773105863909,5.718210069204188,0.7508377665297492,True,outward,left_lower,0.7744893431663513
240,255,520,550,-32.34999999999991,248.75,250.84474281913901,97.40974344563729,-3,3,4.242640687119285,3.3618404377245628,0.79239339026073,True,outward,left_lower,0.761259138584137
240,255,530,550,-22.34999999999991,248.75,249.75204703865793,95.1341962899654,-5,5,7.0710678118654755,5.42738294269191,0.7675478565747297,True,outward,left_lower,0.7613796591758728
240,255,520,560,-32.34999999999991,258.75,260.76442433737003,97.12637900924621,0,-1,1.0,-0.992274926526159,0.992274926526159,True,inward,left_lower,0.7658659219741821
240,255,840,560,287.6500000000001,258.75,386.9031984876838,41.97235263306109,-6,-5,7.810249675906654,-7.8046653834941715,0.9992850046228728,True,inward,right_lower,0.5544169545173645
240,255,680,570,127.65000000000009,268.75,297.5249317284184,64.59336906861238,1,-5,5.0990195135927845,-4.087388552398894,0.801602845704528,True,inward,right_lower,0.6982882022857666
240,255,750,570,197.6500000000001,268.75,333.6046837201181,53.6676800017389,3,3,4.242640687119285,4.194185718249319,0.9885790543099546,True,outward,right_lower,0.7139540910720825
240,255,770,570,217.6500000000001,268.75,345.829560621992,50.99735523941681,6,4,7.211102550927978,6.88460522494905,0.954722967303119,True,outward,right_lower,0.7131515145301819
240,255,840,570,287.6500000000001,268.75,393.6611296534115,43.054503912180515,-2,-2,2.8284271247461903,-2.826796745159309,0.999423573769104,True,inward,right_lower,0.6014897227287292
240,255,510,580,-42.34999999999991,278.75,281.9487276084075,98.6387844628226,-3,3,4.242640687119285,3.4165786388577226,0.8052953079978001,True,outward,left_lower,0.6311770677566528
240,255,740,580,187.6500000000001,278.75,336.0269111246896,56.0521966049845,4,3,5.0,4.722389628523436,0.9444779257046871,True,outward,right_lower,0.7407398819923401
240,255,770,580,217.6500000000001,278.75,353.6567332880855,52.01702651464528,0,8,8.0,6.305549393240204,0.7881936741550255,True,outward,right_lower,0.5866805911064148
255,270,210,130,-342.3499999999999,-171.25,382.7924829460473,-153.4249080882541,-3,-2,3.605551275463989,3.5777870805081378,0.9922995978049769,True,outward,left_upper,0.6204341053962708
255,270,940,150,387.6500000000001,-151.25,416.11186596875615,-21.314314404673723,5,-5,7.0710678118654755,6.475422164967335,0.9157629847788153,True,outward,right_upper,0.6481153964996338
255,270,960,160,407.6500000000001,-141.25,431.42796038272724,-19.111110108818824,3,-1,3.1622776601683795,3.1620574586538033,0.9999303661669721,True,outward,right_upper,0.5686097741127014
255,270,900,170,347.6500000000001,-131.25,371.60070640406497,-20.68327071342777,-3,-1,3.1622776601683795,-2.4534399001078624,0.7758458186676833,True,inward,right_upper,0.6253097057342529
255,270,900,230,347.6500000000001,-71.25,354.87615445391657,-11.582239737802775,-8,3,8.54400374531753,-8.439423056216977,0.9877597561731094,True,inward,right_middle,0.8330374956130981
255,270,900,290,347.6500000000001,-11.25,347.83197811587144,-1.8534522219144707,3,-2,3.605551275463989,3.06311686973494,0.8495557643513905,True,outward,right_middle,0.569597601890564
255,270,900,300,347.6500000000001,-1.25,347.6522472241479,-0.2060101129224385,7,1,7.0710678118654755,6.996359204983885,0.9894346074922055,True,outward,right_middle,0.7027679681777954
255,270,250,310,-302.3499999999999,8.75,302.4765858707083,178.3423245229191,-2,0,2.0,1.9991630038381716,0.9995815019190858,True,outward,left_middle,0.6429634690284729
255,270,250,320,-302.3499999999999,18.75,302.9308254370954,176.45139119489488,-2,0,2.0,1.9961652932727634,0.9980826466363817,True,outward,left_middle,0.7179651856422424
255,270,740,380,187.6500000000001,78.75,203.50450854956514,22.7660521954888,-8,-2,8.246211251235321,-8.150679372275485,0.9884150580127905,True,inward,right_middle,0.5864906907081604
255,270,400,400,-152.3499999999999,98.75,181.5546336505901,147.04955884891746,1,-1,1.4142135623730951,-1.3830547585100634,0.9779673984947886,True,inward,left_middle,0.6933324933052063
255,270,410,400,-142.3499999999999,98.75,173.2486219281411,145.2504643339142,1,-2,2.23606797749979,-1.9616317649035075,0.8772683946294257,True,inward,left_middle,0.7268670797348022
255,270,310,440,-242.3499999999999,138.75,279.25809746540915,150.20803919063533,-6,8,10.0,9.181828649812408,0.9181828649812408,True,outward,left_lower,0.6559449434280396
255,270,860,440,307.6500000000001,138.75,337.4908665430815,24.275351487159725,1,0,1.0,0.9115802248258112,0.9115802248258112,True,outward,right_lower,0.7643735408782959
255,270,250,450,-302.3499999999999,148.75,336.960064399329,153.8037598822109,4,1,4.123105625617661,-3.147702389868465,0.7634299665551072,True,inward,left_lower,0.6782721877098083
255,270,370,520,-182.3499999999999,218.75,284.786033716543,129.81458695049338,3,-6,6.708203932499369,-6.529639026648588,0.9733811154747868,True,inward,left_lower,0.5957599878311157
255,270,520,560,-32.34999999999991,258.75,260.76442433737003,97.12637900924621,0,-1,1.0,-0.992274926526159,0.992274926526159,True,inward,left_lower,0.7901834845542908
270,285,370,20,-182.3499999999999,-281.25,335.1911171257376,-122.9575824692108,4,5,6.4031242374328485,-6.371439727619244,0.9950517109088128,True,inward,left_upper,0.5965164303779602
270,285,380,20,-172.3499999999999,-281.25,329.8576738534363,-121.49996717099725,3,5,5.830951894845301,-5.830696547185887,0.9999562082376912,True,inward,left_upper,0.5531640648841858
270,285,780,20,227.6500000000001,-281.25,361.8370973241965,-51.01252236632656,-3,8,8.54400374531753,-8.105719456875242,0.9487027040826748,True,inward,right_upper,0.9032436013221741
270,285,790,20,237.6500000000001,-281.25,368.21065302351053,-49.802932934233105,-4,8,8.94427190999916,-8.692306900190744,0.9718294555058491,True,inward,right_upper,0.7697504162788391
270,285,410,30,-142.3499999999999,-271.25,306.3332907145418,-117.69015766660914,-5,-2,5.385164807134504,4.094396652333744,0.7603103709861037,True,outward,left_upper,0.6595390439033508
270,285,890,50,337.6500000000001,-251.25,420.8730034107677,-36.65344159998276,-3,2,3.605551275463989,-3.6007298822180256,0.9986627861101925,True,inward,right_upper,0.7447699308395386
270,285,890,60,337.6500000000001,-241.25,414.98082485820964,-35.545702860484994,-4,3,5.0,-4.998664699046667,0.9997329398093335,True,inward,right_upper,0.806053876876831
270,285,210,80,-342.3499999999999,-221.25,407.62125189935807,-147.12668949016884,-8,-1,8.06225774829855,7.261765637113634,0.9007111734484239,True,outward,left_upper,0.5805907845497131
270,285,280,90,-272.3499999999999,-211.25,344.67533274082723,-142.2008294432779,-1,0,1.0,0.7901638850517594,0.7901638850517594,True,outward,left_upper,0.6406896114349365
270,285,930,230,377.6500000000001,-71.25,384.3124835339077,-10.684221355066887,-8,2,8.246211251235321,-8.232103133649233,0.9982891394415859,True,inward,right_middle,0.840741753578186
270,285,880,280,327.6500000000001,-21.25,328.33836967372554,-3.7107661055515946,-1,0,1.0,-0.9979034747769214,0.9979034747769214,True,inward,right_middle,0.5711333155632019
270,285,310,290,-242.3499999999999,-11.25,242.61097460749784,-177.34221115807622,-2,0,2.0,1.9978486166347575,0.9989243083173788,True,outward,left_middle,0.6148030161857605
270,285,740,330,187.6500000000001,28.75,189.83962968779736,8.71059549236031,-4,0,4.0,-3.9538635912554563,0.9884658978138641,True,inward,right_middle,0.6554747819900513
270,285,760,340,207.6500000000001,38.75,211.23466808268012,10.570501536141556,-6,-4,7.211102550927978,-6.6319606185650795,0.9196874641190104,True,inward,right_middle,0.6956477761268616
270,285,740,380,187.6500000000001,78.75,203.50450854956514,22.7660521954888,-8,-3,8.54400374531753,-8.537648685934792,0.9992561965593448,True,inward,right_middle,0.5692762136459351
270,285,190,390,-362.3499999999999,88.75,373.06043076155896,166.23754047654236,-5,0,5.0,4.856451798711338,0.9712903597422675,True,outward,left_middle,0.6868584156036377
270,285,630,580,77.65000000000009,278.75,289.3632405817989,74.43402278878936,1,-5,5.0990195135927845,-4.548262582883112,0.8919876793486504,True,inward,right_lower,0.5515416264533997
285,300,890,40,337.6500000000001,-261.25,426.9181244688495,-37.730202529389025,-2,4,4.47213595499958,-4.029578276022628,0.9010410945843006,True,inward,right_upper,0.6577913165092468
285,300,370,290,-182.3499999999999,-11.25,182.696702214353,-176.46963761160544,8,6,10.0,-8.3542832547094,0.83542832547094,True,inward,left_middle,0.6000300645828247
285,300,360,340,-192.3499999999999,38.75,196.21438530342255,168.60989357399157,8,2,8.246211251235321,-7.447466187253652,0.90313793333126,True,inward,left_middle,0.621266782283783
285,300,350,390,-202.3499999999999,88.75,220.9572017382551,156.31791227546154,-4,8,8.94427190999916,6.8764447958563215,0.7688099003529699,True,outward,left_middle,0.578181266784668
285,300,330,430,-222.3499999999999,128.75,256.9359550549513,149.9273542960147,-1,0,1.0,0.8653907544876137,0.8653907544876137,True,outward,left_lower,0.7440343499183655
285,300,520,530,-32.34999999999991,228.75,231.02615652778366,98.04943376588147,0,1,1.0,0.9901476241392176,0.9901476241392176,True,outward,left_lower,0.583194375038147
285,300,770,560,217.6500000000001,258.75,338.1169694055595,49.93081485530616,8,8,11.313708498984761,11.271838874873504,0.9962992131081498,True,outward,right_lower,0.6466477513313293
300,315,860,110,307.6500000000001,-191.25,362.25003105589934,-31.86706684274077,-3,5,5.830951894845301,-5.187577195017599,0.8896621492630628,True,inward,right_upper,0.5729009509086609
300,315,710,200,157.6500000000001,-101.25,187.36351032151384,-32.71042171280206,1,0,1.0,0.8414125019833067,0.8414125019833067,True,outward,right_upper,0.719491183757782
300,315,920,230,367.6500000000001,-71.25,374.4904337897032,-10.967872182661678,-6,4,7.211102550927978,-6.651438261834952,0.9223885272549612,True,inward,right_middle,0.8611493706703186
300,315,920,240,367.6500000000001,-61.25,372.71716488511777,-9.458531383900867,-6,4,7.211102550927978,-6.575763691364842,0.9118943524827038,True,inward,right_middle,0.8701341152191162
300,315,740,330,187.6500000000001,28.75,189.83962968779736,8.71059549236031,-7,-3,7.615773105863909,-7.373592133012773,0.96820008034842,True,inward,right_middle,0.7306205630302429
300,315,800,400,247.6500000000001,98.75,266.6122371535111,21.73955441148241,4,2,4.47213595499958,4.456284575249677,0.9964555237342055,True,outward,right_middle,0.6939831972122192
300,315,860,440,307.6500000000001,138.75,337.4908665430815,24.275351487159725,2,0,2.0,1.8231604496516225,0.9115802248258112,True,outward,right_lower,0.7356327772140503
300,315,870,440,317.6500000000001,138.75,346.6310502537245,23.595778167755824,4,4,5.656854249492381,5.266694944563422,0.9310289274354259,True,outward,right_lower,0.678031325340271
300,315,870,450,317.6500000000001,148.75,350.75359584756944,25.09287991344222,5,1,5.0990195135927845,4.952194419568734,0.9712052300187027,True,outward,right_lower,0.7286131381988525
300,315,370,490,-182.3499999999999,188.75,262.44634689779923,134.01197348216567,-5,7,8.602325267042627,8.508405723283186,0.9890820748060682,True,outward,left_lower,0.6846325993537903
300,315,530,540,-22.34999999999991,238.75,239.79383853635605,95.34801912903386,-3,8,8.54400374531753,8.244790658790224,0.964979757096749,True,outward,left_lower,0.5597819089889526
300,315,550,540,-2.349999999999909,238.75,238.7615651649151,90.5639402463726,3,8,8.54400374531753,7.970085129428653,0.9328279067991504,True,outward,left_lower,0.6630263328552246
300,315,560,540,7.650000000000091,238.75,238.87252876796026,88.16476312894874,-6,8,10.0,7.80374373568414,0.780374373568414,True,outward,right_lower,0.6405155062675476
300,315,430,580,-122.34999999999991,278.75,304.4192585892029,113.69781212332393,1,-2,2.23606797749979,-2.2332686938096127,0.9987481222760914,True,inward,left_lower,0.5998191237449646
315,330,810,40,257.6500000000001,-261.25,366.9265389693147,-45.397497585279474,1,-7,7.0710678118654755,5.686151799923311,0.8041432993163732,True,outward,right_upper,0.6759936809539795
315,330,830,110,277.6500000000001,-191.25,337.1440122558905,-34.55972563669483,-7,8,10.63014581273465,-10.302867242867107,0.9692122219550863,True,inward,right_upper,0.6688312292098999
315,330,920,120,367.6500000000001,-181.25,409.9000914857181,-26.243115484317226,-1,1,1.4142135623730951,-1.3391068004168158,0.9468914993077511,True,inward,right_upper,0.7992784380912781
315,330,230,130,-322.3499999999999,-171.25,365.015184615654,-152.02030901606335,-1,0,1.0,0.8831139459017883,0.8831139459017883,True,outward,left_upper,0.6328693628311157
315,330,720,220,167.6500000000001,-81.25,186.30106011507297,-25.856713087105383,-8,-2,8.246211251235321,-6.32685610737776,0.7672440002589028,True,inward,right_middle,0.7157812714576721
315,330,940,220,387.6500000000001,-81.25,396.0733328564296,-11.837623173091522,-8,6,10.0,-9.060695841648215,0.9060695841648215,True,inward,right_middle,0.790023148059845
315,330,870,240,317.6500000000001,-61.25,323.501290569296,-10.913957034629416,4,-3,5.0,4.495654398907165,0.899130879781433,True,outward,right_middle,0.8094552755355835
315,330,870,280,317.6500000000001,-21.25,318.3599927754743,-3.827243525547064,-8,7,10.63014581273465,-8.449397100901141,0.7948524178077571,True,inward,right_middle,0.5846452713012695
315,330,780,300,227.6500000000001,-1.25,227.6534317773401,-0.3146013820797354,-5,-2,5.385164807134504,-4.988943022439644,0.926423461697973,True,inward,right_middle,0.6945566534996033
315,330,770,310,217.6500000000001,8.75,217.8258134381691,2.302174328254779,-5,-2,5.385164807134504,-5.0763037793676045,0.9426459469991139,True,inward,right_middle,0.759986400604248
315,330,860,320,307.6500000000001,18.75,308.22083803662605,3.487627826306311,-7,2,7.280109889280518,-6.865369692326089,0.9430310526541493,True,inward,right_middle,0.6249314546585083
315,330,740,330,187.6500000000001,28.75,189.83962968779736,8.71059549236031,-8,0,8.0,-7.9077271825109126,0.9884658978138641,True,inward,right_middle,0.6894319653511047
315,330,830,330,277.6500000000001,28.75,279.13452849835693,5.911773463270113,7,0,7.0,6.962771716045301,0.9946816737207573,True,outward,right_middle,0.7152513861656189
315,330,860,330,307.6500000000001,28.75,308.9904286543518,5.338805438222022,-7,-2,7.280109889280518,-7.155723268287264,0.9829141835926947,True,inward,right_middle,0.6614274382591248
315,330,820,340,267.6500000000001,38.75,270.4405387511274,8.237964385521636,8,0,8.0,7.917452057623793,0.9896815072029741,True,outward,right_middle,0.5593340992927551
315,330,740,380,187.6500000000001,78.75,203.50450854956514,22.7660521954888,-8,-5,9.433981132056603,-9.311587313253408,0.987026281154273,True,inward,right_middle,0.6491009593009949
315,330,270,440,-282.3499999999999,138.75,314.5998808009945,153.82997352638074,-3,0,3.0,2.692467644435681,0.8974892148118937,True,outward,left_lower,0.606019914150238
315,330,880,440,327.6500000000001,138.75,355.8174883279349,22.951208251236466,-1,-2,2.23606797749979,-1.7007314700683596,0.7605902357092001,True,inward,right_lower,0.7345901131629944
315,330,620,470,67.65000000000009,168.75,181.80507418661344,68.15469916363634,-1,-3,3.1622776601683795,-3.1566775711162034,0.9982290963495349,True,inward,right_lower,0.5613083839416504
315,330,490,480,-62.34999999999991,178.75,189.31213643081628,109.22934323851568,2,6,6.324555320336759,5.0065464257563415,0.7916044958382562,True,outward,left_lower,0.640721321105957
315,330,360,500,-192.3499999999999,198.75,276.5864873778182,134.06248974006692,2,-7,7.280109889280518,-6.420957208853249,0.8819863032984825,True,inward,left_lower,0.5689007639884949
315,330,490,500,-62.34999999999991,198.75,208.30046807436605,107.41719887890001,-1,-3,3.1622776601683795,-2.5631243411771436,0.8105310844338276,True,inward,left_lower,0.6896384358406067
315,330,620,500,67.65000000000009,198.75,209.94781494457143,71.20258836077332,-5,-3,5.830951894845301,-4.451106101040961,0.7633583986477137,True,inward,right_lower,0.6423922777175903
315,330,500,510,-52.34999999999991,208.75,215.21404461605192,104.07821366009676,-1,-3,3.1622776601683795,-2.666647527692044,0.843267990436379,True,inward,left_lower,0.6371225118637085
315,330,400,520,-152.3499999999999,218.75,266.5747268590929,124.85555791376464,2,-2,2.8284271247461903,-2.784209923967454,0.9843668587421341,True,inward,left_lower,0.6137856245040894
315,330,600,520,47.65000000000009,218.75,223.87962167200482,77.7113054622385,1,-2,2.23606797749979,-1.7413375861924147,0.7787498429003277,True,inward,right_lower,0.6305657625198364
315,330,560,530,7.650000000000091,228.75,228.87788228660278,88.08459270583403,4,-8,8.94427190999916,-7.8618343634741255,0.8789798032285967,True,inward,right_lower,0.6937497854232788
315,330,400,570,-152.3499999999999,268.75,308.92893195684985,119.54819489357615,-6,4,7.211102550927978,6.438697688171952,0.8928867177659777,True,outward,left_lower,0.5777686834335327
315,330,510,570,-42.34999999999991,268.75,272.06632463427,98.95510932286945,-4,-7,8.06225774829855,-6.2920319238376345,0.7804305097000277,True,inward,left_lower,0.7103805541992188
330,345,810,50,257.6500000000001,-251.25,359.87509638762174,-44.27947797458176,-1,5,5.0990195135927845,-4.206737324133641,0.8250090655506359,True,inward,right_upper,0.5616139769554138
330,345,260,110,-292.3499999999999,-191.25,349.3495169597347,-146.80802542842054,-8,-2,8.246211251235321,7.789620044940984,0.9446301831976548,True,outward,left_upper,0.5805034041404724
330,345,260,120,-292.3499999999999,-181.25,343.9768669547415,-148.20207814601022,-7,0,7.0,5.9493826376099275,0.8499118053728468,True,outward,left_upper,0.686980128288269
330,345,760,300,207.6500000000001,-1.25,207.6537623063932,-0.34490180258947306,8,-7,10.63014581273465,8.04199250450367,0.7565270172371072,True,outward,right_middle,0.5924286842346191
330,345,730,310,177.6500000000001,8.75,177.8653563794817,2.8197762410079936,3,0,3.0,2.996367650499255,0.9987892168330851,True,outward,right_middle,0.6358156204223633
330,345,750,330,197.6500000000001,28.75,199.7300302908905,8.276150898734826,7,1,7.0710678118654755,7.071044839592227,0.9999967512299613,True,outward,right_middle,0.6472824811935425
330,345,830,330,277.6500000000001,28.75,279.13452849835693,5.911773463270113,8,-3,8.54400374531753,7.648462594309853,0.8951848363247182,True,outward,right_middle,0.6451622247695923
330,345,880,350,327.6500000000001,48.75,331.25682634475635,8.462772740103272,-6,1,6.082762530298219,-5.787503373605113,0.9514596936470195,True,inward,right_middle,0.6393865942955017
330,345,760,360,207.6500000000001,58.75,215.801031044803,15.797693795323129,8,5,9.433981132056603,9.059039201690045,0.9602562348685956,True,outward,right_middle,0.6297246813774109
330,345,500,500,-52.34999999999991,198.75,205.52879360323212,104.75633306943453,-5,7,8.602325267042627,8.042668723055282,0.9349412482539448,True,outward,left_lower,0.6690664291381836
330,345,760,520,207.6500000000001,218.75,301.6124748746312,46.49118093564419,-8,-7,10.63014581273465,-10.584608615167461,0.9957162207960839,True,inward,right_lower,0.6833462715148926
330,345,550,530,-2.349999999999909,228.75,228.76207071977643,90.58859167379512,5,-8,9.433981132056603,-8.050941286748811,0.8533980696009417,True,inward,left_lower,0.6390066742897034
330,345,780,550,227.6500000000001,248.75,337.19591486256184,47.53600203761396,1,8,8.06225774829855,6.576740411887538,0.8157442514505924,True,outward,right_lower,0.6683830618858337
345,360,260,120,-292.3499999999999,-181.25,343.9768669547415,-148.20207814601022,4,3,5.0,-4.980422128867771,0.9960844257735542,True,inward,left_upper,0.6491309404373169
345,360,870,170,317.6500000000001,-131.25,343.697665106995,-22.4499548411403,2,-2,2.8284271247461903,2.612179514575725,0.9235449242165394,True,outward,right_upper,0.598257839679718
345,360,760,280,207.6500000000001,-21.25,208.73448445333617,-5.8430607983315594,-1,0,1.0,-0.9948044787320299,0.9948044787320299,True,inward,right_middle,0.7056228518486023
345,360,740,330,187.6500000000001,28.75,189.83962968779736,8.71059549236031,-4,0,4.0,-3.9538635912554563,0.9884658978138641,True,inward,right_middle,0.6805204749107361
345,360,630,480,77.65000000000009,178.75,194.88736490598873,66.51960392258879,7,6,9.219544457292887,8.292225618523618,0.8994181498809589,True,outward,right_lower,0.5646623373031616
345,360,440,530,-112.34999999999991,228.75,254.85110358795777,116.15784928161598,0,1,1.0,0.8975829289318757,0.8975829289318757,True,outward,left_lower,0.7412021160125732
360,375,370,20,-182.3499999999999,-281.25,335.1911171257376,-122.9575824692108,5,4,6.4031242374328485,-6.076384175884857,0.9489717754283354,True,inward,left_upper,0.6467326879501343
360,375,490,80,-62.34999999999991,-221.25,229.867537943051,-105.7382561860585,0,1,1.0,-0.9625108529017875,0.9625108529017875,True,inward,left_upper,0.561265766620636
360,375,280,130,-272.3499999999999,-171.25,321.71584511801706,-147.8388733884215,-8,0,8.0,6.772436089371776,0.846554511171472,True,outward,left_upper,0.5810024738311768
360,375,930,160,377.6500000000001,-141.25,403.201047865702,-20.506981370108374,8,-4,8.94427190999916,8.894322122879231,0.9944154440269098,True,outward,right_upper,0.5518369078636169
360,375,240,320,-312.3499999999999,18.75,312.91226406134984,176.56472465145657,-6,5,7.810249675906654,6.288823501063484,0.8052013395248399,True,outward,left_middle,0.7379767298698425
360,375,340,420,-212.3499999999999,118.75,243.29834565816506,150.78528195922365,1,0,1.0,-0.8727967279249499,0.8727967279249499,True,inward,left_lower,0.6364657878875732
360,375,860,420,307.6500000000001,118.75,329.7727778334653,21.106118235364853,-8,-6,10.0,-9.62389928256211,0.9623899282562111,True,inward,right_lower,0.5560358762741089
360,375,760,510,207.6500000000001,208.75,294.4402910608533,45.151357374776396,-5,-1,5.0990195135927845,-4.235154079990626,0.8305820498824732,True,inward,right_lower,0.6829177737236023
360,375,520,570,-32.34999999999991,268.75,270.690016439469,96.86378920569395,2,-8,8.246211251235321,-8.18168334810104,0.9921748423405214,True,inward,left_lower,0.5875502228736877
375,390,880,260,327.6500000000001,-41.25,330.23640774451275,-7.17558820823815,1,-1,1.4142135623730951,1.117078527227075,0.789893801720146,True,outward,right_middle,0.8563477993011475
375,390,780,290,227.6500000000001,-11.25,227.92780655286455,-2.8291393448281092,-6,4,7.211102550927978,-6.190117920837196,0.858414906336425,True,inward,right_middle,0.5509780049324036
375,390,230,340,-322.3499999999999,38.75,324.6707332051966,173.1453118688653,3,1,3.1622776601683795,-2.8592044340913865,0.9041598307781564,True,inward,left_middle,0.6393033862113953
375,390,750,550,197.6500000000001,248.75,317.71384137301925,51.530299196675344,-1,-6,6.082762530298219,-5.319724166551625,0.874557265724923,True,inward,right_lower,0.6890665888786316
390,405,920,150,367.6500000000001,-151.25,397.54633063329874,-22.36210469286778,7,-8,10.63014581273465,9.517255495661939,0.8953080854507662,True,outward,right_upper,0.7200063467025757
390,405,930,150,377.6500000000001,-151.25,406.81210036084235,-21.82625530952908,7,-4,8.06225774829855,7.985381941978955,0.9904647297668177,True,outward,right_upper,0.6379856467247009
390,405,240,350,-312.3499999999999,48.75,316.13143627295267,171.1291336127193,-1,1,1.4142135623730951,1.1422464157858085,0.8076901863881738,True,outward,left_middle,0.6386367082595825
390,405,310,440,-242.3499999999999,138.75,279.25809746540915,150.20803919063533,-4,7,8.06225774829855,6.949306099316894,0.8619553376079385,True,outward,left_lower,0.7021867036819458
405,420,800,40,247.6500000000001,-261.25,359.9751171956196,-46.53082565702778,-4,4,5.656854249492381,-5.654835300446069,0.9996430968596208,True,inward,right_upper,0.5770163536071777
405,420,270,60,-282.3499999999999,-241.25,371.3799738811989,-139.48823124495635,-1,0,1.0,0.7602725506419501,0.7602725506419501,True,outward,left_upper,0.6300827264785767
405,420,920,160,367.6500000000001,-141.25,393.85033324855783,-21.01662188566774,-1,0,1.0,-0.9334764222935854,0.9334764222935854,True,inward,right_upper,0.7010666131973267
405,420,940,180,387.6500000000001,-121.25,406.1700198192871,-17.368751140331867,-3,2,3.605551275463989,-3.4602504651261854,0.9597008059969677,True,inward,right_upper,0.7149496674537659
405,420,690,250,137.6500000000001,-51.25,146.8811934864366,-20.421360779375313,-3,5,5.830951894845301,-4.5560631971702765,0.7813583921345577,True,inward,right_middle,0.7177560329437256
405,420,740,320,187.6500000000001,18.75,188.58442406519166,5.7060584497755835,-3,-2,3.605551275463989,-3.183985119536866,0.8830785852926546,True,inward,right_middle,0.6038520932197571
405,420,560,490,7.650000000000091,188.75,188.90496287816262,87.67908371256114,-1,7,7.0710678118654755,6.953761192855627,0.9834103388440139,True,outward,right_lower,0.6509690880775452
405,420,840,550,287.6500000000001,248.75,380.2881604783405,40.85214235002458,-1,0,1.0,-0.7564000931246013,0.7564000931246013,True,inward,right_lower,0.6542066931724548
405,420,390,580,-162.3499999999999,278.75,322.5819043281876,120.21744261923365,1,-1,1.4142135623730951,-1.3674046624488727,0.9669011094436999,True,inward,left_lower,0.5544717907905579
420,435,280,110,-272.3499999999999,-191.25,332.7928559930335,-144.92264797554117,1,0,1.0,-0.8183769425798645,0.8183769425798645,True,inward,left_upper,0.5744546055793762
420,435,950,180,397.6500000000001,-121.25,415.72477073179084,-16.957322665894505,1,-1,1.4142135623730951,1.2481815771684528,0.8825976573679328,True,outward,right_upper,0.586790919303894
420,435,870,240,317.6500000000001,-61.25,323.501290569296,-10.913957034629416,3,-1,3.1622776601683795,3.1350725006852866,0.9913969731925297,True,outward,right_middle,0.8430325388908386
420,435,180,250,-372.3499999999999,-51.25,375.8604594793125,-172.16308942819774,7,6,9.219544457292887,-7.7527442073496005,0.8409031751256417,True,inward,left_middle,0.6255781054496765
420,435,210,250,-342.3499999999999,-51.25,346.1648234584212,-171.48601207024964,-4,0,4.0,3.955918993497853,0.9889797483744632,True,outward,left_middle,0.692865252494812
420,435,210,260,-342.3499999999999,-41.25,344.826166350525,-173.1295108079063,4,-2,4.47213595499958,-3.7320253669259875,0.8345062414200103,True,inward,left_middle,0.7279291749000549
420,435,760,280,207.6500000000001,-21.25,208.73448445333617,-5.8430607983315594,-6,-4,7.211102550927978,-5.561610976932403,0.7712566750581982,True,inward,right_middle,0.724937915802002
420,435,320,330,-232.3499999999999,28.75,234.12194472112168,172.94631686732455,-3,0,3.0,2.9772945924838554,0.9924315308279518,True,outward,left_middle,0.7804157733917236
420,435,740,380,187.6500000000001,78.75,203.50450854956514,22.7660521954888,-1,0,1.0,-0.9220925931196087,0.9220925931196087,True,inward,right_middle,0.6257582902908325
420,435,380,410,-172.3499999999999,108.75,203.79176872484317,147.74875203957572,-3,8,8.54400374531753,6.806212089325234,0.7966068709947981,True,outward,left_lower,0.5753040313720703
420,435,560,450,7.650000000000091,148.75,148.94658438514125,87.05595365001234,1,2,2.23606797749979,2.0487210315004813,0.9162158986737128,True,outward,right_lower,0.6034148931503296
420,435,600,450,47.65000000000009,148.75,156.19566255181354,72.23785993699325,-2,-4,4.47213595499958,-4.419456908869108,0.9882206071862418,True,inward,right_lower,0.5839175581932068
420,435,540,460,-12.349999999999909,158.75,159.2296611815776,94.44838137121909,0,-2,2.0,-1.9939752282581245,0.9969876141290622,True,inward,left_lower,0.596945583820343
420,435,620,470,67.65000000000009,168.75,181.80507418661344,68.15469916363634,-2,6,6.324555320336759,4.824947840012428,0.7628912382974489,True,outward,right_lower,0.6438895463943481
420,435,600,480,47.65000000000009,178.75,184.99212145386085,75.07357052833807,-2,5,5.385164807134504,4.316129755823912,0.8014851746237577,True,outward,right_lower,0.6206420063972473
420,435,610,480,57.65000000000009,178.75,187.81662599461214,72.12458132869098,1,8,8.06225774829855,7.920757771693098,0.9824490879573636,True,outward,right_lower,0.6128203868865967
420,435,630,480,77.65000000000009,178.75,194.88736490598873,66.51960392258879,2,5,5.385164807134504,5.38285281093543,0.9995706730839489,True,outward,right_lower,0.5800743699073792
420,435,560,490,7.650000000000091,188.75,188.90496287816262,87.67908371256114,2,6,6.324555320336759,6.076071176278692,0.9607112071169557,True,outward,right_lower,0.550362229347229
420,435,540,510,-12.349999999999909,208.75,209.11500424407618,93.38576788109097,-5,-8,9.433981132056603,-7.690744171197171,0.8152172517140271,True,inward,left_lower,0.5799236297607422
420,435,560,530,7.650000000000091,228.75,228.87788228660278,88.08459270583403,0,-8,8.0,-7.995530112902997,0.9994412641128746,True,inward,right_lower,0.7264107465744019
420,435,550,540,-2.349999999999909,238.75,238.7615651649151,90.5639402463726,3,8,8.54400374531753,7.970085129428653,0.9328279067991504,True,outward,left_lower,0.604036271572113
435,450,510,70,-42.34999999999991,-231.25,235.09590596180104,-100.37787078250226,4,-8,8.94427190999916,7.14857195460081,0.7992346416267976,True,outward,left_upper,0.5501199960708618
435,450,210,90,-342.3499999999999,-211.25,402.28110196726857,-148.3229838913227,-4,-6,7.211102550927978,6.554869187502996,0.908996806134655,True,outward,left_upper,0.5546771287918091
435,450,350,100,-202.3499999999999,-201.25,285.3893568442943,-135.1561575852584,2,7,7.280109889280518,-6.354301435948085,0.8728304287417935,True,inward,left_upper,0.5579619407653809
435,450,480,110,-72.34999999999991,-191.25,204.47759045919918,-110.72166319312477,0,1,1.0,-0.9353103172357727,0.9353103172357727,True,inward,left_upper,0.7227624654769897
435,450,220,250,-332.3499999999999,-51.25,336.278285055696,-171.23375918201134,-7,2,7.280109889280518,6.613421379949223,0.9084232903801425,True,outward,left_middle,0.5552023649215698
435,450,770,280,217.6500000000001,-21.25,218.6848988842166,-5.5763318591905895,7,0,7.0,6.966873377053113,0.9952676252933018,True,outward,right_middle,0.6925386786460876
435,450,270,310,-282.3499999999999,8.75,282.4855483029175,178.2249772536755,4,1,4.123105625617661,-3.9671055979058227,0.9621644357732242,True,inward,left_middle,0.5664777755737305
435,450,360,330,-192.3499999999999,28.75,194.4867219118055,171.49909680341648,-1,0,1.0,0.9890135332078118,0.9890135332078118,True,outward,left_middle,0.6410323977470398
435,450,760,340,207.6500000000001,38.75,211.23466808268012,10.570501536141556,-8,-3,8.54400374531753,-8.414575202704334,0.9848515348926282,True,inward,right_middle,0.6942955851554871
435,450,330,390,-222.3499999999999,88.75,239.407779739924,158.2408096183106,3,1,3.1622776601683795,-2.4155438917992753,0.7638620486193033,True,inward,left_middle,0.6360026001930237
435,450,340,390,-212.3499999999999,88.75,230.15013578097225,157.31789764485768,3,1,3.1622776601683795,-2.382357925357916,0.7533677245884425,True,inward,left_middle,0.7212218642234802
435,450,280,400,-272.3499999999999,98.75,289.6999913703829,160.07011955815327,1,-1,1.4142135623730951,-1.280980362631584,0.9057899009835958,True,inward,left_middle,0.58417809009552
435,450,350,410,-202.3499999999999,108.75,229.72175560882334,151.7448538135706,-2,2,2.8284271247461903,2.7084940142086475,0.9575972421250539,True,outward,left_lower,0.7276942133903503
435,450,320,450,-232.3499999999999,148.75,275.8860000072493,147.372710505848,-3,4,5.0,4.68327497577278,0.936654995154556,True,outward,left_lower,0.6910756230354309
435,450,610,460,57.65000000000009,158.75,168.89370917828765,70.04152934302896,3,5,5.830951894845301,5.723718217234083,0.9816095760100483,True,outward,right_lower,0.5967036485671997
435,450,240,470,-312.3499999999999,168.75,355.01983747390784,151.61945123921237,3,-3,4.242640687119285,-4.065406627048199,0.9582255314221706,True,inward,left_lower,0.6003357768058777
435,450,630,530,77.65000000000009,228.75,241.57004160284447,71.25003632016318,0,-1,1.0,-0.94693033325746,0.94693033325746,True,inward,right_lower,0.6726382970809937
435,450,740,530,187.6500000000001,228.75,295.8700474870683,50.637016518798546,3,3,4.242640687119285,4.222123904092047,0.9951641478644357,True,outward,right_lower,0.6832739114761353
435,450,550,540,-2.349999999999909,238.75,238.7615651649151,90.5639402463726,3,7,7.615773105863909,6.9701335675636065,0.9152233753125891,True,outward,left_lower,0.5769530534744263
450,465,760,230,207.6500000000001,-71.25,219.53379010985992,-18.93839921189059,-5,-1,5.0990195135927845,-4.404788891569224,0.8638501735141618,True,inward,right_middle,0.6938221454620361
450,465,880,260,327.6500000000001,-41.25,330.23640774451275,-7.17558820823815,-2,0,2.0,-1.9843360230195235,0.9921680115097617,True,inward,right_middle,0.7965167164802551
450,465,780,290,227.6500000000001,-11.25,227.92780655286455,-2.8291393448281092,-6,4,7.211102550927978,-6.190117920837196,0.858414906336425,True,inward,right_middle,0.671179473400116
450,465,660,450,107.65000000000009,148.75,183.61667952558128,54.106835386696616,-2,-2,2.8284271247461903,-2.7927746069961876,0.9873949314662996,True,inward,right_lower,0.8431901335716248
450,465,810,460,257.6500000000001,158.75,302.63027773175645,31.639130302168564,5,5,7.0710678118654755,6.879681754267267,0.9729339241695495,True,outward,right_lower,0.5503987669944763
450,465,640,480,87.65000000000009,178.75,199.0831107854205,63.878993485923424,0,1,1.0,0.897866219262887,0.897866219262887,True,outward,right_lower,0.5796882510185242
450,465,380,570,-172.3499999999999,268.75,319.2664796059868,122.672147188101,0,1,1.0,0.8417733058969104,0.8417733058969104,True,outward,left_lower,0.776853084564209
465,480,810,120,257.6500000000001,-181.25,315.01600752977623,-35.12537857593934,-4,4,5.656854249492381,-5.573050124552975,0.9851853837409855,True,inward,right_upper,0.5931289792060852
465,480,230,150,-322.3499999999999,-151.25,356.0703371526473,-154.86353796659552,6,0,6.0,-5.431791975333376,0.9052986625555627,True,inward,left_upper,0.5947269797325134
465,480,770,270,217.6500000000001,-31.25,219.88197970729672,-8.170638337529326,-6,-2,6.324555320336759,-5.654851760272462,0.894110569653672,True,inward,right_middle,0.7247397303581238
465,480,300,280,-252.3499999999999,-21.25,253.2431341616194,-175.18656776426104,6,3,6.708203932499369,-6.230573654932805,0.9287990820832712,True,inward,left_middle,0.6235722899436951
465,480,300,290,-252.3499999999999,-11.25,252.6006433087611,-177.44739051327716,4,-1,4.123105625617661,-3.951494291247437,0.9583781377551988,True,inward,left_middle,0.6583389639854431
465,480,960,290,407.6500000000001,-11.25,407.80520472402026,-1.5808020515146797,8,4,8.94427190999916,7.886608514907368,0.8817496375630769,True,outward,right_middle,0.7346766591072083
465,480,350,300,-202.3499999999999,-1.25,202.3538608477732,-179.6460646730995,1,0,1.0,-0.9999809203157424,0.9999809203157424,True,inward,left_middle,0.6708657145500183
465,480,890,300,337.6500000000001,-1.25,337.6523137785377,-0.21211134963908002,5,-1,5.0990195135927845,5.0036677702381285,0.9812999846145969,True,outward,right_middle,0.6843326687812805
465,480,720,410,167.6500000000001,108.75,199.8326424786502,32.97037908991019,2,7,7.280109889280518,5.487341739561662,0.7537443559253703,True,outward,right_lower,0.6207284331321716
465,480,400,420,-152.3499999999999,118.75,193.16336350353805,142.06518151191764,-1,0,1.0,0.7887106397234039,0.7887106397234039,True,outward,left_lower,0.6130383014678955
465,480,760,440,207.6500000000001,138.75,249.74003483622732,33.75051615759954,5,3,5.830951894845301,5.824056206902597,0.9988173992742421,True,outward,right_lower,0.67582106590271
465,480,420,500,-132.3499999999999,198.75,238.78459958715925,123.6601202602466,5,-2,5.385164807134504,-4.436006349787062,0.823745699279258,True,inward,left_lower,0.583049476146698
480,495,280,50,-272.3499999999999,-251.25,370.5416103489593,-137.307653123197,-3,-6,6.708203932499369,6.273384513579579,0.9351809480905594,True,outward,left_upper,0.6628746390342712
480,495,280,60,-272.3499999999999,-241.25,363.83524430709014,-138.46519791440397,-3,-7,7.615773105863909,6.8871832490340426,0.9043314648818943,True,outward,left_upper,0.5709671974182129
480,495,950,160,397.6500000000001,-141.25,421.9918067925017,-19.555642221093617,-8,-1,8.06225774829855,-7.203812849131404,0.8935230147723434,True,inward,right_upper,0.556522011756897
480,495,930,170,377.6500000000001,-131.25,399.80755995853815,-19.164589848145056,4,1,4.123105625617661,3.450034812105717,0.8367563495511676,True,outward,right_upper,0.5559027194976807
480,495,930,180,377.6500000000001,-121.25,396.63722089587117,-17.79997933597104,3,1,3.1622776601683795,2.5506935474056305,0.806600122289646,True,outward,right_upper,0.6337438821792603
480,495,290,240,-262.3499999999999,-61.25,269.40505748779094,-166.8587287773561,1,1,1.4142135623730951,-1.201165275134692,0.8493521113735457,True,inward,left_middle,0.6078328490257263
480,495,870,240,317.6500000000001,-61.25,323.501290569296,-10.913957034629416,1,0,1.0,0.981912620629739,0.981912620629739,True,outward,right_middle,0.8304541707038879
480,495,870,250,317.6500000000001,-51.25,321.7578048781413,-9.165182515933038,1,0,1.0,0.9872332393624548,0.9872332393624548,True,outward,right_middle,0.7490381002426147
480,495,890,260,337.6500000000001,-41.25,340.1603812909435,-6.965191529336412,-1,1,1.4142135623730951,-1.1138863337406777,0.787636580059055,True,inward,right_middle,0.840247631072998
480,495,300,280,-252.3499999999999,-21.25,253.2431341616194,-175.18656776426104,-2,1,2.23606797749979,1.909034973842421,0.8537463945872372,True,outward,left_middle,0.647645115852356
480,495,870,320,317.6500000000001,18.75,318.2028991068436,3.3780915331054997,6,2,6.324555320336759,6.107423928112803,0.9656685124524463,True,outward,right_middle,0.5913918614387512
480,495,750,330,197.6500000000001,28.75,199.7300302908905,8.276150898734826,8,0,8.0,7.9166863275247685,0.9895857909405961,True,outward,right_middle,0.5736932754516602
480,495,860,330,307.6500000000001,28.75,308.9904286543518,5.338805438222022,-7,-1,7.0710678118654755,-7.062678315001151,0.9988135459752986,True,inward,right_middle,0.739823043346405
480,495,750,350,197.6500000000001,48.75,203.57329147017305,13.855349548557442,-7,1,7.0710678118654755,-6.556852278411835,0.9272789418606946,True,inward,right_middle,0.7186089158058167
480,495,740,380,187.6500000000001,78.75,203.50450854956514,22.7660521954888,-5,-1,5.0990195135927845,-4.997432279257351,0.9800771042227578,True,inward,right_middle,0.5589269399642944
480,495,840,380,287.6500000000001,78.75,298.2349493268689,15.310722753473803,2,0,2.0,1.9290160368477298,0.9645080184238649,True,outward,right_middle,0.6909126043319702
480,495,350,400,-202.3499999999999,98.75,225.16013190616133,153.98689228259184,-6,5,7.810249675906654,7.585046187092172,0.971165647942191,True,outward,left_middle,0.728285551071167
480,495,390,410,-162.3499999999999,108.75,195.40748450353678,146.18388277567388,-3,1,3.1622776601683795,3.049013201893073,0.9641826333904925,True,outward,left_lower,0.6235358119010925
480,495,400,420,-152.3499999999999,118.75,193.16336350353805,142.06518151191764,-1,2,2.23606797749979,2.0182398614779724,0.9025843050329011,True,outward,left_lower,0.6433138847351074
480,495,850,430,297.6500000000001,128.75,324.30245913344544,23.39113775622949,1,0,1.0,0.9178160436875433,0.9178160436875433,True,outward,right_lower,0.7910040020942688
480,495,260,440,-292.3499999999999,138.75,323.6048284559425,154.61087370664336,-8,7,10.63014581273465,10.22867926845736,0.9622332043840507,True,outward,left_lower,0.5933692455291748
480,495,810,460,257.6500000000001,158.75,302.63027773175645,31.639130302168564,7,8,10.63014581273465,10.156121928831968,0.9554075840300504,True,outward,right_lower,0.5750813484191895
480,495,780,550,227.6500000000001,248.75,337.19591486256184,47.53600203761396,2,4,4.47213595499958,4.3010604105068415,0.9617463453226448,True,outward,right_lower,0.5917523503303528
495,510,350,20,-202.3499999999999,-281.25,346.4781161920619,-125.73375719795753,-3,-6,6.708203932499369,6.622496177299897,0.9872234422116712,True,outward,left_upper,0.5584738254547119
495,510,360,20,-192.3499999999999,-281.25,340.7346254785386,-124.36865811752568,-8,-6,10.0,9.468659064129103,0.9468659064129102,True,outward,left_upper,0.6170276999473572
495,510,920,70,367.6500000000001,-231.25,434.3306171570225,-32.16968626581451,-5,6,7.810249675906654,-7.426945908429483,0.9509229815456988,True,inward,right_upper,0.7098469734191895
495,510,270,130,-282.3499999999999,-171.25,330.2242949875129,-148.76248747709656,-4,-1,4.123105625617661,3.938686582854791,0.9552718121949052,True,outward,left_upper,0.7720049619674683
495,510,890,150,337.6500000000001,-151.25,369.9784926181522,-24.129948753192995,-1,0,1.0,-0.9126206164326484,0.9126206164326484,True,inward,right_upper,0.6454430818557739
495,510,970,150,417.6500000000001,-151.25,444.19374714194265,-19.90761805502185,-6,8,10.0,-8.365493715094058,0.8365493715094058,True,inward,right_upper,0.5976758599281311
495,510,890,160,337.6500000000001,-141.25,366.0042144566099,-22.701147459208443,5,-5,7.0710678118654755,6.542274393083172,0.9252173175464431,True,outward,right_upper,0.7550729513168335
495,510,260,180,-292.3499999999999,-121.25,316.4965797603506,-157.4741321025365,4,6,7.211102550927978,-5.9934296965746725,0.8311391571880216,True,inward,left_upper,0.6199327111244202
495,510,950,210,397.6500000000001,-91.25,407.9853980230176,-12.92409181968236,2,1,2.23606797749979,1.7256745055377676,0.7717451002841571,True,outward,right_middle,0.8189252018928528
495,510,350,220,-202.3499999999999,-81.25,218.0529408194257,-158.12296061655127,3,0,3.0,-2.783956949714844,0.927985649904948,True,inward,left_middle,0.6206055283546448
495,510,310,250,-242.3499999999999,-51.25,247.70967885813417,-168.05952185435106,-7,-8,10.63014581273465,8.503704860101104,0.7999612620472127,True,outward,left_middle,0.5651661157608032
495,510,770,250,217.6500000000001,-51.25,223.60251563880055,-13.25005686256036,1,0,1.0,0.9733790309925854,0.9733790309925854,True,outward,right_middle,0.6990785002708435
495,510,910,250,357.6500000000001,-51.25,361.3033144049471,-8.154771742589423,-4,-1,4.123105625617661,-3.8177064671320204,0.9259298242111151,True,inward,right_middle,0.8686445355415344
495,510,920,250,367.6500000000001,-51.25,371.2049097196858,-7.935828320540035,-8,0,8.0,-7.923386579722338,0.9904233224652923,True,inward,right_middle,0.7791436910629272
495,510,870,260,317.6500000000001,-41.25,320.3171631367886,-7.399018743031191,6,-1,6.082762530298219,6.078818821108525,0.9993516582029874,True,outward,right_middle,0.5786997675895691
495,510,840,280,287.6500000000001,-21.25,288.433848568437,-4.225022294454694,-7,3,7.615773105863909,-7.201997998189584,0.9456686666051368,True,inward,right_middle,0.5748987793922424
495,510,310,290,-242.3499999999999,-11.25,242.61097460749784,-177.34221115807622,-3,0,3.0,2.996772924952136,0.9989243083173788,True,outward,left_middle,0.6496058702468872
495,510,740,300,187.6500000000001,-1.25,187.65416328981362,-0.3816608850637868,-5,-3,5.830951894845301,-4.979905500720259,0.8540467475169213,True,inward,right_middle,0.674690306186676
495,510,740,310,187.6500000000001,8.75,187.85389269323124,2.669731901520526,-5,-3,5.830951894845301,-5.134309362303426,0.8805267913189744,True,inward,right_middle,0.6840548515319824
495,510,780,310,227.6500000000001,8.75,227.81809629614597,2.201148284170952,-5,0,5.0,-4.99631073433413,0.9992621468668259,True,inward,right_middle,0.5841345191001892
495,510,860,310,307.6500000000001,8.75,307.7744060184343,1.6291336146351327,-4,0,4.0,-3.9983831531667153,0.9995957882916788,True,inward,right_middle,0.6418730616569519
495,510,740,330,187.6500000000001,28.75,189.83962968779736,8.71059549236031,-8,-3,8.54400374531753,-8.362058030826637,0.9787048648485661,True,inward,right_middle,0.673690140247345
495,510,860,330,307.6500000000001,28.75,308.9904286543518,5.338805438222022,-6,-2,6.324555320336759,-6.16006135947083,0.973991221116053,True,inward,right_middle,0.6927460432052612
495,510,730,340,177.6500000000001,38.75,181.82707444162443,12.304937129622742,-5,-5,7.0710678118654755,-5.9507089542232965,0.8415573308797603,True,inward,right_middle,0.7834268808364868
495,510,740,340,187.6500000000001,38.75,191.60919863096353,11.667659918862114,-8,-3,8.54400374531753,-8.44140057761624,0.9879912075462841,True,inward,right_middle,0.7510672807693481
495,510,830,350,277.6500000000001,48.75,281.8972951271439,9.958529045383735,-8,-1,8.06225774829855,-8.052400782973768,0.9987773939220858,True,inward,right_middle,0.5736003518104553
495,510,110,370,-442.3499999999999,68.75,447.66068064997614,171.16577354025378,8,-6,10.0,-8.826551383210496,0.8826551383210497,True,inward,left_middle,0.6830397844314575
495,510,740,380,187.6500000000001,78.75,203.50450854956514,22.7660521954888,-6,-2,6.324555320336759,-6.306494186036268,0.9971442839242128,True,inward,right_middle,0.6714770793914795
495,510,240,390,-312.3499999999999,88.75,324.7138509518803,164.1382227454022,1,0,1.0,-0.9619238572187898,0.9619238572187898,True,inward,left_middle,0.596368670463562
495,510,270,440,-282.3499999999999,138.75,314.5998808009945,153.82997352638074,-5,7,8.602325267042627,7.574700899226998,0.8805410937258231,True,outward,left_lower,0.5670735239982605
495,510,310,440,-242.3499999999999,138.75,279.25809746540915,150.20803919063533,-1,0,1.0,0.8678351754151697,0.8678351754151697,True,outward,left_lower,0.6612235307693481
495,510,860,440,307.6500000000001,138.75,337.4908665430815,24.275351487159725,-8,-5,9.433981132056603,-9.348252983306333,0.9909128344067843,True,inward,right_lower,0.6872488260269165
495,510,260,450,-292.3499999999999,148.75,328.01689743060484,153.0326468046488,-6,2,6.324555320336759,6.25455583560001,0.9889321096596841,True,outward,left_lower,0.7492231726646423
495,510,270,450,-282.3499999999999,148.75,319.13646767488035,152.2184646622221,-6,1,6.082762530298219,5.7744889307899445,0.9493201324278623,True,outward,left_lower,0.6915466785430908
495,510,280,450,-272.3499999999999,148.75,310.3241611605515,151.35785956625435,-8,0,8.0,7.021045321935986,0.8776306652419983,True,outward,left_lower,0.6732900142669678
495,510,670,450,117.65000000000009,148.75,189.65253755223003,51.658668732489474,-3,-2,3.605551275463989,-3.4296931029507967,0.951225718599561,True,inward,right_lower,0.7528643012046814
495,510,860,450,307.6500000000001,148.75,341.72369686634266,25.80395183089169,4,0,4.0,3.6011550012035634,0.9002887503008908,True,outward,right_lower,0.597959578037262
495,510,650,460,97.65000000000009,158.75,186.37887487588293,58.403574461018195,0,-1,1.0,-0.8517596219298883,0.8517596219298883,True,inward,right_lower,0.5893539786338806
495,510,770,460,217.6500000000001,158.75,269.3939216092302,36.10633944908563,-1,-3,3.1622776601683795,-2.575781947324476,0.8145337709489194,True,inward,right_lower,0.5694635510444641
495,510,560,490,7.650000000000091,188.75,188.90496287816262,87.67908371256114,1,5,5.0990195135927845,5.0363949443383405,0.9877183115131248,True,outward,right_lower,0.5842697024345398
495,510,560,500,7.650000000000091,198.75,198.89717192559576,87.79574113913858,4,7,8.06225774829855,7.148668763032446,0.8866832326888946,True,outward,right_lower,0.6577345132827759
495,510,550,520,-2.349999999999909,218.75,218.7626224929661,90.61549669697774,2,6,6.324555320336759,5.978169328455778,0.9452315658039755,True,outward,left_lower,0.6093757152557373
495,510,550,540,-2.349999999999909,238.75,238.7615651649151,90.5639402463726,1,8,8.06225774829855,7.989770039756467,0.9910090063100029,True,outward,left_lower,0.5791429877281189
510,525,900,40,347.6500000000001,-261.25,434.87019327610864,-36.92391669208765,7,-6,9.219544457292887,9.200561597146866,0.997941019728908,True,outward,right_upper,0.5702771544456482
510,525,930,130,377.6500000000001,-171.25,414.6638216676252,-24.39249562775742,-8,7,10.63014581273465,-10.176798118121122,0.957352636304346,True,inward,right_upper,0.7483347654342651
510,525,340,160,-212.3499999999999,-141.25,255.0374188231993,-146.36912552624386,-8,-3,8.54400374531753,8.32250424190273,0.9740754440169584,True,outward,left_upper,0.6596656441688538
510,525,180,200,-372.3499999999999,-101.25,385.8705547201029,-164.78785703040322,5,3,5.830951894845301,-5.611985608932451,0.9624475917720362,True,inward,left_upper,0.636137843132019
510,525,920,220,367.6500000000001,-81.25,376.52102862921225,-12.461961150394163,-5,4,6.4031242374328485,-5.74536303556716,0.8972749586802646,True,inward,right_middle,0.6821458339691162
510,525,880,260,327.6500000000001,-41.25,330.23640774451275,-7.17558820823815,2,0,2.0,1.9843360230195235,0.9921680115097617,True,outward,right_middle,0.8143193125724792
510,525,120,290,-432.3499999999999,-11.25,432.49634102498476,-178.5094666272509,4,-3,5.0,-3.920611203279623,0.7841222406559246,True,inward,left_middle,0.626062273979187
510,525,910,310,357.6500000000001,8.75,357.757019497871,1.401476531600124,-5,2,5.385164807134504,-4.949588417539179,0.9191154950321568,True,inward,right_middle,0.7485195994377136
510,525,910,320,357.6500000000001,18.75,358.1411523408055,3.0010157235828725,-6,3,6.708203932499369,-5.83471066182168,0.8697873112584042,True,inward,right_middle,0.767402172088623
510,525,920,320,367.6500000000001,18.75,368.1278106853652,2.9195319382050346,4,-1,4.123105625617661,3.9438748115688567,0.9565301424889026,True,outward,right_middle,0.5677380561828613
510,525,330,330,-222.3499999999999,28.75,224.20099241528786,172.6324951466058,-8,4,8.94427190999916,8.446885000812621,0.9443904529970193,True,outward,left_middle,0.5690006613731384
510,525,920,330,367.6500000000001,28.75,368.7724027093135,4.471394525063203,4,-1,4.123105625617661,3.9098641585079377,0.9482813474908787,True,outward,right_middle,0.6044613122940063
510,525,760,340,207.6500000000001,38.75,211.23466808268012,10.570501536141556,-7,-3,7.615773105863909,-7.43154527733847,0.975809701002832,True,inward,right_middle,0.7477484345436096
510,525,740,350,187.6500000000001,48.75,193.8790473465352,14.563061647319754,-7,-5,8.602325267042627,-8.032327481042943,0.933739103288332,True,inward,right_middle,0.729956328868866
510,525,870,360,317.6500000000001,58.75,323.0372811302127,10.478558446208204,-3,-2,3.605551275463989,-3.313704214742056,0.9190561890748937,True,inward,right_middle,0.7802876234054565
510,525,850,370,297.6500000000001,68.75,305.4866363689254,13.00586311108175,1,1,1.4142135623730951,1.1993978013411748,0.8481023186685802,True,outward,right_middle,0.6874188184738159
510,525,740,380,187.6500000000001,78.75,203.50450854956514,22.7660521954888,-6,1,6.082762530298219,-5.145586245058344,0.8459291677799678,True,inward,right_middle,0.678148090839386
510,525,840,380,287.6500000000001,78.75,298.2349493268689,15.310722753473803,8,-3,8.54400374531753,6.923903468257813,0.8103816050001617,True,outward,right_middle,0.5960207581520081
510,525,270,400,-282.3499999999999,98.75,299.1205191891722,160.72306132293167,-3,1,3.1622776601683795,3.161936207398227,0.9998920231532944,True,outward,left_middle,0.6049432158470154
510,525,880,430,327.6500000000001,128.75,352.0384709090756,21.45233494307365,3,2,3.605551275463989,3.5236205770260356,0.9772765127497985,True,outward,right_lower,0.6158063411712646
510,525,870,440,317.6500000000001,138.75,346.6310502537245,23.595778167755824,4,3,5.0,4.866413435164773,0.9732826870329546,True,outward,right_lower,0.6416036486625671
510,525,660,470,107.65000000000009,168.75,200.1626463653996,57.4651408794328,0,1,1.0,0.8430643932032383,0.8430643932032383,True,outward,right_lower,0.6341016888618469
510,525,810,540,257.6500000000001,238.75,351.2621314630999,42.819566034289636,-2,-1,2.23606797749979,-2.1466874236035127,0.9600278011242681,True,inward,right_lower,0.5802463293075562
510,525,770,560,217.6500000000001,258.75,338.1169694055595,49.93081485530616,0,3,3.0,2.295803139856359,0.7652677132854531,True,outward,right_lower,0.6051357984542847
525,540,220,20,-332.3499999999999,-281.25,435.3826879883948,-139.76055059490014,-3,-1,3.1622776601683795,2.936037732474271,0.9284566530814811,True,outward,left_upper,0.6142550110816956
525,540,920,90,367.6500000000001,-211.25,424.0201469270064,-29.88147713972534,7,-1,7.0710678118654755,6.567612459413147,0.928800661251259,True,outward,right_upper,0.6550153493881226
525,540,940,140,387.6500000000001,-161.25,419.85007443133804,-22.58574813683317,7,-2,7.280109889280518,7.231271791751257,0.9932915713811996,True,outward,right_upper,0.7226808071136475
525,540,260,180,-292.3499999999999,-121.25,316.4965797603506,-157.4741321025365,3,-1,3.1622776601683795,-2.3880194868844624,0.7551580675421491,True,inward,left_upper,0.75830078125
525,540,170,200,-382.3499999999999,-101.25,395.5288674673442,-165.1679597918423,8,3,8.54400374531753,-8.50140224032477,0.9950138709833657,True,inward,left_upper,0.5525763630867004
525,540,270,200,-282.3499999999999,-101.25,299.95513831238156,-160.27229402507902,3,-1,3.1622776601683795,-2.4863718094513954,0.7862598027900578,True,inward,left_upper,0.7185858488082886
525,540,950,200,397.6500000000001,-101.25,410.3377694046699,-14.285155209569668,-7,-2,7.280109889280518,-6.29006197441845,0.8640064600783226,True,inward,right_upper,0.5669456720352173
525,540,280,210,-272.3499999999999,-91.25,287.23002106325856,-161.47673891483421,-7,-8,10.63014581273465,9.178880362994356,0.8634764305865199,True,outward,left_middle,0.6897718906402588
525,540,950,210,397.6500000000001,-91.25,407.9853980230176,-12.92409181968236,8,4,8.94427190999916,6.90269802215107,0.7717451002841571,True,outward,right_middle,0.8010473847389221
525,540,160,230,-392.3499999999999,-71.25,398.7669557523541,-169.70736230571637,4,1,4.123105625617661,-4.114307808942151,0.9978662160336501,True,inward,left_middle,0.6710371375083923
525,540,200,230,-352.3499999999999,-71.25,359.481689380697,-168.56816179607506,-5,-3,5.830951894845301,5.4954120289223205,0.9424553877353018,True,outward,left_middle,0.6704651713371277
525,540,210,250,-342.3499999999999,-51.25,346.1648234584212,-171.48601207024964,-6,1,6.082762530298219,5.78582762971168,0.951184203047956,True,outward,left_middle,0.6673159599304199
525,540,920,250,367.6500000000001,-51.25,371.2049097196858,-7.935828320540035,-6,-1,6.082762530298219,-5.8044760281513454,0.9542499808663037,True,inward,right_middle,0.6897784471511841
525,540,960,280,407.6500000000001,-21.25,408.20348479649226,-2.9840164175663655,5,3,5.830951894845301,4.837048368130363,0.8295469514002384,True,outward,right_middle,0.7191223502159119
525,540,310,290,-242.3499999999999,-11.25,242.61097460749784,-177.34221115807622,-8,-7,10.63014581273465,8.315988191647318,0.7823023633114206,True,outward,left_middle,0.5635837912559509
525,540,720,310,167.6500000000001,8.75,167.87818500329348,2.9876742997809824,1,0,1.0,0.9986407703699626,0.9986407703699626,True,outward,right_middle,0.7138298153877258
525,540,250,320,-302.3499999999999,18.75,302.9308254370954,176.45139119489488,-8,5,9.433981132056603,8.294137766847166,0.8791768449338682,True,outward,left_middle,0.7923111915588379
525,540,230,330,-322.3499999999999,28.75,323.629549021717,174.9033453651259,6,-3,6.708203932499369,-6.242785944939857,0.9306195827910518,True,inward,left_middle,0.8036527633666992
525,540,220,340,-332.3499999999999,38.75,334.6013822446045,173.349685277196,1,-1,1.4142135623730951,-1.1090808935412997,0.7842386207074884,True,inward,left_middle,0.6183779835700989
525,540,210,350,-342.3499999999999,48.75,345.8035352624376,171.89567277802658,2,-1,2.23606797749979,-2.121002029211093,0.9485409435461997,True,inward,left_middle,0.599992573261261
525,540,240,350,-312.3499999999999,48.75,316.13143627295267,171.1291336127193,-1,0,1.0,0.9880384047928475,0.9880384047928475,True,outward,left_middle,0.6286730766296387
525,540,210,360,-342.3499999999999,58.75,347.35440834974287,170.26243454779333,7,-5,8.602325267042627,-7.744827574755583,0.900317918043357,True,inward,left_middle,0.6356728672981262
525,540,710,370,157.6500000000001,68.75,171.98861880950153,23.561660146196807,6,7,9.219544457292887,8.29793279275499,0.9000371798403901,True,outward,right_middle,0.5899029970169067
525,540,790,410,237.6500000000001,108.75,261.3505021996324,24.589103536091972,2,4,4.47213595499958,3.4830619889326564,0.7788363377099039,True,outward,right_lower,0.6990135908126831
525,540,490,450,-62.34999999999991,148.75,161.28882478336803,112.74146544214794,6,-4,7.211102550927978,-6.008475796767863,0.8332256758704184,True,inward,left_lower,0.7299493551254272
525,540,610,480,57.65000000000009,178.75,187.81662599461214,72.12458132869098,5,4,6.4031242374328485,5.341646378147484,0.8342250095539402,True,outward,right_lower,0.6044430136680603
525,540,790,500,237.6500000000001,198.75,309.80491442196336,39.906208297032194,1,0,1.0,0.7670956428932365,0.7670956428932365,True,outward,right_lower,0.656344473361969
525,540,760,520,207.6500000000001,218.75,301.6124748746312,46.49118093564419,-8,-8,11.313708498984761,-11.309877024874076,0.9996613423342993,True,inward,right_lower,0.6392555236816406
525,540,750,530,197.6500000000001,228.75,302.31123862668426,49.17155035921761,1,6,6.082762530298219,5.193819479331149,0.8538586626488791,True,outward,right_lower,0.8071578145027161
540,555,240,60,-312.3499999999999,-241.25,394.6695896569686,-142.31855232444488,-6,-2,6.324555320336759,5.971070641769649,0.9441091648877714,True,outward,left_upper,0.5789849758148193
540,555,910,150,357.6500000000001,-151.25,388.3169903571051,-22.923476789522685,-6,1,6.082762530298219,-5.915656685244417,0.9725279683003489,True,inward,right_upper,0.7598474025726318
540,555,920,150,367.6500000000001,-151.25,397.54633063329874,-22.36210469286778,8,-7,10.63014581273465,10.061594565916394,0.9465151977372553,True,outward,right_upper,0.7019952535629272
540,555,260,170,-292.3499999999999,-131.25,320.46073862487424,-155.8223907691329,5,8,9.433981132056603,-7.837933628868685,0.8308193030231362,True,inward,left_upper,0.6157506108283997
540,555,260,180,-292.3499999999999,-121.25,316.4965797603506,-157.4741321025365,4,4,5.656854249492381,-5.227228683648657,0.9240522122551988,True,inward,left_upper,0.681750476360321
540,555,960,250,407.6500000000001,-51.25,410.85895998505384,-7.1656645275207245,3,-1,3.1622776601683795,3.101307563175336,0.9807195624340599,True,outward,right_middle,0.664371907711029
540,555,910,260,357.6500000000001,-41.25,360.02095077925685,-6.5792083654122555,-2,2,2.8284271247461903,-2.215982148464363,0.7834680020837428,True,inward,right_middle,0.6005061268806458
540,555,770,290,217.6500000000001,-11.25,217.9405538214493,-2.9588991440298735,1,0,1.0,0.9986668207621091,0.9986668207621091,True,outward,right_middle,0.7876586318016052
540,555,970,290,417.6500000000001,-11.25,417.80148994468664,-1.5429706493799142,7,0,7.0,6.997461881687052,0.9996374116695789,True,outward,right_middle,0.810221254825592
540,555,910,310,357.6500000000001,8.75,357.757019497871,1.401476531600124,-4,2,4.47213595499958,-3.949887557715439,0.8832217082532345,True,inward,right_middle,0.7707609534263611
540,555,910,320,357.6500000000001,18.75,358.1411523408055,3.0010157235828725,-1,0,1.0,-0.9986286068004326,0.9986286068004326,True,inward,right_middle,0.8002032041549683
540,555,750,330,197.6500000000001,28.75,199.7300302908905,8.276150898734826,6,0,6.0,5.937514745643576,0.9895857909405961,True,outward,right_middle,0.6681816577911377
540,555,760,330,207.6500000000001,28.75,209.63083027074055,7.88272280190338,5,0,5.0,4.952754318909528,0.9905508637819056,True,outward,right_middle,0.7226123213768005
540,555,860,330,307.6500000000001,28.75,308.9904286543518,5.338805438222022,-8,-2,8.246211251235321,-8.151385177103698,0.9885006494203726,True,inward,right_middle,0.6353338956832886
540,555,910,330,357.6500000000001,28.75,358.80368587850387,4.595887691864772,-6,1,6.082762530298219,-5.900580410193719,0.9700494439496771,True,inward,right_middle,0.7536439299583435
540,555,300,410,-252.3499999999999,108.75,274.7855254557633,156.6864183500891,-6,5,7.810249675906654,7.488931582501731,0.9588594338544468,True,outward,left_lower,0.578504204750061
540,555,350,410,-202.3499999999999,108.75,229.72175560882334,151.7448538135706,-1,0,1.0,0.880848222075088,0.880848222075088,True,outward,left_lower,0.6688956618309021
540,555,330,430,-222.3499999999999,128.75,256.9359550549513,149.9273542960147,2,-1,2.23606797749979,-2.2318791462150758,0.9981266977002203,True,inward,left_lower,0.6271939277648926
540,555,270,440,-282.3499999999999,138.75,314.5998808009945,153.82997352638074,-4,4,5.656854249492381,5.35410247362902,0.9464805415676869,True,outward,left_lower,0.6575942039489746
540,555,810,470,257.6500000000001,168.75,307.9936444149458,33.22312590334005,-1,-3,3.1622776601683795,-2.4802459851114085,0.7843226470440121,True,inward,right_lower,0.619943380355835
540,555,370,520,-182.3499999999999,218.75,284.786033716543,129.81458695049338,6,-6,8.48528137423857,-8.450554855493259,0.9959074405180315,True,inward,left_lower,0.5855020880699158
540,555,300,530,-252.3499999999999,228.75,340.5981282978519,137.8083503784219,-2,2,2.8284271247461903,2.8250302043896123,0.9987990072903565,True,outward,left_lower,0.6348655819892883
540,555,480,570,-72.34999999999991,268.75,278.31831596213715,105.06734131878392,1,-1,1.4142135623730951,-1.2255751074837764,0.8666124693552101,True,inward,left_lower,0.5918138027191162
555,570,210,80,-342.3499999999999,-221.25,407.62125189935807,-147.12668949016884,-3,-2,3.605551275463989,3.6051849435044483,0.9998983977950796,True,outward,left_upper,0.6306391954421997
555,570,290,100,-262.3499999999999,-201.25,330.64948964122107,-142.50800585501958,-5,-5,7.0710678118654755,7.0104448142811275,0.9914266134624504,True,outward,left_upper,0.5745993256568909
555,570,930,150,377.6500000000001,-151.25,406.81210036084235,-21.82625530952908,5,-6,7.810249675906654,6.872337370299876,0.8799126347394394,True,outward,right_upper,0.5538548231124878
555,570,690,250,137.6500000000001,-51.25,146.8811934864366,-20.421360779375313,-5,3,5.830951894845301,-5.732524225967384,0.983119794048562,True,inward,right_middle,0.738950788974762
555,570,320,330,-232.3499999999999,28.75,234.12194472112168,172.94631686732455,-2,2,2.8284271247461903,2.230461568316576,0.7885872500663164,True,outward,left_middle,0.7266181707382202
555,570,910,330,357.6500000000001,28.75,358.80368587850387,4.595887691864772,-1,0,1.0,-0.9967846320316385,0.9967846320316385,True,inward,right_middle,0.6943791508674622
555,570,770,480,217.6500000000001,178.75,281.6435424432807,39.395327141647435,4,8,8.94427190999916,8.16848126551068,0.9132639691307693,True,outward,right_lower,0.5585019588470459
555,570,760,520,207.6500000000001,218.75,301.6124748746312,46.49118093564419,-6,-8,10.0,-9.932944588068786,0.9932944588068786,True,inward,right_lower,0.6504834294319153
555,570,800,580,247.6500000000001,278.75,372.87006449968607,48.38113569210477,2,2,2.8284271247461903,2.823503681939816,0.9982593001024143,True,outward,right_lower,0.6738011240959167
555,570,1030,580,477.6500000000001,278.75,553.038050228011,30.26725043160738,-1,0,1.0,-0.8636837913830173,0.8636837913830173,True,inward,right_lower,0.7549405097961426
570,585,220,60,-332.3499999999999,-241.25,410.6800275153394,-144.0244260022251,6,2,6.324555320336759,-6.030485619141767,0.9535034976689343,True,inward,left_upper,0.703904926776886
570,585,850,80,297.6500000000001,-221.25,370.87340832149187,-36.624259736916365,2,-2,2.8284271247461903,2.7982593971805674,0.9893340976326799,True,outward,right_upper,0.6833561658859253
570,585,860,130,307.6500000000001,-171.25,352.1009585332026,-29.102019977066604,-6,5,7.810249675906654,-7.6743613856001245,0.9826012872897364,True,inward,right_upper,0.5536139607429504
570,585,920,150,367.6500000000001,-151.25,397.54633063329874,-22.36210469286778,5,-8,9.433981132056603,7.6676597546355945,0.8127703084523817,True,outward,right_upper,0.5803403854370117
570,585,840,230,287.6500000000001,-71.25,296.3428504283511,-13.911978150873532,1,0,1.0,0.9706662387306262,0.9706662387306262,True,outward,right_middle,0.6144593358039856
570,585,850,230,297.6500000000001,-71.25,306.0589567387304,-13.461874619163087,1,0,1.0,0.972525042794586,0.972525042794586,True,outward,right_middle,0.7429882287979126
570,585,290,240,-262.3499999999999,-61.25,269.40505748779094,-166.8587287773561,1,0,1.0,-0.9738124534350631,0.9738124534350631,True,inward,left_middle,0.5849165320396423
570,585,760,280,207.6500000000001,-21.25,208.73448445333617,-5.8430607983315594,-2,-1,2.23606797749979,-1.8878049835991157,0.8442520543180997,True,inward,right_middle,0.7702987790107727
570,585,310,330,-242.3499999999999,28.75,244.0493495176743,173.23461546951117,1,-1,1.4142135623730951,-1.1108409038409117,0.7854831359253022,True,inward,left_middle,0.6955358982086182
570,585,280,450,-272.3499999999999,148.75,310.3241611605515,151.35785956625435,8,-1,8.06225774829855,-7.500382797444513,0.9303079895984951,True,inward,left_lower,0.6639436483383179
570,585,360,520,-192.3499999999999,218.75,291.29037917514535,131.32562781812248,0,-5,5.0,-3.7548442317154476,0.7509688463430895,True,inward,left_lower,0.577068567276001
570,585,450,550,-102.34999999999991,248.75,268.98342885761565,112.36507307031044,-1,-4,4.123105625617661,-3.318605922272326,0.8048801616075948,True,inward,left_lower,0.634197473526001
